registry_kind,name,acronym,record_type,institution_class,institution_subclass,sector_tags,contact_person_name,contact_person_title,email,phone,region,district,city,address,website,source_file,source_sheet,source_row,source_reference,policy_role_code,role_summary
agency,Ofisi ya Rais - Menejimenti ya Utumishi wa Umma na Utawala Bora,,Government,Ministry,Ministry / Office,Cross-sector DRR,,Mhe. Ridhiwani Jakaya Kikwete - Waziri,,,,,,"Waziri, Ofisi ya Rais - Menejimenti ya Utumishi wa Umma na Utawala Bora Mji wa Serikali, Mtumba, Dodoma Tanzania.",,ORODHA YA WASHIRIKI.xlsx,WIZARA,4,Provided invitation workbook / WIZARA row 4,,Imported from the provided invitation/stakeholder workbook; confirm mandate and contacts in System Settings before operational use.
agency,Ofisi ya Rais - Mipango na Uwekezaji,,Government,Ministry,Ministry / Office,Trade/Industry/Private Sector,,Mhe. Prof. Kitila Alexander Mkumbo - Waziri,,,,,,"Waziri, Ofisi ya Rais - Mipango na Uwekezaji Mji wa Serikali, Mtumba, Dodoma Tanzania.",,ORODHA YA WASHIRIKI.xlsx,WIZARA,6,Provided invitation workbook / WIZARA row 6,,Imported from the provided invitation/stakeholder workbook; confirm mandate and contacts in System Settings before operational use.
agency,Ofisi ya Rais - Maendeleo ya Vijana,,Government,Ministry,Ministry / Office,Social Protection/Special Groups,,Mhe. Joel Arthur Nanauka - Waziri,,,,,,"Waziri, Ofisi ya Rais - Maendeleo ya Vijana (Wizara Mpya) Mji wa Serikali, Mtumba, Dodoma Tanzania.",,ORODHA YA WASHIRIKI.xlsx,WIZARA,8,Provided invitation workbook / WIZARA row 8,,Imported from the provided invitation/stakeholder workbook; confirm mandate and contacts in System Settings before operational use.
agency,Ofisi ya Makamu wa Rais - Muungano na Mazingira,,Government,Ministry,Ministry / Office,Environment/Natural Resources,,Mhe. Mhandisi Hamad Yusuf Masauni - Waziri,,,,,,"Waziri, Ofisi ya Makamu wa Rais - Muungano na Mazingira Mji wa Serikali, Mtumba, Dodoma Tanzania.",,ORODHA YA WASHIRIKI.xlsx,WIZARA,9,Provided invitation workbook / WIZARA row 9,,Imported from the provided invitation/stakeholder workbook; confirm mandate and contacts in System Settings before operational use.
agency,"Ofisi ya Waziri Mkuu - Sera, Bunge, Uratibu na Wenye Ulemavu",,Government,Ministry,Ministry / Office,"Social Protection/Special Groups, Disaster Management Coordination",,Mhe. Ummy Hamisi Nderiananga - Naibu Waziri,,,,,,"Naibu Waziri, Ofisi ya Waziri Mkuu - Sera, Bunge, Uratibu na Wenye Ulemavu Mji wa Serikali, Mtumba, Dodoma Tanzania.",,ORODHA YA WASHIRIKI.xlsx,WIZARA,11,Provided invitation workbook / WIZARA row 11,,Imported from the provided invitation/stakeholder workbook; confirm mandate and contacts in System Settings before operational use.
agency,Ofisi ya Waziri Mkuu - Tawala za Mikoa na Serikali za Mitaa (TAMISEMI),TAMISEMI,Government,Ministry,Ministry / Office,"Regional/LGA Governance, Disaster Management Coordination",,Mhe. Prof. Riziki S. Shemdoe - Waziri,,,,,,"Waziri, Ofisi ya Waziri Mkuu - Tawala za Mikoa na Serikali za Mitaa (TAMISEMI) Mji wa Serikali, Mtumba, Dodoma Tanzania.",,ORODHA YA WASHIRIKI.xlsx,WIZARA,12,Provided invitation workbook / WIZARA row 12,,Imported from the provided invitation/stakeholder workbook; confirm mandate and contacts in System Settings before operational use.
agency,"Ofisi ya Waziri Mkuu - Kazi, Ajira na Mahusiano",,Government,Ministry,Ministry / Office,"Social Protection/Special Groups, Disaster Management Coordination",,Mhe. Deus Clement Sangu - Waziri,,,,,,"Waziri, Ofisi ya Waziri Mkuu - Kazi, Ajira na Mahusiano (Wizara Mpya) Mji wa Serikali, Mtumba, Dodoma Tanzania.",,ORODHA YA WASHIRIKI.xlsx,WIZARA,15,Provided invitation workbook / WIZARA row 15,,Imported from the provided invitation/stakeholder workbook; confirm mandate and contacts in System Settings before operational use.
agency,Wizara ya Fedha,,Government,Ministry,Ministry / Office,Finance/Risk Financing,,Mhe. Balozi Khamis Mussa Omar - Waziri,,,,,,"Waziri, Wizara ya Fedha Mji wa Serikali, Mtumba, Dodoma Tanzania.",,ORODHA YA WASHIRIKI.xlsx,WIZARA,17,Provided invitation workbook / WIZARA row 17,,Imported from the provided invitation/stakeholder workbook; confirm mandate and contacts in System Settings before operational use.
agency,Wizara ya Mambo ya Nje na Ushirikiano wa Afrika Mashariki,,Government,Ministry,Ministry / Office,Foreign Affairs/International Cooperation,,Mhe. Balozi Mahmoud Thabit Kombo - Waziri,,,,,,"Waziri, Wizara ya Mambo ya Nje na Ushirikiano wa Afrika Mashariki Mji wa Serikali, Mtumba, Dodoma Tanzania.",,ORODHA YA WASHIRIKI.xlsx,WIZARA,20,Provided invitation workbook / WIZARA row 20,,Imported from the provided invitation/stakeholder workbook; confirm mandate and contacts in System Settings before operational use.
agency,Wizara ya Mambo ya Ndani ya Nchi,,Government,Ministry,Ministry / Office,Security/Response,,Mhe. Patrobas Katambi - Waziri wa Mambo ya Ndani ya Nchi,,,,,,"Waziri, Wizara ya Mambo ya Ndani ya Nchi Mji wa Serikali, Mtumba, Dodoma Tanzania.",,ORODHA YA WASHIRIKI.xlsx,WIZARA,23,Provided invitation workbook / WIZARA row 23,,Imported from the provided invitation/stakeholder workbook; confirm mandate and contacts in System Settings before operational use.
agency,Wizara ya Ulinzi na Jeshi la Kujenga Taifa,,Government,Ministry,Ministry / Office,Security/Response,,Mhe. Rhimo Nyansaho - Waziri,,,,,,"Waziri, Wizara ya Ulinzi na Jeshi la Kujenga Taifa Mji wa Serikali, Mtumba, Dodoma Tanzania.",,ORODHA YA WASHIRIKI.xlsx,WIZARA,25,Provided invitation workbook / WIZARA row 25,,Imported from the provided invitation/stakeholder workbook; confirm mandate and contacts in System Settings before operational use.
agency,Wizara ya Katiba na Sheria,,Government,Ministry,Ministry / Office,Legal/Governance,,Mhe. Juma Z. Omera - Waziri,,,,,,"Waziri, Wizara ya Katiba na Sheria Mji wa Serikali, Mtumba, Dodoma Tanzania.",,ORODHA YA WASHIRIKI.xlsx,WIZARA,26,Provided invitation workbook / WIZARA row 26,,Imported from the provided invitation/stakeholder workbook; confirm mandate and contacts in System Settings before operational use.
agency,"Wizara ya Elimu, Sayansi na Teknolojia",,Government,Ministry,Ministry / Office,Education/Research,,Mhe. Prof. Adolf Mkenda - Waziri,,,,,,"Waziri, Wizara ya Elimu, Sayansi na Teknolojia Mji wa Serikali, Mtumba, Dodoma Tanzania.",,ORODHA YA WASHIRIKI.xlsx,WIZARA,28,Provided invitation workbook / WIZARA row 28,,Imported from the provided invitation/stakeholder workbook; confirm mandate and contacts in System Settings before operational use.
agency,Wizara ya Afya,,Government,Ministry,Ministry / Office,Health,,Mhe. Mohamed Mchengerwa - Waziri,,,,,,"Waziri, Wizara ya Afya Mji wa Serikali, Mtumba, Dodoma Tanzania.",,ORODHA YA WASHIRIKI.xlsx,WIZARA,30,Provided invitation workbook / WIZARA row 30,,Imported from the provided invitation/stakeholder workbook; confirm mandate and contacts in System Settings before operational use.
agency,Wizara ya Kilimo,,Government,Ministry,Ministry / Office,Agriculture/Food Security,,Mhe. Daniel Chongolo - Waziri,,,,,,"Waziri, Wizara ya Kilimo Mji wa Serikali, Mtumba, Dodoma Tanzania.",,ORODHA YA WASHIRIKI.xlsx,WIZARA,32,Provided invitation workbook / WIZARA row 32,,Imported from the provided invitation/stakeholder workbook; confirm mandate and contacts in System Settings before operational use.
agency,Wizara ya Nishati,,Government,Ministry,Ministry / Office,Energy,,Mhe. Deogratius Ndejembi - Waziri,,,,,,"Waziri, Wizara ya Nishati Mji wa Serikali, Mtumba, Dodoma Tanzania.",,ORODHA YA WASHIRIKI.xlsx,WIZARA,34,Provided invitation workbook / WIZARA row 34,,Imported from the provided invitation/stakeholder workbook; confirm mandate and contacts in System Settings before operational use.
agency,Wizara ya Madini,,Government,Ministry,Ministry / Office,Geology/Minerals,,Mhe. Anthony Mavunde - Waziri,,,,,,"Waziri, Wizara ya Madini Mji wa Serikali, Mtumba, Dodoma Tanzania.",,ORODHA YA WASHIRIKI.xlsx,WIZARA,36,Provided invitation workbook / WIZARA row 36,,Imported from the provided invitation/stakeholder workbook; confirm mandate and contacts in System Settings before operational use.
agency,"Wizara ya Uwekezaji, Viwanda na Biashara",,Government,Ministry,Ministry / Office,Trade/Industry/Private Sector,,Mhe. Judith Kapinga - Waziri,,,,,,"Waziri, Wizara ya Uwekezaji, Viwanda na Biashara Mji wa Serikali, Mtumba, Mtaa wa Viwanda, S.L.P. 2996, 40478 Dodoma.",,ORODHA YA WASHIRIKI.xlsx,WIZARA,38,Provided invitation workbook / WIZARA row 38,,Imported from the provided invitation/stakeholder workbook; confirm mandate and contacts in System Settings before operational use.
agency,"Wizara ya Ardhi, Nyumba na Maendeleo ya Makazi",,Government,Ministry,Ministry / Office,Land Use/Urban Planning,,Mhe. Dkt. Leonard Akwilapo - Waziri,,,,,,"Waziri, Wizara ya Ardhi, Nyumba na Maendeleo ya Makazi Mji wa Serikali, Mtumba, Dodoma Tanzania.",,ORODHA YA WASHIRIKI.xlsx,WIZARA,40,Provided invitation workbook / WIZARA row 40,,Imported from the provided invitation/stakeholder workbook; confirm mandate and contacts in System Settings before operational use.
agency,Wizara ya Maliasili na Utalii,,Government,Ministry,Ministry / Office,Environment/Natural Resources,,Mhe. Dkt. Ashatu Kijaji - Waziri,,,,,,"Waziri, Wizara ya Maliasili na Utalii Mji wa Serikali, Mtumba, Dodoma Tanzania.",,ORODHA YA WASHIRIKI.xlsx,WIZARA,42,Provided invitation workbook / WIZARA row 42,,Imported from the provided invitation/stakeholder workbook; confirm mandate and contacts in System Settings before operational use.
agency,Wizara ya Ujenzi,,Government,Ministry,Ministry / Office,Infrastructure/Transport,,Mhe. Abdallah Ulega - Waziri,,,,,,"Waziri, Wizara ya Ujenzi Mji wa Serikali, Mtumba, Dodoma Tanzania.",,ORODHA YA WASHIRIKI.xlsx,WIZARA,44,Provided invitation workbook / WIZARA row 44,,Imported from the provided invitation/stakeholder workbook; confirm mandate and contacts in System Settings before operational use.
agency,Wizara ya Uchukuzi,,Government,Ministry,Ministry / Office,Infrastructure/Transport,,Mhe. Prof. Makame Mbarawa - Waziri,,,,,,"Waziri, Wizara ya Uchukuzi Mji wa Serikali, Mtumba, Dodoma Tanzania.",,ORODHA YA WASHIRIKI.xlsx,WIZARA,46,Provided invitation workbook / WIZARA row 46,,Imported from the provided invitation/stakeholder workbook; confirm mandate and contacts in System Settings before operational use.
agency,Wizara ya Maji,,Government,Ministry,Ministry / Office,Water/WASH,,Mhe. Jumaa Aweso - Waziri,,,,,,"Waziri, Wizara ya Maji Mji wa Serikali, Mtumba, Dodoma Tanzania.",,ORODHA YA WASHIRIKI.xlsx,WIZARA,48,Provided invitation workbook / WIZARA row 48,,Imported from the provided invitation/stakeholder workbook; confirm mandate and contacts in System Settings before operational use.
agency,Wizara ya Mifugo na Uvuvi,,Government,Ministry,Ministry / Office,Livestock/Fisheries,,Mhe. Dkt. Bashiru A. Kakurwa - Waziri,,,,,,"Waziri, Wizara ya Mifugo na Uvuvi Mji wa Serikali, Mtumba, Dodoma Tanzania.",,ORODHA YA WASHIRIKI.xlsx,WIZARA,50,Provided invitation workbook / WIZARA row 50,,Imported from the provided invitation/stakeholder workbook; confirm mandate and contacts in System Settings before operational use.
agency,"Wizara ya Habari, Mawasiliano na Teknolojia ya Habari",,Government,Ministry,Ministry / Office,"Education/Research, Communication/Media",,Mhe. Angellah Kairuki - Waziri,,,,,,"Waziri, Wizara ya Habari, Mawasiliano na Teknolojia ya Habari Mji wa Serikali, Mtumba, Dodoma Tanzania.",,ORODHA YA WASHIRIKI.xlsx,WIZARA,52,Provided invitation workbook / WIZARA row 52,,Imported from the provided invitation/stakeholder workbook; confirm mandate and contacts in System Settings before operational use.
agency,"Wizara ya Maendeleo ya Jamii, Jinsia, Wanawake na Makundi Maalum",,Government,Ministry,Ministry / Office,Social Protection/Special Groups,,Mhe. Dkt. Dorothy Gwajima - Waziri,,,,,,"Waziri, Wizara ya Maendeleo ya Jamii, Jinsia, Wanawake na Makundi Maalum Mji wa Serikali, Mtumba, Dodoma Tanzania.",,ORODHA YA WASHIRIKI.xlsx,WIZARA,54,Provided invitation workbook / WIZARA row 54,,Imported from the provided invitation/stakeholder workbook; confirm mandate and contacts in System Settings before operational use.
agency,"Wizara ya Habari, Utamaduni, Sanaa na Michezo",,Government,Ministry,Ministry / Office,Communication/Media,,"Mhe. Paul Christian Makonda - Waziri (alipanda Jan 8, 2026)",,,,,,"Waziri, Wizara ya Habari, Utamaduni, Sanaa na Michezo Mji wa Serikali, Mtumba, Dodoma Tanzania.",,ORODHA YA WASHIRIKI.xlsx,WIZARA,56,Provided invitation workbook / WIZARA row 56,,Imported from the provided invitation/stakeholder workbook; confirm mandate and contacts in System Settings before operational use.
agency,Ofisi ya Waziri Mkuu,,Government,Ministry,Ministry / Office,Disaster Management Coordination,,Mhe. Dkt. Mwigulu L. Nchemba (MP) - Waziri Mkuu,,,,,,"Waziri Mkuu, Ofisi ya Waziri Mkuu, Mji wa Serikali, Mtumba, Dodoma Tanzania.",,ORODHA YA WASHIRIKI.xlsx,WIZARA,59,Provided invitation workbook / WIZARA row 59,,Imported from the provided invitation/stakeholder workbook; confirm mandate and contacts in System Settings before operational use.
agency,Bunge la Jamhuri ya Muungano wa Tanzania,,Government,Ministry,Ministry / Office,Cross-sector DRR,,Mhe. Mussa Azzan Zungu (Mb) - Spika wa Bunge,,,,,,"Spika wa Bunge, Bunge la Tanzania, S.L.P. 941, Dodoma.",,ORODHA YA WASHIRIKI.xlsx,WIZARA,60,Provided invitation workbook / WIZARA row 60,,Imported from the provided invitation/stakeholder workbook; confirm mandate and contacts in System Settings before operational use.
agency,Mahakama ya Tanzania,,Government,Ministry,Ministry / Office,Legal/Governance,,Mhe. Jaji George Mcheche Masaju - Jaji Mkuu wa Tanzania,,,,,,"Jaji Mkuu wa Tanzania, Mahakama ya Tanzania, Mji wa Serikali, Mtumba, Dodoma.",,ORODHA YA WASHIRIKI.xlsx,WIZARA,61,Provided invitation workbook / WIZARA row 61,,Imported from the provided invitation/stakeholder workbook; confirm mandate and contacts in System Settings before operational use.
agency,Ofisi ya Mkuu wa Mkoa wa Dodoma,,Government,Ministry,Ministry / Office,Cross-sector DRR,,Mhe. Rosemary S. Senyamule - Mkuu wa Mkoa wa Dodoma (RC),,,,,,"Mkuu wa Mkoa wa Dodoma, Ofisi ya Mkuu wa Mkoa wa Dodoma, Dodoma.",,ORODHA YA WASHIRIKI.xlsx,WIZARA,62,Provided invitation workbook / WIZARA row 62,,Imported from the provided invitation/stakeholder workbook; confirm mandate and contacts in System Settings before operational use.
agency,Ofisi ya Mkuu wa Wilaya ya Dodoma,,Government,Ministry,Ministry / Office,Cross-sector DRR,,Mhe. Jabir Shekimweri - Mkuu wa Wilaya ya Dodoma (DC),,,,,,"Mkuu wa Wilaya ya Dodoma, Ofisi ya Mkuu wa Wilaya ya Dodoma, Dodoma.",,ORODHA YA WASHIRIKI.xlsx,WIZARA,63,Provided invitation workbook / WIZARA row 63,,Imported from the provided invitation/stakeholder workbook; confirm mandate and contacts in System Settings before operational use.
agency,Ofisi ya Mwanasheria Mkuu wa Serikali,,Government,Ministry,Ministry / Office,Legal/Governance,,Mhe. Hamza S. Johari - Mwanasheria Mkuu wa Serikali (AG),,,,,,"Mwanasheria Mkuu wa Serikali, Ofisi ya Mwanasheria Mkuu wa Serikali, Mji wa Serikali Mtumba, S.L.P. 630, Dodoma.",,ORODHA YA WASHIRIKI.xlsx,WIZARA,64,Provided invitation workbook / WIZARA row 64,,Imported from the provided invitation/stakeholder workbook; confirm mandate and contacts in System Settings before operational use.
agency,Bank of Tanzania (Benki Kuu ya Tanzania),BOT,Government,Government Institution,Agency / Authority / Corporation,Finance/Risk Financing,,Gavana,,,,,,"Gavana, Benki Kuu ya Tanzania (BOT) 16 Jakaya Kikwete Road, S.L.P 2303, 40184 Dodoma Tanzania.",,ORODHA YA WASHIRIKI.xlsx,TAASISI ZA SERIKALI,3,Provided invitation workbook / TAASISI ZA SERIKALI row 3,,Imported from the provided invitation/stakeholder workbook; confirm mandate and contacts in System Settings before operational use.
agency,Tanzania Revenue Authority (Mamlaka ya Mapato Tanzania),TRA,Government,Government Institution,Agency / Authority / Corporation,Finance/Risk Financing,,Kamishna Mkuu,,,,,,"Kamishna Mkuu, Mamlaka ya Mapato Tanzania (TRA) Mapato House, 28 Edward Sokoine Drive, Mchafukoge, Ilala CBD, S.L.P 11491, Dar es Salaam Tanzania.",,ORODHA YA WASHIRIKI.xlsx,TAASISI ZA SERIKALI,4,Provided invitation workbook / TAASISI ZA SERIKALI row 4,,Imported from the provided invitation/stakeholder workbook; confirm mandate and contacts in System Settings before operational use.
agency,Public Procurement Regulatory Authority (Mamlaka ya Udhibiti wa Ununuzi wa Umma),PPRA,Government,Government Institution,Agency / Authority / Corporation,Cross-sector DRR,,Mtendaji Mkuu,,,,,,"Mtendaji Mkuu, PPRA - Mamlaka ya Udhibiti wa Ununuzi wa Umma Tambukareli Dodoma, 3 Ununuzi Street, S.L.P 2865, 41104 Dodoma Tanzania.",,ORODHA YA WASHIRIKI.xlsx,TAASISI ZA SERIKALI,5,Provided invitation workbook / TAASISI ZA SERIKALI row 5,,Imported from the provided invitation/stakeholder workbook; confirm mandate and contacts in System Settings before operational use.
agency,Capital Markets and Securities Authority (Mamlaka ya Masoko ya Mitaji na Dhamana),CMSA,Government,Government Institution,Agency / Authority / Corporation,Education/Research,,Mtendaji Mkuu,,,,,,"Mtendaji Mkuu, CMSA - Mamlaka ya Masoko ya Mitaji na Dhamana Garden Avenue Tower, Ohio Street/Garden Avenue, S.L.P 75713, Dar es Salaam Tanzania.",,ORODHA YA WASHIRIKI.xlsx,TAASISI ZA SERIKALI,6,Provided invitation workbook / TAASISI ZA SERIKALI row 6,,Imported from the provided invitation/stakeholder workbook; confirm mandate and contacts in System Settings before operational use.
agency,Tanzania Insurance Regulatory Authority (Mamlaka ya Udhibiti wa Bima Tanzania),TIRA,Government,Government Institution,Agency / Authority / Corporation,Finance/Risk Financing,,Kamishna wa Bima,,,,,,"Kamishna wa Bima, TIRA - Mamlaka ya Udhibiti wa Bima Tanzania LAPF House, 5th Floor, Makole Street, S.L.P 2987, Dodoma Tanzania.",,ORODHA YA WASHIRIKI.xlsx,TAASISI ZA SERIKALI,7,Provided invitation workbook / TAASISI ZA SERIKALI row 7,,Imported from the provided invitation/stakeholder workbook; confirm mandate and contacts in System Settings before operational use.
agency,Gaming Board of Tanzania (Bodi ya Michezo ya Kubahatisha Tanzania),GBT,Government,Government Institution,Agency / Authority / Corporation,Cross-sector DRR,,Mkurugenzi Mkuu,,,,,,"Mkurugenzi Mkuu, GBT - Bodi ya Michezo ya Kubahatisha Tanzania PSSSF Twin Towers, Wing A, 27th Floor, Mission Street/Sokoine Drive, S.L.P 1717, Dar es Salaam Tanzania.",,ORODHA YA WASHIRIKI.xlsx,TAASISI ZA SERIKALI,8,Provided invitation workbook / TAASISI ZA SERIKALI row 8,,Imported from the provided invitation/stakeholder workbook; confirm mandate and contacts in System Settings before operational use.
agency,Higher Education Students' Loans Board (Bodi ya Mikopo ya Wanafunzi wa Elimu ya Juu),HESLB,Government,Government Institution,Agency / Authority / Corporation,Education/Research,,Mtendaji Mkuu,,,,,,"Mtendaji Mkuu, HESLB - Bodi ya Mikopo ya Wanafunzi wa Elimu ya Juu HESLB House, 1 Kilimo Street, TAZARA Area, Mandela Road, S.L.P 76068, 15471 Dar es Salaam Tanzania.",,ORODHA YA WASHIRIKI.xlsx,TAASISI ZA SERIKALI,9,Provided invitation workbook / TAASISI ZA SERIKALI row 9,,Imported from the provided invitation/stakeholder workbook; confirm mandate and contacts in System Settings before operational use.
agency,National Examinations Council of Tanzania (Baraza la Mitihani la Tanzania),NECTA,Government,Government Institution,Agency / Authority / Corporation,Cross-sector DRR,,Katibu Mtendaji,,,,,,"Katibu Mtendaji, NECTA - Baraza la Mitihani la Tanzania Kilimani, S.L.P 2624, Dar es Salaam Tanzania.",,ORODHA YA WASHIRIKI.xlsx,TAASISI ZA SERIKALI,10,Provided invitation workbook / TAASISI ZA SERIKALI row 10,,Imported from the provided invitation/stakeholder workbook; confirm mandate and contacts in System Settings before operational use.
agency,Tanzania Commission for Universities (Tume ya Vyuo Vikuu Tanzania),TCU,Government,Government Institution,Agency / Authority / Corporation,Education/Research,,Katibu Mtendaji,,,,,,"Katibu Mtendaji, TCU - Tume ya Vyuo Vikuu Tanzania S.L.P 6562, Dar es Salaam Tanzania.",,ORODHA YA WASHIRIKI.xlsx,TAASISI ZA SERIKALI,11,Provided invitation workbook / TAASISI ZA SERIKALI row 11,,Imported from the provided invitation/stakeholder workbook; confirm mandate and contacts in System Settings before operational use.
agency,National Council for Technical and Vocational Education and Training (Baraza la Taifa la Elimu ya Ufundi na Mafunzo ya Ufundi Stadi),NACTVET,Government,Government Institution,Agency / Authority / Corporation,"Education/Research, Finance/Risk Financing",,Mtendaji Mkuu,,,,,,"Mtendaji Mkuu, NACTVET - Baraza la Taifa la Elimu ya Ufundi na Mafunzo ya Ufundi Stadi S.L.P 2208, Dodoma Tanzania.",,ORODHA YA WASHIRIKI.xlsx,TAASISI ZA SERIKALI,12,Provided invitation workbook / TAASISI ZA SERIKALI row 12,,Imported from the provided invitation/stakeholder workbook; confirm mandate and contacts in System Settings before operational use.
agency,Tanzania Education Authority (Mamlaka ya Elimu Tanzania),TEA,Government,Government Institution,Agency / Authority / Corporation,Education/Research,,Mkurugenzi Mkuu,,,,,,"Mkurugenzi Mkuu, TEA - Mamlaka ya Elimu Tanzania S.L.P 1392, Dar es Salaam Tanzania.",,ORODHA YA WASHIRIKI.xlsx,TAASISI ZA SERIKALI,13,Provided invitation workbook / TAASISI ZA SERIKALI row 13,,Imported from the provided invitation/stakeholder workbook; confirm mandate and contacts in System Settings before operational use.
agency,Tanzania Commission for Science and Technology (Tume ya Sayansi na Teknolojia Tanzania),COSTECH,Government,Government Institution,Agency / Authority / Corporation,Education/Research,,Mkurugenzi Mkuu,,,,,,"Mkurugenzi Mkuu, COSTECH - Tume ya Sayansi na Teknolojia Tanzania Kijitonyama, S.L.P 4302, Dar es Salaam Tanzania.",,ORODHA YA WASHIRIKI.xlsx,TAASISI ZA SERIKALI,14,Provided invitation workbook / TAASISI ZA SERIKALI row 14,,Imported from the provided invitation/stakeholder workbook; confirm mandate and contacts in System Settings before operational use.
agency,Vocational Education and Training Authority (Mamlaka ya Mafunzo ya Ufundi Stadi),VETA,Government,Government Institution,Agency / Authority / Corporation,"Education/Research, Finance/Risk Financing",,Mkurugenzi Mkuu,,,,,,"Mkurugenzi Mkuu, VETA - Mamlaka ya Mafunzo ya Ufundi Stadi S.L.P 2849, Dodoma Tanzania.",,ORODHA YA WASHIRIKI.xlsx,TAASISI ZA SERIKALI,15,Provided invitation workbook / TAASISI ZA SERIKALI row 15,,Imported from the provided invitation/stakeholder workbook; confirm mandate and contacts in System Settings before operational use.
agency,Tanzania National Roads Agency (Wakala ya Barabara Tanzania),TANROADS,Government,Government Institution,Agency / Authority / Corporation,Infrastructure/Transport,,Mtendaji Mkuu,,,,,,"Mtendaji Mkuu, TANROADS - Wakala ya Barabara Tanzania Airport Road, S.L.P 11364, Dar es Salaam Tanzania.",,ORODHA YA WASHIRIKI.xlsx,TAASISI ZA SERIKALI,16,Provided invitation workbook / TAASISI ZA SERIKALI row 16,,Imported from the provided invitation/stakeholder workbook; confirm mandate and contacts in System Settings before operational use.
agency,Tanzania Rural and Urban Roads Agency (Wakala wa Barabara za Vijijini na Mijini),TARURA,Government,Government Institution,Agency / Authority / Corporation,Infrastructure/Transport,,Mtendaji Mkuu,,,,,,"Mtendaji Mkuu, TARURA - Wakala wa Barabara za Vijijini na Mijini Dodoma Tanzania.",,ORODHA YA WASHIRIKI.xlsx,TAASISI ZA SERIKALI,17,Provided invitation workbook / TAASISI ZA SERIKALI row 17,,Imported from the provided invitation/stakeholder workbook; confirm mandate and contacts in System Settings before operational use.
agency,Tanzania Ports Authority (Mamlaka ya Usimamizi wa Bandari Tanzania),TPA,Government,Government Institution,Agency / Authority / Corporation,Infrastructure/Transport,,Mkurugenzi Mkuu,,,,,,"Mkurugenzi Mkuu, TPA - Mamlaka ya Usimamizi wa Bandari Tanzania Bandari Road, S.L.P 9184, Dar es Salaam Tanzania.",,ORODHA YA WASHIRIKI.xlsx,TAASISI ZA SERIKALI,18,Provided invitation workbook / TAASISI ZA SERIKALI row 18,,Imported from the provided invitation/stakeholder workbook; confirm mandate and contacts in System Settings before operational use.
agency,Tanzania Railways Corporation (Shirika la Reli Tanzania),TRC,Government,Government Institution,Agency / Authority / Corporation,Infrastructure/Transport,,Mkurugenzi Mkuu,,,,,,"Mkurugenzi Mkuu, TRC - Shirika la Reli Tanzania Sokoine Drive, S.L.P 468, Dar es Salaam Tanzania.",,ORODHA YA WASHIRIKI.xlsx,TAASISI ZA SERIKALI,19,Provided invitation workbook / TAASISI ZA SERIKALI row 19,,Imported from the provided invitation/stakeholder workbook; confirm mandate and contacts in System Settings before operational use.
agency,Tanzania Civil Aviation Authority (Mamlaka ya Usafiri wa Anga Tanzania),TCAA,Government,Government Institution,Agency / Authority / Corporation,Humanitarian/DRR,,Mkurugenzi Mkuu,,,,,,"Mkurugenzi Mkuu, TCAA - Mamlaka ya Usafiri wa Anga Tanzania Bandari ya Ndege ya Julius Nyerere, S.L.P 2819, Dar es Salaam Tanzania.",,ORODHA YA WASHIRIKI.xlsx,TAASISI ZA SERIKALI,20,Provided invitation workbook / TAASISI ZA SERIKALI row 20,,Imported from the provided invitation/stakeholder workbook; confirm mandate and contacts in System Settings before operational use.
agency,Tanzania Airports Authority (Mamlaka ya Viwanja vya Ndege Tanzania),TAA,Government,Government Institution,Agency / Authority / Corporation,Infrastructure/Transport,,Mkurugenzi Mkuu,,,,,,"Mkurugenzi Mkuu, TAA - Mamlaka ya Viwanja vya Ndege Tanzania S.L.P 2810, Dar es Salaam Tanzania.",,ORODHA YA WASHIRIKI.xlsx,TAASISI ZA SERIKALI,21,Provided invitation workbook / TAASISI ZA SERIKALI row 21,,Imported from the provided invitation/stakeholder workbook; confirm mandate and contacts in System Settings before operational use.
agency,Land Transport Regulatory Authority (Mamlaka ya Udhibiti wa Usafiri wa Ardhini),LATRA,Government,Government Institution,Agency / Authority / Corporation,Land Use/Urban Planning,,Mtendaji Mkuu,,,,,,"Mtendaji Mkuu, LATRA - Mamlaka ya Udhibiti wa Usafiri wa Ardhini S.L.P 3093, Dodoma Tanzania.",,ORODHA YA WASHIRIKI.xlsx,TAASISI ZA SERIKALI,22,Provided invitation workbook / TAASISI ZA SERIKALI row 22,,Imported from the provided invitation/stakeholder workbook; confirm mandate and contacts in System Settings before operational use.
agency,Tanzania Communications Regulatory Authority (Mamlaka ya Udhibiti wa Mawasiliano Tanzania),TCRA,Government,Government Institution,Agency / Authority / Corporation,Communication/Media,,Mkurugenzi Mkuu,,,,,,"TCRA - Mamlaka ya Udhibiti wa Mawasiliano Tanzania Mawasiliano Towers, S.L.P 474, Dodoma Tanzania.",,ORODHA YA WASHIRIKI.xlsx,TAASISI ZA SERIKALI,23,Provided invitation workbook / TAASISI ZA SERIKALI row 23,,Imported from the provided invitation/stakeholder workbook; confirm mandate and contacts in System Settings before operational use.
agency,Tanzania Telecommunications Corporation (Shirika la Mawasiliano Tanzania),TTCL,Government,Government Institution,Agency / Authority / Corporation,Communication/Media,,Mkurugenzi Mkuu,,,,,,"Mkurugenzi Mkuu, TTCL - Shirika la Mawasiliano Tanzania Extelcoms House, Samora Avenue, S.L.P 9070, Dar es Salaam Tanzania.",,ORODHA YA WASHIRIKI.xlsx,TAASISI ZA SERIKALI,24,Provided invitation workbook / TAASISI ZA SERIKALI row 24,,Imported from the provided invitation/stakeholder workbook; confirm mandate and contacts in System Settings before operational use.
agency,Tanzania Posts Corporation (Shirika la Posta Tanzania),TPC,Government,Government Institution,Agency / Authority / Corporation,Cross-sector DRR,,Mkurugenzi Mkuu,,,,,,"Mkurugenzi Mkuu, TPC - Shirika la Posta Tanzania Ghana Avenue, S.L.P 9551, Dar es Salaam Tanzania.",,ORODHA YA WASHIRIKI.xlsx,TAASISI ZA SERIKALI,25,Provided invitation workbook / TAASISI ZA SERIKALI row 25,,Imported from the provided invitation/stakeholder workbook; confirm mandate and contacts in System Settings before operational use.
agency,National Bureau of Statistics (Ofisi ya Taifa ya Takwimu),NBS,Government,Government Institution,Agency / Authority / Corporation,Cross-sector DRR,,Mkurugenzi Mkuu,,,,,,"Mkurugenzi Mkuu, NBS - Ofisi ya Taifa ya Takwimu S.L.P 2683, Dodoma Tanzania.",,ORODHA YA WASHIRIKI.xlsx,TAASISI ZA SERIKALI,26,Provided invitation workbook / TAASISI ZA SERIKALI row 26,,Imported from the provided invitation/stakeholder workbook; confirm mandate and contacts in System Settings before operational use.
agency,e-GA – e-Government Authority (Mamlaka ya Serikali Mtandao),,Government,Government Institution,Agency / Authority / Corporation,Communication/Media,,Mkurugenzi Mkuu,,,,,,"Mkurugenzi Mkuu, e-GA - Mamlaka ya Serikali Mtandao Mji wa Serikali, Mtumba, S.L.P 4273, Dodoma Tanzania.",,ORODHA YA WASHIRIKI.xlsx,TAASISI ZA SERIKALI,27,Provided invitation workbook / TAASISI ZA SERIKALI row 27,,Imported from the provided invitation/stakeholder workbook; confirm mandate and contacts in System Settings before operational use.
agency,Tanzania Medicines and Medical Devices Authority (Mamlaka ya Dawa na Vifaa Tiba),TMDA,Government,Government Institution,Agency / Authority / Corporation,Health,,Mkurugenzi Mkuu,,,,,,"Mkurugenzi Mkuu, TMDA - Mamlaka ya Dawa na Vifaa Tiba S.L.P 77150, Dar es Salaam Tanzania.",,ORODHA YA WASHIRIKI.xlsx,TAASISI ZA SERIKALI,28,Provided invitation workbook / TAASISI ZA SERIKALI row 28,,Imported from the provided invitation/stakeholder workbook; confirm mandate and contacts in System Settings before operational use.
agency,Medical Stores Department (Bohari ya Dawa),MSD,Government,Government Institution,Agency / Authority / Corporation,Health,,Mkurugenzi Mkuu,,,,,,"Mkurugenzi Mkuu, MSD - Bohari ya Dawa Keko Mwanga, Nelson Mandela Road, S.L.P 9081, Dar es Salaam Tanzania.",,ORODHA YA WASHIRIKI.xlsx,TAASISI ZA SERIKALI,29,Provided invitation workbook / TAASISI ZA SERIKALI row 29,,Imported from the provided invitation/stakeholder workbook; confirm mandate and contacts in System Settings before operational use.
agency,National Health Insurance Fund (Mfuko wa Taifa wa Bima ya Afya),NHIF,Government,Government Institution,Agency / Authority / Corporation,"Health, Finance/Risk Financing",,Mkurugenzi Mkuu,,,,,,"Mkurugenzi Mkuu, NHIF - Mfuko wa Taifa wa Bima ya Afya S.L.P 1530, Dodoma Tanzania.",,ORODHA YA WASHIRIKI.xlsx,TAASISI ZA SERIKALI,30,Provided invitation workbook / TAASISI ZA SERIKALI row 30,,Imported from the provided invitation/stakeholder workbook; confirm mandate and contacts in System Settings before operational use.
agency,National Institute for Medical Research (Taasisi ya Taifa ya Utafiti wa Magonjwa ya Binadamu),NIMR,Government,Government Institution,Agency / Authority / Corporation,"Health, Education/Research",,Mkurugenzi Mkuu,,,,,,"Mkurugenzi Mkuu, NIMR - Taasisi ya Taifa ya Utafiti wa Magonjwa ya Binadamu S.L.P 9653, Dar es Salaam Tanzania.",,ORODHA YA WASHIRIKI.xlsx,TAASISI ZA SERIKALI,31,Provided invitation workbook / TAASISI ZA SERIKALI row 31,,Imported from the provided invitation/stakeholder workbook; confirm mandate and contacts in System Settings before operational use.
agency,Tanzania Commission for AIDS (Tume ya Kudhibiti Ukimwi Tanzania),TACAIDS,Government,Government Institution,Agency / Authority / Corporation,Cross-sector DRR,,Mkurugenzi Mkuu,,,,,,"Mkurugenzi Mkuu, TACAIDS - Tume ya Kudhibiti Ukimwi Tanzania S.L.P 76987, Dar es Salaam Tanzania.",,ORODHA YA WASHIRIKI.xlsx,TAASISI ZA SERIKALI,32,Provided invitation workbook / TAASISI ZA SERIKALI row 32,,Imported from the provided invitation/stakeholder workbook; confirm mandate and contacts in System Settings before operational use.
agency,Government Chemist Laboratory Authority (Mamlaka ya Maabara ya Mkemia Mkuu wa Serikali),GCLA,Government,Government Institution,Agency / Authority / Corporation,Health,,Mkurugenzi Mkuu,,,,,,"Mkurugenzi Mkuu, GCLA - Mamlaka ya Maabara ya Mkemia Mkuu wa Serikali S.L.P 9050, Dar es Salaam Tanzania.",,ORODHA YA WASHIRIKI.xlsx,TAASISI ZA SERIKALI,33,Provided invitation workbook / TAASISI ZA SERIKALI row 33,,Imported from the provided invitation/stakeholder workbook; confirm mandate and contacts in System Settings before operational use.
agency,Tanzania Petroleum Development Corporation (Shirika la Maendeleo ya Petroli Tanzania),TPDC,Government,Government Institution,Agency / Authority / Corporation,Cross-sector DRR,,Mkurugenzi Mkuu,,,,,,"Mkurugenzi Mkuu, TPDC - Shirika la Maendeleo ya Petroli Tanzania Benjamin Mkapa Pension Towers, S.L.P 2774, Dar es Salaam Tanzania.",,ORODHA YA WASHIRIKI.xlsx,TAASISI ZA SERIKALI,34,Provided invitation workbook / TAASISI ZA SERIKALI row 34,,Imported from the provided invitation/stakeholder workbook; confirm mandate and contacts in System Settings before operational use.
agency,Energy and Water Utilities Regulatory Authority (Mamlaka ya Udhibiti wa Huduma za Nishati na Maji),EWURA,Government,Government Institution,Agency / Authority / Corporation,Energy,,Mkurugenzi Mkuu,,,,,,"Mkurugenzi Mkuu, EWURA - Mamlaka ya Udhibiti wa Huduma za Nishati na Maji S.L.P 5765, Dodoma Tanzania.",,ORODHA YA WASHIRIKI.xlsx,TAASISI ZA SERIKALI,35,Provided invitation workbook / TAASISI ZA SERIKALI row 35,,Imported from the provided invitation/stakeholder workbook; confirm mandate and contacts in System Settings before operational use.
agency,Tanzania Electric Supply Company Limited (Shirika la Umeme Tanzania),TANESCO,Government,Government Institution,Agency / Authority / Corporation,Cross-sector DRR,,Mkurugenzi Mkuu,,,,,,"Mkurugenzi Mkuu, TANESCO - Shirika la Umeme Tanzania Umeme Park, Morogoro Road, S.L.P 9024, Dar es Salaam Tanzania.",,ORODHA YA WASHIRIKI.xlsx,TAASISI ZA SERIKALI,36,Provided invitation workbook / TAASISI ZA SERIKALI row 36,,Imported from the provided invitation/stakeholder workbook; confirm mandate and contacts in System Settings before operational use.
agency,Rural Water Supply and Sanitation Agency (Wakala wa Usambazaji Maji na Usafi wa Mazingira Vijijini),RUWASA,Government,Government Institution,Agency / Authority / Corporation,"Water/WASH, Environment/Natural Resources",,Mtendaji Mkuu,,,,,,"Mtendaji Mkuu, RUWASA - Wakala wa Usambazaji Maji na Usafi wa Mazingira Vijijini S.L.P 3017, Dodoma Tanzania.",,ORODHA YA WASHIRIKI.xlsx,TAASISI ZA SERIKALI,37,Provided invitation workbook / TAASISI ZA SERIKALI row 37,,Imported from the provided invitation/stakeholder workbook; confirm mandate and contacts in System Settings before operational use.
agency,State Mining Corporation (Shirika la Madini la Taifa),STAMICO,Government,Government Institution,Agency / Authority / Corporation,Geology/Minerals,,Mkurugenzi Mkuu,,,,,,"Mkurugenzi Mkuu, STAMICO - Shirika la Madini la Taifa S.L.P 4958, Dar es Salaam Tanzania.",,ORODHA YA WASHIRIKI.xlsx,TAASISI ZA SERIKALI,38,Provided invitation workbook / TAASISI ZA SERIKALI row 38,,Imported from the provided invitation/stakeholder workbook; confirm mandate and contacts in System Settings before operational use.
agency,Tanzania Investment Centre (Kituo cha Uwekezaji Tanzania),TIC,Government,Government Institution,Agency / Authority / Corporation,Trade/Industry/Private Sector,,Mkurugenzi Mtendaji,,,,,,"Mkurugenzi Mtendaji, TIC - Kituo cha Uwekezaji Tanzania Shaaban Robert Street, S.L.P 938, Dar es Salaam Tanzania.",,ORODHA YA WASHIRIKI.xlsx,TAASISI ZA SERIKALI,39,Provided invitation workbook / TAASISI ZA SERIKALI row 39,,Imported from the provided invitation/stakeholder workbook; confirm mandate and contacts in System Settings before operational use.
agency,Business Registrations and Licensing Agency (Wakala wa Usajili wa Biashara na Leseni),BRELA,Government,Government Institution,Agency / Authority / Corporation,"Finance/Risk Financing, Trade/Industry/Private Sector",,Mtendaji Mkuu,,,,,,"Mtendaji Mkuu, BRELA - Wakala wa Usajili wa Biashara na Leseni S.L.P 9393, Dar es Salaam Tanzania.",,ORODHA YA WASHIRIKI.xlsx,TAASISI ZA SERIKALI,40,Provided invitation workbook / TAASISI ZA SERIKALI row 40,,Imported from the provided invitation/stakeholder workbook; confirm mandate and contacts in System Settings before operational use.
agency,"Registration Insolvency and Trusteeship Agency (Wakala wa Usajili, Ufilisi na Udhamini)",RITA,Government,Government Institution,Agency / Authority / Corporation,Finance/Risk Financing,,Mtendaji Mkuu,,,,,,"Mtendaji Mkuu, RITA - Wakala wa Usajili, Ufilisi na Udhamini S.L.P 9183, Dar es Salaam Tanzania.",,ORODHA YA WASHIRIKI.xlsx,TAASISI ZA SERIKALI,41,Provided invitation workbook / TAASISI ZA SERIKALI row 41,,Imported from the provided invitation/stakeholder workbook; confirm mandate and contacts in System Settings before operational use.
agency,Export Processing Zones Authority (Mamlaka ya Maeneo Maalum ya Uzalishaji kwa Mauzo ya Nje),EPZA,Government,Government Institution,Agency / Authority / Corporation,Cross-sector DRR,,Mkurugenzi Mkuu,,,,,,"Mkurugenzi Mkuu, EPZA - Mamlaka ya Maeneo Maalum ya Uzalishaji kwa Mauzo ya Nje S.L.P 12112, Dar es Salaam Tanzania.",,ORODHA YA WASHIRIKI.xlsx,TAASISI ZA SERIKALI,42,Provided invitation workbook / TAASISI ZA SERIKALI row 42,,Imported from the provided invitation/stakeholder workbook; confirm mandate and contacts in System Settings before operational use.
agency,Tanzania Bureau of Standards (Shirika la Viwango Tanzania),TBS,Government,Government Institution,Agency / Authority / Corporation,Humanitarian/DRR,,Mkurugenzi Mkuu,,,,,,"Mkurugenzi Mkuu, TBS - Shirika la Viwango Tanzania Morogoro Road, Ubungo, S.L.P 9524, Dar es Salaam Tanzania.",,ORODHA YA WASHIRIKI.xlsx,TAASISI ZA SERIKALI,43,Provided invitation workbook / TAASISI ZA SERIKALI row 43,,Imported from the provided invitation/stakeholder workbook; confirm mandate and contacts in System Settings before operational use.
agency,Occupational Safety and Health Authority (Wakala wa Usalama na Afya Mahala pa Kazi),OSHA,Government,Government Institution,Agency / Authority / Corporation,"Health, Social Protection/Special Groups",,Mtendaji Mkuu,,,,,,"Mtendaji Mkuu, OSHA - Wakala wa Usalama na Afya Mahala pa Kazi S.L.P 519, Dar es Salaam Tanzania.",,ORODHA YA WASHIRIKI.xlsx,TAASISI ZA SERIKALI,44,Provided invitation workbook / TAASISI ZA SERIKALI row 44,,Imported from the provided invitation/stakeholder workbook; confirm mandate and contacts in System Settings before operational use.
agency,Tanzania National Parks (Shirika la Hifadhi za Taifa Tanzania),TANAPA,Government,Government Institution,Agency / Authority / Corporation,Cross-sector DRR,,Mkurugenzi Mkuu,,,,,,"Mkurugenzi Mkuu, TANAPA - Shirika la Hifadhi za Taifa Tanzania S.L.P 3134, Arusha Tanzania.",,ORODHA YA WASHIRIKI.xlsx,TAASISI ZA SERIKALI,45,Provided invitation workbook / TAASISI ZA SERIKALI row 45,,Imported from the provided invitation/stakeholder workbook; confirm mandate and contacts in System Settings before operational use.
agency,Tanzania Wildlife Management Authority (Mamlaka ya Usimamizi wa Wanyama Pori Tanzania),TAWA,Government,Government Institution,Agency / Authority / Corporation,Environment/Natural Resources,,Mkurugenzi Mkuu,,,,,,"Mkurugenzi Mkuu, TAWA - Mamlaka ya Usimamizi wa Wanyama Pori Tanzania S.L.P 45469, Dar es Salaam Tanzania.",,ORODHA YA WASHIRIKI.xlsx,TAASISI ZA SERIKALI,46,Provided invitation workbook / TAASISI ZA SERIKALI row 46,,Imported from the provided invitation/stakeholder workbook; confirm mandate and contacts in System Settings before operational use.
agency,Tanzania Tourist Board (Bodi ya Utalii Tanzania),TTB,Government,Government Institution,Agency / Authority / Corporation,Environment/Natural Resources,,Mkurugenzi Mkuu,,,,,,"Mkurugenzi Mkuu, TTB - Bodi ya Utalii Tanzania Utalii House, Laibon Road, S.L.P 2485, Dar es Salaam Tanzania.",,ORODHA YA WASHIRIKI.xlsx,TAASISI ZA SERIKALI,47,Provided invitation workbook / TAASISI ZA SERIKALI row 47,,Imported from the provided invitation/stakeholder workbook; confirm mandate and contacts in System Settings before operational use.
agency,National Environment Management Council (Baraza la Taifa la Hifadhi na Usimamizi wa Mazingira),NEMC,Government,Government Institution,Agency / Authority / Corporation,Environment/Natural Resources,,Mtendaji Mkuu,,,,,,"Mtendaji Mkuu, NEMC - Baraza la Taifa la Hifadhi na Usimamizi wa Mazingira Kambarage Tower, P.O. Box 2724, Dodoma Tanzania.",,ORODHA YA WASHIRIKI.xlsx,TAASISI ZA SERIKALI,48,Provided invitation workbook / TAASISI ZA SERIKALI row 48,,Imported from the provided invitation/stakeholder workbook; confirm mandate and contacts in System Settings before operational use.
agency,Tanzania Forest Services Agency (Wakala wa Huduma za Misitu Tanzania),TFS,Government,Government Institution,Agency / Authority / Corporation,Environment/Natural Resources,,Mkurugenzi Mkuu,,,,,,"Mkurugenzi Mkuu, TFS - Wakala wa Huduma za Misitu Tanzania S.L.P 40832, Dar es Salaam Tanzania.",,ORODHA YA WASHIRIKI.xlsx,TAASISI ZA SERIKALI,49,Provided invitation workbook / TAASISI ZA SERIKALI row 49,,Imported from the provided invitation/stakeholder workbook; confirm mandate and contacts in System Settings before operational use.
agency,National Social Security Fund (Mfuko wa Taifa wa Hifadhi ya Jamii),NSSF,Government,Government Institution,Agency / Authority / Corporation,"Security/Response, Social Protection/Special Groups",,Mkurugenzi Mkuu,,,,,,"Mkurugenzi Mkuu, NSSF - Mfuko wa Taifa wa Hifadhi ya Jamii S.L.P 1322, Dar es Salaam Tanzania.",,ORODHA YA WASHIRIKI.xlsx,TAASISI ZA SERIKALI,50,Provided invitation workbook / TAASISI ZA SERIKALI row 50,,Imported from the provided invitation/stakeholder workbook; confirm mandate and contacts in System Settings before operational use.
agency,Public Service Social Security Fund (Mfuko wa Hifadhi ya Jamii kwa Watumishi wa Umma),PSSSF,Government,Government Institution,Agency / Authority / Corporation,"Security/Response, Social Protection/Special Groups",,Mkurugenzi Mkuu,,,,,,"Mkurugenzi Mkuu, PSSSF - Mfuko wa Hifadhi ya Jamii kwa Watumishi wa Umma S.L.P 1501, Dodoma Tanzania.",,ORODHA YA WASHIRIKI.xlsx,TAASISI ZA SERIKALI,51,Provided invitation workbook / TAASISI ZA SERIKALI row 51,,Imported from the provided invitation/stakeholder workbook; confirm mandate and contacts in System Settings before operational use.
agency,Workers Compensation Fund (Mfuko wa Fidia kwa Wafanyakazi),WCF,Government,Government Institution,Agency / Authority / Corporation,Social Protection/Special Groups,,Mkurugenzi Mkuu,,,,,,"Mkurugenzi Mkuu, WCF - Mfuko wa Fidia kwa Wafanyakazi S.L.P 79655, Dar es Salaam Tanzania.",,ORODHA YA WASHIRIKI.xlsx,TAASISI ZA SERIKALI,52,Provided invitation workbook / TAASISI ZA SERIKALI row 52,,Imported from the provided invitation/stakeholder workbook; confirm mandate and contacts in System Settings before operational use.
agency,Mamlaka ya Vitambulisho vya Taifa (National Identification Authority),NIDA,Government,Government Institution,Agency / Authority / Corporation,Cross-sector DRR,,Mkurugenzi Mkuu,,,,,,"Mkurugenzi Mkuu, NIDA - Mamlaka ya Vitambulisho vya Taifa Mji wa Serikali, Mtumba, S.L.P 1773, Dodoma Tanzania.",,ORODHA YA WASHIRIKI.xlsx,TAASISI ZA SERIKALI,53,Provided invitation workbook / TAASISI ZA SERIKALI row 53,,Imported from the provided invitation/stakeholder workbook; confirm mandate and contacts in System Settings before operational use.
agency,Mamlaka ya Hali ya Hewa Tanzania (Tanzania Meteorological Authority),TMA,Government,Government Institution,Agency / Authority / Corporation,Weather/Climate,,Mkurugenzi Mkuu,,,,,,"Mkurugenzi Mkuu, Mamlaka ya Hali ya Hewa Tanzania (TMA) P.O. Box 27, 41218 Dodoma Tanzania.",,ORODHA YA WASHIRIKI.xlsx,TAASISI ZA SERIKALI,54,Provided invitation workbook / TAASISI ZA SERIKALI row 54,,Imported from the provided invitation/stakeholder workbook; confirm mandate and contacts in System Settings before operational use.
agency,Shirika la Ndege Tanzania (Air Tanzania Company Limited),ATCL,Government,Government Institution,Agency / Authority / Corporation,Cross-sector DRR,,Mkurugenzi Mkuu,,,,,,"Mkurugenzi Mkuu, Shirika la Ndege Tanzania (ATCL) ATC House, Ohio Street, S.L.P 543, Dar es Salaam Tanzania.",,ORODHA YA WASHIRIKI.xlsx,TAASISI ZA SERIKALI,55,Provided invitation workbook / TAASISI ZA SERIKALI row 55,,Imported from the provided invitation/stakeholder workbook; confirm mandate and contacts in System Settings before operational use.
agency,Shirika la Nyumba la Taifa (National Housing Corporation),NHC,Government,Government Institution,Agency / Authority / Corporation,Cross-sector DRR,,Mkurugenzi Mkuu,,,,,,"Mkurugenzi Mkuu, Shirika la Nyumba la Taifa (NHC) NHC House, Kawawa Road, S.L.P 2977, Dar es Salaam Tanzania.",,ORODHA YA WASHIRIKI.xlsx,TAASISI ZA SERIKALI,56,Provided invitation workbook / TAASISI ZA SERIKALI row 56,,Imported from the provided invitation/stakeholder workbook; confirm mandate and contacts in System Settings before operational use.
agency,Shirika la Posta Tanzania (Tanzania Posts Corporation),TPC,Government,Government Institution,Agency / Authority / Corporation,Cross-sector DRR,,Mkurugenzi Mkuu,,,,,,"Mkurugenzi Mkuu, Shirika la Posta Tanzania Ghana Avenue, S.L.P 9551, Dar es Salaam Tanzania.",,ORODHA YA WASHIRIKI.xlsx,TAASISI ZA SERIKALI,57,Provided invitation workbook / TAASISI ZA SERIKALI row 57,,Imported from the provided invitation/stakeholder workbook; confirm mandate and contacts in System Settings before operational use.
agency,Tume Huru ya Taifa ya Uchaguzi (Independent National Electoral Commission),INEC,Government,Government Institution,Agency / Authority / Corporation,Cross-sector DRR,,Mkurugenzi Mtendaji,,,,,,"Mkurugenzi Mtendaji, Tume Huru ya Taifa ya Uchaguzi (INEC) S.L.P 2928, Dar es Salaam Tanzania.",,ORODHA YA WASHIRIKI.xlsx,TAASISI ZA SERIKALI,58,Provided invitation workbook / TAASISI ZA SERIKALI row 58,,Imported from the provided invitation/stakeholder workbook; confirm mandate and contacts in System Settings before operational use.
agency,Tume ya Madini (Mining Commission),,Government,Government Institution,Agency / Authority / Corporation,Geology/Minerals,,Katibu Mtendaji,,,,,,"Katibu Mtendaji, Tume ya Madini Mji wa Serikali, Mtumba, S.L.P 422, Dodoma Tanzania.",,ORODHA YA WASHIRIKI.xlsx,TAASISI ZA SERIKALI,59,Provided invitation workbook / TAASISI ZA SERIKALI row 59,,Imported from the provided invitation/stakeholder workbook; confirm mandate and contacts in System Settings before operational use.
agency,Baraza la Sanaa la Taifa (National Arts Council),BASATA,Government,Government Institution,Agency / Authority / Corporation,Cross-sector DRR,,Katibu Mtendaji,,,,,,"Katibu Mtendaji, Baraza la Sanaa la Taifa (BASATA) S.L.P 4779, Dar es Salaam Tanzania.",,ORODHA YA WASHIRIKI.xlsx,TAASISI ZA SERIKALI,60,Provided invitation workbook / TAASISI ZA SERIKALI row 60,,Imported from the provided invitation/stakeholder workbook; confirm mandate and contacts in System Settings before operational use.
agency,Bunge la Tanzania (Parliament of Tanzania),,Government,Government Institution,Agency / Authority / Corporation,Cross-sector DRR,,Katibu wa Bunge,,,,,,"Katibu wa Bunge, Bunge la Tanzania S.L.P 941, Dodoma Tanzania.",,ORODHA YA WASHIRIKI.xlsx,TAASISI ZA SERIKALI,61,Provided invitation workbook / TAASISI ZA SERIKALI row 61,,Imported from the provided invitation/stakeholder workbook; confirm mandate and contacts in System Settings before operational use.
agency,Mahakama ya Rufaa (Court of Appeal),,Government,Government Institution,Agency / Authority / Corporation,Legal/Governance,,Msajili wa Mahakama ya Rufaa,,,,,,"Msajili wa Mahakama ya Rufaa, Mahakama ya Rufaa S.L.P 9004, Dar es Salaam Tanzania.",,ORODHA YA WASHIRIKI.xlsx,TAASISI ZA SERIKALI,62,Provided invitation workbook / TAASISI ZA SERIKALI row 62,,Imported from the provided invitation/stakeholder workbook; confirm mandate and contacts in System Settings before operational use.
agency,Ofisi ya Taifa ya Ukaguzi (National Audit Office),NAO,Government,Government Institution,Agency / Authority / Corporation,Cross-sector DRR,,Mdhibiti na Mkaguzi Mkuu wa Hesabu za Serikali,,,,,,"Mdhibiti na Mkaguzi Mkuu wa Hesabu za Serikali, Ofisi ya Taifa ya Ukaguzi (NAO) S.L.P 950, Dodoma Tanzania.",,ORODHA YA WASHIRIKI.xlsx,TAASISI ZA SERIKALI,63,Provided invitation workbook / TAASISI ZA SERIKALI row 63,,Imported from the provided invitation/stakeholder workbook; confirm mandate and contacts in System Settings before operational use.
agency,Jeshi la Polisi Tanzania (Tanzania Police Force),,Government,Government Institution,Agency / Authority / Corporation,Security/Response,,Inspekta Jenerali wa Polisi,,,,,,"Inspekta Jenerali wa Polisi, Jeshi la Polisi Tanzania Makao Makuu, S.L.P 504, Dodoma Tanzania.",,ORODHA YA WASHIRIKI.xlsx,TAASISI ZA SERIKALI,64,Provided invitation workbook / TAASISI ZA SERIKALI row 64,,Imported from the provided invitation/stakeholder workbook; confirm mandate and contacts in System Settings before operational use.
agency,Jeshi la Zimamoto na Uokoaji (Fire and Rescue Force),,Government,Government Institution,Agency / Authority / Corporation,Security/Response,,Kamishna Jenerali,,,,,,"Kamishna Jenerali, Jeshi la Zimamoto na Uokoaji S.L.P 2963, Dar es Salaam Tanzania.",,ORODHA YA WASHIRIKI.xlsx,TAASISI ZA SERIKALI,65,Provided invitation workbook / TAASISI ZA SERIKALI row 65,,Imported from the provided invitation/stakeholder workbook; confirm mandate and contacts in System Settings before operational use.
agency,Jeshi la Magereza (Prisons Service),,Government,Government Institution,Agency / Authority / Corporation,Security/Response,,Kamishna Jenerali wa Magereza,,,,,,"Kamishna Jenerali wa Magereza, Jeshi la Magereza S.L.P 1176, Dodoma Tanzania.",,ORODHA YA WASHIRIKI.xlsx,TAASISI ZA SERIKALI,66,Provided invitation workbook / TAASISI ZA SERIKALI row 66,,Imported from the provided invitation/stakeholder workbook; confirm mandate and contacts in System Settings before operational use.
agency,Idara ya Uhamiaji (Immigration Department),,Government,Government Institution,Agency / Authority / Corporation,Security/Response,,Kamishna Jenerali wa Uhamiaji,,,,,,"Kamishna Jenerali wa Uhamiaji, Idara ya Uhamiaji S.L.P 512, Dodoma Tanzania.",,ORODHA YA WASHIRIKI.xlsx,TAASISI ZA SERIKALI,67,Provided invitation workbook / TAASISI ZA SERIKALI row 67,,Imported from the provided invitation/stakeholder workbook; confirm mandate and contacts in System Settings before operational use.
agency,Sekretarieti ya Ajira katika Utumishi wa Umma (Public Service Recruitment Secretariat),,Government,Government Institution,Agency / Authority / Corporation,Social Protection/Special Groups,,Katibu Mtendaji,,,,,,"Katibu Mtendaji, Sekretarieti ya Ajira katika Utumishi wa Umma S.L.P 4014, Dodoma Tanzania.",,ORODHA YA WASHIRIKI.xlsx,TAASISI ZA SERIKALI,68,Provided invitation workbook / TAASISI ZA SERIKALI row 68,,Imported from the provided invitation/stakeholder workbook; confirm mandate and contacts in System Settings before operational use.
agency,Tume ya Utumishi wa Umma (Public Service Commission),,Government,Government Institution,Agency / Authority / Corporation,Cross-sector DRR,,Katibu,,,,,,"Katibu, Tume ya Utumishi wa Umma Mji wa Serikali, Mtumba, S.L.P 2483, Dodoma Tanzania.",,ORODHA YA WASHIRIKI.xlsx,TAASISI ZA SERIKALI,69,Provided invitation workbook / TAASISI ZA SERIKALI row 69,,Imported from the provided invitation/stakeholder workbook; confirm mandate and contacts in System Settings before operational use.
agency,Msajili wa Vyama vya Siasa (Registrar of Political Parties),,Government,Government Institution,Agency / Authority / Corporation,"Education/Research, Finance/Risk Financing",,Msajili Mkuu,,,,,,"Msajili Mkuu, Msajili wa Vyama vya Siasa S.L.P 5765, Dar es Salaam Tanzania.",,ORODHA YA WASHIRIKI.xlsx,TAASISI ZA SERIKALI,70,Provided invitation workbook / TAASISI ZA SERIKALI row 70,,Imported from the provided invitation/stakeholder workbook; confirm mandate and contacts in System Settings before operational use.
agency,Baraza la Uwezeshaji Wananchi Kiuchumi (National Economic Empowerment Council),,Government,Government Institution,Agency / Authority / Corporation,Cross-sector DRR,,Mtendaji Mkuu,,,,,,"Mtendaji Mkuu, Baraza la Uwezeshaji Wananchi Kiuchumi Dodoma Tanzania.",,ORODHA YA WASHIRIKI.xlsx,TAASISI ZA SERIKALI,71,Provided invitation workbook / TAASISI ZA SERIKALI row 71,,Imported from the provided invitation/stakeholder workbook; confirm mandate and contacts in System Settings before operational use.
agency,Baraza la Biashara la Taifa (Tanzania National Business Council),,Government,Government Institution,Agency / Authority / Corporation,Trade/Industry/Private Sector,,Mtendaji Mkuu,,,,,,"Mtendaji Mkuu, Baraza la Biashara la Taifa Dodoma Tanzania.",,ORODHA YA WASHIRIKI.xlsx,TAASISI ZA SERIKALI,72,Provided invitation workbook / TAASISI ZA SERIKALI row 72,,Imported from the provided invitation/stakeholder workbook; confirm mandate and contacts in System Settings before operational use.
agency,Tanzania Shipping Agencies Corporation (Shirika la Mawakala wa Meli Tanzania),TASAC,Government,Government Institution,Agency / Authority / Corporation,Cross-sector DRR,,Mkurugenzi Mkuu,,,,,,"Mkurugenzi Mkuu, TASAC - Shirika la Mawakala wa Meli Tanzania S.L.P 7562, Dar es Salaam Tanzania.",,ORODHA YA WASHIRIKI.xlsx,TAASISI ZA SERIKALI,73,Provided invitation workbook / TAASISI ZA SERIKALI row 73,,Imported from the provided invitation/stakeholder workbook; confirm mandate and contacts in System Settings before operational use.
agency,Tanzania Atomic Energy Commission (Tume ya Nguvu za Atomiki Tanzania),TAEC,Government,Government Institution,Agency / Authority / Corporation,Energy,,Mkurugenzi Mkuu,,,,,,"Mkurugenzi Mkuu, TAEC - Tume ya Nguvu za Atomiki Tanzania S.L.P 743, Arusha Tanzania.",,ORODHA YA WASHIRIKI.xlsx,TAASISI ZA SERIKALI,74,Provided invitation workbook / TAASISI ZA SERIKALI row 74,,Imported from the provided invitation/stakeholder workbook; confirm mandate and contacts in System Settings before operational use.
agency,National Food Reserve Agency (Wakala wa Taifa wa Hifadhi ya Chakula),NFRA,Government,Government Institution,Agency / Authority / Corporation,Agriculture/Food Security,,Mtendaji Mkuu,,,,,,"Mtendaji Mkuu, NFRA - Wakala wa Taifa wa Hifadhi ya Chakula Eneo la Viwanda, Kizota, S.L.P 1050, Dodoma Tanzania.",,ORODHA YA WASHIRIKI.xlsx,TAASISI ZA SERIKALI,75,Provided invitation workbook / TAASISI ZA SERIKALI row 75,,Imported from the provided invitation/stakeholder workbook; confirm mandate and contacts in System Settings before operational use.
agency,Tanzania Food and Nutrition Centre (Taasisi ya Chakula na Lishe Tanzania),TFNC,Government,Government Institution,Agency / Authority / Corporation,Agriculture/Food Security,,Mtendaji Mkuu,,,,,,"Mtendaji Mkuu, TFNC - Taasisi ya Chakula na Lishe Tanzania S.L.P 977, Dar es Salaam Tanzania.",,ORODHA YA WASHIRIKI.xlsx,TAASISI ZA SERIKALI,76,Provided invitation workbook / TAASISI ZA SERIKALI row 76,,Imported from the provided invitation/stakeholder workbook; confirm mandate and contacts in System Settings before operational use.
agency,Geological Survey of Tanzania (Wakala wa Jiolojia Tanzania),GST,Government,Government Institution,Agency / Authority / Corporation,Geology/Minerals,,Mtendaji Mkuu,,,,,,"Mtendaji Mkuu, GST - Geological Survey of Tanzania S.L.P 903, Dodoma Tanzania.",,ORODHA YA WASHIRIKI.xlsx,TAASISI ZA SERIKALI,77,Provided invitation workbook / TAASISI ZA SERIKALI row 77,,Imported from the provided invitation/stakeholder workbook; confirm mandate and contacts in System Settings before operational use.
agency,Tanzania Wildlife Research Institute (Taasisi ya Utafiti wa Wanyamapori Tanzania),TAWIRI,Government,Government Institution,Agency / Authority / Corporation,"Environment/Natural Resources, Education/Research",,Mkurugenzi Mkuu,,,,,,"Mkurugenzi Mkuu, TAWIRI - Taasisi ya Utafiti wa Wanyamapori Tanzania S.L.P 661, Arusha Tanzania.",,ORODHA YA WASHIRIKI.xlsx,TAASISI ZA SERIKALI,78,Provided invitation workbook / TAASISI ZA SERIKALI row 78,,Imported from the provided invitation/stakeholder workbook; confirm mandate and contacts in System Settings before operational use.
agency,Tanzania Buildings Agency (Wakala wa Majengo Tanzania),TBA,Government,Government Institution,Agency / Authority / Corporation,Humanitarian/DRR,,Mkurugenzi Mkuu,,,,,,"Mkurugenzi Mkuu, TBA - Wakala wa Majengo Tanzania S.L.P 506, Dodoma Tanzania.",,ORODHA YA WASHIRIKI.xlsx,TAASISI ZA SERIKALI,79,Provided invitation workbook / TAASISI ZA SERIKALI row 79,,Imported from the provided invitation/stakeholder workbook; confirm mandate and contacts in System Settings before operational use.
agency,Tanzania Veterinary Laboratory Agency (Wakala wa Maabara ya Mifugo Tanzania),TVLA,Government,Government Institution,Agency / Authority / Corporation,"Health, Livestock/Fisheries",,Mkurugenzi Mkuu,,,,,,"Mkurugenzi Mkuu, TVLA - Wakala wa Maabara ya Mifugo Tanzania S.L.P 1364, Dodoma Tanzania.",,ORODHA YA WASHIRIKI.xlsx,TAASISI ZA SERIKALI,80,Provided invitation workbook / TAASISI ZA SERIKALI row 80,,Imported from the provided invitation/stakeholder workbook; confirm mandate and contacts in System Settings before operational use.
agency,Mamlaka ya Udhibiti Uvuvi Bahari Kuu – Zanzibar (Deep Sea Fishing Authority),,Government,Government Institution,Agency / Authority / Corporation,Livestock/Fisheries,,Mkurugenzi Mkuu,,,,,,"Mkurugenzi Mkuu, Mamlaka ya Udhibiti Uvuvi Bahari Kuu - Zanzibar Zanzibar, Tanzania.",,ORODHA YA WASHIRIKI.xlsx,TAASISI ZA SERIKALI,81,Provided invitation workbook / TAASISI ZA SERIKALI row 81,,Imported from the provided invitation/stakeholder workbook; confirm mandate and contacts in System Settings before operational use.
agency,Contractors Registration Board (Bodi ya Usajili wa Wakandarasi),CRB,Government,Government Institution,Agency / Authority / Corporation,Finance/Risk Financing,,Mwenyekiti wa Bodi,,,,,,"Mwenyekiti wa Bodi, CRB - Bodi ya Usajili wa Wakandarasi S.L.P 1953, Dar es Salaam Tanzania.",,ORODHA YA WASHIRIKI.xlsx,TAASISI ZA SERIKALI,82,Provided invitation workbook / TAASISI ZA SERIKALI row 82,,Imported from the provided invitation/stakeholder workbook; confirm mandate and contacts in System Settings before operational use.
agency,Mamlaka ya Usafiri Baharini – Zanzibar (Zanzibar Maritime Authority),,Government,Government Institution,Agency / Authority / Corporation,Cross-sector DRR,,Mkurugenzi Mkuu,,,,,,"Mkurugenzi Mkuu, Mamlaka ya Usafiri Baharini - Zanzibar Zanzibar, Tanzania.",,ORODHA YA WASHIRIKI.xlsx,TAASISI ZA SERIKALI,83,Provided invitation workbook / TAASISI ZA SERIKALI row 83,,Imported from the provided invitation/stakeholder workbook; confirm mandate and contacts in System Settings before operational use.
agency,Jiji la Dodoma (Dodoma City Council),,Government,Government Institution,Agency / Authority / Corporation,Cross-sector DRR,,Mkurugenzi,,,,,,"Mkurugenzi, Jiji la Dodoma S.L.P 353, Dodoma Tanzania.",,ORODHA YA WASHIRIKI.xlsx,TAASISI ZA SERIKALI,84,Provided invitation workbook / TAASISI ZA SERIKALI row 84,,Imported from the provided invitation/stakeholder workbook; confirm mandate and contacts in System Settings before operational use.
agency,Wilaya ya Dodoma (Dodoma District),,Government,Government Institution,Agency / Authority / Corporation,Cross-sector DRR,,Katibu Tawala,,,,,,"Katibu Tawala, Wilaya ya Dodoma S.L.P 526, Dodoma Tanzania.",,ORODHA YA WASHIRIKI.xlsx,TAASISI ZA SERIKALI,85,Provided invitation workbook / TAASISI ZA SERIKALI row 85,,Imported from the provided invitation/stakeholder workbook; confirm mandate and contacts in System Settings before operational use.
agency,Elizabeth Glaser Pediatric AIDS Foundation,EGPAF,Government,Government Institution,Agency / Authority / Corporation,Cross-sector DRR,,Mkurugenzi wa Nchi,,,,,,"Mkurugenzi wa Nchi, EGPAF P.O. Box 1628, Dar es Salaam Tanzania.",,ORODHA YA WASHIRIKI.xlsx,TAASISI ZA SERIKALI,86,Provided invitation workbook / TAASISI ZA SERIKALI row 86,,Imported from the provided invitation/stakeholder workbook; confirm mandate and contacts in System Settings before operational use.
agency,Dar es Salaam Water and Sewerage Authority (Mamlaka ya Maji Safi na Usafi wa Mazingira Dar es Salaam),DAWASA,Government,Government Institution,Agency / Authority / Corporation,"Water/WASH, Environment/Natural Resources",,Mkurugenzi Mkuu,,,,,,"Mkurugenzi Mkuu, DAWASA - Mamlaka ya Maji Safi na Usafi wa Mazingira Dar es Salaam S.L.P 5340, Dar es Salaam Tanzania.",,ORODHA YA WASHIRIKI.xlsx,TAASISI ZA SERIKALI,87,Provided invitation workbook / TAASISI ZA SERIKALI row 87,,Imported from the provided invitation/stakeholder workbook; confirm mandate and contacts in System Settings before operational use.
agency,Rural Energy Agency (Wakala wa Nishati Vijijini),REA,Government,Government Institution,Agency / Authority / Corporation,Energy,,Mkurugenzi Mkuu,,,,,,"Mkurugenzi Mkuu, REA - Wakala wa Nishati Vijijini S.L.P 1882, Dodoma Tanzania.",,ORODHA YA WASHIRIKI.xlsx,TAASISI ZA SERIKALI,88,Provided invitation workbook / TAASISI ZA SERIKALI row 88,,Imported from the provided invitation/stakeholder workbook; confirm mandate and contacts in System Settings before operational use.
agency,"Tanzania Electrical, Mechanical and Electronics Services Agency (Wakala wa Huduma za Umeme, Ufundi na Elektroniki Tanzania)",TEMESA,Government,Government Institution,Agency / Authority / Corporation,Cross-sector DRR,,Mkurugenzi Mkuu,,,,,,"Mkurugenzi Mkuu, TEMESA - Wakala wa Huduma za Umeme, Ufundi na Elektroniki Tanzania S.L.P 5765, Dar es Salaam Tanzania.",,ORODHA YA WASHIRIKI.xlsx,TAASISI ZA SERIKALI,89,Provided invitation workbook / TAASISI ZA SERIKALI row 89,,Imported from the provided invitation/stakeholder workbook; confirm mandate and contacts in System Settings before operational use.
agency,Small Industries Development Organization (Shirika la Maendeleo ya Viwanda Vidogo),SIDO,Government,Government Institution,Agency / Authority / Corporation,Trade/Industry/Private Sector,,Mkurugenzi Mkuu,,,,,,"Mkurugenzi Mkuu, SIDO - Shirika la Maendeleo ya Viwanda Vidogo S.L.P 2476, Dar es Salaam Tanzania.",,ORODHA YA WASHIRIKI.xlsx,TAASISI ZA SERIKALI,90,Provided invitation workbook / TAASISI ZA SERIKALI row 90,,Imported from the provided invitation/stakeholder workbook; confirm mandate and contacts in System Settings before operational use.
agency,National Housing and Building Research Agency (Taasisi ya Utafiti wa Nyumba na Ujenzi),NHBRA,Government,Government Institution,Agency / Authority / Corporation,"Infrastructure/Transport, Education/Research",,Mkurugenzi Mkuu,,,,,,"Mkurugenzi Mkuu, NHBRA - Taasisi ya Utafiti wa Nyumba na Ujenzi TBA House, 2 Moshi Street, S.L.P 638, Dodoma Tanzania.",,ORODHA YA WASHIRIKI.xlsx,TAASISI ZA SERIKALI,91,Provided invitation workbook / TAASISI ZA SERIKALI row 91,,Imported from the provided invitation/stakeholder workbook; confirm mandate and contacts in System Settings before operational use.
stakeholder,AMREF Health Africa,,NGO,NGO,Civil society / humanitarian,Health,,Mkurugenzi wa Nchi,,,,,,"Mkurugenzi wa Nchi, AMREF Health Africa Tanzania Ali Hassan Mwinyi Rd, Dar es Salaam Tanzania.",,ORODHA YA WASHIRIKI.xlsx,NGOS,3,Provided invitation workbook / NGOS row 3,,Imported from the provided invitation/stakeholder workbook; confirm mandate and contacts in System Settings before operational use.
stakeholder,CARE International Tanzania,,NGO,NGO,Civil society / humanitarian,Humanitarian/DRR,,Mkurugenzi wa Nchi,,,,,,"Mkurugenzi wa Nchi, CARE International Tanzania Dar es Salaam Tanzania.",,ORODHA YA WASHIRIKI.xlsx,NGOS,4,Provided invitation workbook / NGOS row 4,,Imported from the provided invitation/stakeholder workbook; confirm mandate and contacts in System Settings before operational use.
stakeholder,Médecins Sans Frontières (MSF),MSF,NGO,NGO,Civil society / humanitarian,Health,,Mwakilishi wa Nchi,,,,,,"Mwakilishi wa Nchi, Médecins Sans Frontières (MSF) Dar es Salaam Tanzania.",,ORODHA YA WASHIRIKI.xlsx,NGOS,5,Provided invitation workbook / NGOS row 5,,Imported from the provided invitation/stakeholder workbook; confirm mandate and contacts in System Settings before operational use.
stakeholder,World Vision Tanzania,,NGO,NGO,Civil society / humanitarian,Humanitarian/DRR,,Mkurugenzi wa Nchi,,,,,,"Mkurugenzi wa Nchi, World Vision Tanzania P.O. Box 6070, Arusha Tanzania.",,ORODHA YA WASHIRIKI.xlsx,NGOS,6,Provided invitation workbook / NGOS row 6,,Imported from the provided invitation/stakeholder workbook; confirm mandate and contacts in System Settings before operational use.
stakeholder,Save the Children Tanzania,,NGO,NGO,Civil society / humanitarian,Social Protection/Special Groups,,Mkurugenzi wa Nchi,,,,,,"Mkurugenzi wa Nchi, Save the Children Tanzania Dar es Salaam Tanzania.",,ORODHA YA WASHIRIKI.xlsx,NGOS,7,Provided invitation workbook / NGOS row 7,,Imported from the provided invitation/stakeholder workbook; confirm mandate and contacts in System Settings before operational use.
stakeholder,Plan International Tanzania,,NGO,NGO,Civil society / humanitarian,Humanitarian/DRR,,Mkurugenzi wa Nchi,,,,,,"Mkurugenzi wa Nchi, Plan International Tanzania Dar es Salaam Tanzania.",,ORODHA YA WASHIRIKI.xlsx,NGOS,8,Provided invitation workbook / NGOS row 8,,Imported from the provided invitation/stakeholder workbook; confirm mandate and contacts in System Settings before operational use.
stakeholder,Danish Refugee Council (DRC),DRC,NGO,NGO,Civil society / humanitarian,Humanitarian/DRR,,Mkurugenzi wa Nchi,,,,,,"Mkurugenzi wa Nchi, Danish Refugee Council (DRC) Tanzania Dar es Salaam Tanzania.",,ORODHA YA WASHIRIKI.xlsx,NGOS,9,Provided invitation workbook / NGOS row 9,,Imported from the provided invitation/stakeholder workbook; confirm mandate and contacts in System Settings before operational use.
stakeholder,Norwegian Refugee Council (NRC),NRC,NGO,NGO,Civil society / humanitarian,Humanitarian/DRR,,Mkurugenzi wa Nchi,,,,,,"Mkurugenzi wa Nchi, Norwegian Refugee Council (NRC) Tanzania Dar es Salaam Tanzania.",,ORODHA YA WASHIRIKI.xlsx,NGOS,10,Provided invitation workbook / NGOS row 10,,Imported from the provided invitation/stakeholder workbook; confirm mandate and contacts in System Settings before operational use.
stakeholder,International Rescue Committee (IRC),IRC,NGO,NGO,Civil society / humanitarian,Security/Response,,Mkurugenzi wa Nchi,,,,,,"Mkurugenzi wa Nchi, International Rescue Committee (IRC) Tanzania Dar es Salaam Tanzania.",,ORODHA YA WASHIRIKI.xlsx,NGOS,11,Provided invitation workbook / NGOS row 11,,Imported from the provided invitation/stakeholder workbook; confirm mandate and contacts in System Settings before operational use.
stakeholder,WWF Tanzania,,NGO,NGO,Civil society / humanitarian,Humanitarian/DRR,,Mkurugenzi wa Nchi,,,,,,"Mkurugenzi wa Nchi, WWF Tanzania Dar es Salaam Tanzania.",,ORODHA YA WASHIRIKI.xlsx,NGOS,12,Provided invitation workbook / NGOS row 12,,Imported from the provided invitation/stakeholder workbook; confirm mandate and contacts in System Settings before operational use.
stakeholder,SNV Netherlands Development Organisation,,NGO,NGO,Civil society / humanitarian,Land Use/Urban Planning,,Mkurugenzi wa Nchi,,,,,,"Mkurugenzi wa Nchi, SNV Netherlands Development Organisation Dar es Salaam Tanzania.",,ORODHA YA WASHIRIKI.xlsx,NGOS,13,Provided invitation workbook / NGOS row 13,,Imported from the provided invitation/stakeholder workbook; confirm mandate and contacts in System Settings before operational use.
stakeholder,Farm Africa Tanzania,,NGO,NGO,Civil society / humanitarian,Humanitarian/DRR,,Mkurugenzi wa Nchi,,,,,,"Mkurugenzi wa Nchi, Farm Africa Tanzania Dar es Salaam Tanzania.",,ORODHA YA WASHIRIKI.xlsx,NGOS,14,Provided invitation workbook / NGOS row 14,,Imported from the provided invitation/stakeholder workbook; confirm mandate and contacts in System Settings before operational use.
stakeholder,Adventist Development and Relief Agency (ADRA),ADRA,NGO,NGO,Civil society / humanitarian,Infrastructure/Transport,,Mkurugenzi wa Nchi,,,,,,"Mkurugenzi wa Nchi, ADRA Tanzania Dar es Salaam Tanzania.",,ORODHA YA WASHIRIKI.xlsx,NGOS,15,Provided invitation workbook / NGOS row 15,,Imported from the provided invitation/stakeholder workbook; confirm mandate and contacts in System Settings before operational use.
stakeholder,RAPID Tanzania,,NGO,NGO,Civil society / humanitarian,Humanitarian/DRR,,Mkurugenzi,,,,,,"Mkurugenzi, RAPID Tanzania Dar es Salaam Tanzania.",,ORODHA YA WASHIRIKI.xlsx,NGOS,16,Provided invitation workbook / NGOS row 16,,Imported from the provided invitation/stakeholder workbook; confirm mandate and contacts in System Settings before operational use.
stakeholder,Relief to Development Society (REDESO),REDESO,NGO,NGO,Civil society / humanitarian,Infrastructure/Transport,,Mkurugenzi,,,,,,"Mkurugenzi, Relief to Development Society (REDESO) Dar es Salaam Tanzania.",,ORODHA YA WASHIRIKI.xlsx,NGOS,17,Provided invitation workbook / NGOS row 17,,Imported from the provided invitation/stakeholder workbook; confirm mandate and contacts in System Settings before operational use.
stakeholder,Art in Tanzania,,NGO,NGO,Civil society / humanitarian,Humanitarian/DRR,,Mkurugenzi,,,,,,"Mkurugenzi, Art in Tanzania Dar es Salaam Tanzania.",,ORODHA YA WASHIRIKI.xlsx,NGOS,18,Provided invitation workbook / NGOS row 18,,Imported from the provided invitation/stakeholder workbook; confirm mandate and contacts in System Settings before operational use.
stakeholder,Roll-Back Antimicrobial Resistance Initiative (RBA Initiative),,NGO,NGO,Civil society / humanitarian,Humanitarian/DRR,,Mkurugenzi,,,,,,"Mkurugenzi, Roll-Back Antimicrobial Resistance Initiative (RBA Initiative) Dar es Salaam Tanzania.",,ORODHA YA WASHIRIKI.xlsx,NGOS,19,Provided invitation workbook / NGOS row 19,,Imported from the provided invitation/stakeholder workbook; confirm mandate and contacts in System Settings before operational use.
stakeholder,Comparatively for Tanzania Elites Community Organizers (CTECO),CTECO,NGO,NGO,Civil society / humanitarian,Social Protection/Special Groups,,Mkurugenzi,,,,,,"Mkurugenzi, Comparatively for Tanzania Elites Community Organizers (CTECO) Dar es Salaam Tanzania.",,ORODHA YA WASHIRIKI.xlsx,NGOS,20,Provided invitation workbook / NGOS row 20,,Imported from the provided invitation/stakeholder workbook; confirm mandate and contacts in System Settings before operational use.
stakeholder,African One Health Universities Network (AFROHUN),AFROHUN,NGO,NGO,Civil society / humanitarian,"Health, Education/Research",,Mratibu wa Nchi,,,,,,"Mratibu wa Nchi, African One Health Universities Network (AFROHUN) Dar es Salaam Tanzania.",,ORODHA YA WASHIRIKI.xlsx,NGOS,21,Provided invitation workbook / NGOS row 21,,Imported from the provided invitation/stakeholder workbook; confirm mandate and contacts in System Settings before operational use.
stakeholder,AFRIQUEOne ASPIRE,,NGO,NGO,Civil society / humanitarian,Humanitarian/DRR,,Mkurugenzi,,,,,,"Mkurugenzi, AFRIQUEOne ASPIRE Dar es Salaam Tanzania.",,ORODHA YA WASHIRIKI.xlsx,NGOS,22,Provided invitation workbook / NGOS row 22,,Imported from the provided invitation/stakeholder workbook; confirm mandate and contacts in System Settings before operational use.
stakeholder,Ifakara Health Institute (IHI),IHI,NGO,NGO,Civil society / humanitarian,Health,,Mkurugenzi Mkuu,,,,,,"Mkurugenzi Mkuu, Ifakara Health Institute (IHI) Kiko Avenue, Mikocheni, P.O. Box 78373, Dar es Salaam Tanzania.",,ORODHA YA WASHIRIKI.xlsx,NGOS,23,Provided invitation workbook / NGOS row 23,,Imported from the provided invitation/stakeholder workbook; confirm mandate and contacts in System Settings before operational use.
stakeholder,Southern African Centre for Infectious Disease and Surveillance (SACIDS),SACIDS,NGO,NGO,Civil society / humanitarian,Humanitarian/DRR,,Mkurugenzi,,,,,,"Mkurugenzi, SACIDS Morogoro, Tanzania.",,ORODHA YA WASHIRIKI.xlsx,NGOS,24,Provided invitation workbook / NGOS row 24,,Imported from the provided invitation/stakeholder workbook; confirm mandate and contacts in System Settings before operational use.
stakeholder,Chama cha Msalaba Mwekundu Tanzania (TRCS),TRCS,NGO,NGO,Civil society / humanitarian,Humanitarian/DRR,,Katibu Mkuu,,,,,,"Katibu Mkuu, Chama cha Msalaba Mwekundu Tanzania (TRCS) Ali Hassan Mwinyi Rd, Dar es Salaam Tanzania.",,ORODHA YA WASHIRIKI.xlsx,NGOS,25,Provided invitation workbook / NGOS row 25,,Imported from the provided invitation/stakeholder workbook; confirm mandate and contacts in System Settings before operational use.
stakeholder,Chama cha Skauti Tanzania,,NGO,NGO,Civil society / humanitarian,Humanitarian/DRR,,Kamishna Mkuu,,,,,,"Kamishna Mkuu, Chama cha Skauti Tanzania S.L.P 945, Dar es Salaam Tanzania.",,ORODHA YA WASHIRIKI.xlsx,NGOS,26,Provided invitation workbook / NGOS row 26,,Imported from the provided invitation/stakeholder workbook; confirm mandate and contacts in System Settings before operational use.
stakeholder,CARITAS Tanzania,,NGO,NGO,Civil society / humanitarian,Humanitarian/DRR,,Mkurugenzi,,,,,,"Mkurugenzi, CARITAS Tanzania S.L.P 2133, Dodoma Tanzania.",,ORODHA YA WASHIRIKI.xlsx,NGOS,27,Provided invitation workbook / NGOS row 27,,Imported from the provided invitation/stakeholder workbook; confirm mandate and contacts in System Settings before operational use.
stakeholder,SUKOS,,NGO,NGO,Civil society / humanitarian,Humanitarian/DRR,,Mkurugenzi,,,,,,"Mkurugenzi, SUKOS Dodoma Tanzania.",,ORODHA YA WASHIRIKI.xlsx,NGOS,28,Provided invitation workbook / NGOS row 28,,Imported from the provided invitation/stakeholder workbook; confirm mandate and contacts in System Settings before operational use.
stakeholder,Building Resilience to Disasters (BRD),BRD,NGO,NGO,Civil society / humanitarian,Humanitarian/DRR,,Mkurugenzi,,,,,,"Mkurugenzi, Building Resilience to Disasters (BRD) Dar es Salaam Tanzania.",,ORODHA YA WASHIRIKI.xlsx,NGOS,29,Provided invitation workbook / NGOS row 29,,Imported from the provided invitation/stakeholder workbook; confirm mandate and contacts in System Settings before operational use.
stakeholder,National Council of Non-Governmental Organisations (NACONGO),NACONGO,NGO,NGO,Civil society / humanitarian,Humanitarian/DRR,,Mkurugenzi Mtendaji,,,,,,"Mkurugenzi Mtendaji, NACONGO Dar es Salaam Tanzania.",,ORODHA YA WASHIRIKI.xlsx,NGOS,30,Provided invitation workbook / NGOS row 30,,Imported from the provided invitation/stakeholder workbook; confirm mandate and contacts in System Settings before operational use.
stakeholder,Climate Action Network Tanzania,,NGO,NGO,Civil society / humanitarian,Weather/Climate,,Mkurugenzi,,,,,,"Mkurugenzi, Climate Action Network Tanzania Dar es Salaam Tanzania.",,ORODHA YA WASHIRIKI.xlsx,NGOS,31,Provided invitation workbook / NGOS row 31,,Imported from the provided invitation/stakeholder workbook; confirm mandate and contacts in System Settings before operational use.
stakeholder,Tanzania Refugee and Migration Network,,NGO,NGO,Civil society / humanitarian,Humanitarian/DRR,,Mratibu,,,,,,"Mratibu, Tanzania Refugee and Migration Network Dar es Salaam Tanzania.",,ORODHA YA WASHIRIKI.xlsx,NGOS,32,Provided invitation workbook / NGOS row 32,,Imported from the provided invitation/stakeholder workbook; confirm mandate and contacts in System Settings before operational use.
stakeholder,ActionAid Tanzania,,NGO,NGO,Civil society / humanitarian,Humanitarian/DRR,,Mkurugenzi wa Nchi,,,,,,"Mkurugenzi wa Nchi, ActionAid Tanzania P.O. Box 21496, Dar es Salaam Tanzania.",,ORODHA YA WASHIRIKI.xlsx,NGOS,33,Provided invitation workbook / NGOS row 33,,Imported from the provided invitation/stakeholder workbook; confirm mandate and contacts in System Settings before operational use.
stakeholder,Oxfam Tanzania,,NGO,NGO,Civil society / humanitarian,Humanitarian/DRR,,Mkurugenzi wa Nchi,,,,,,"Mkurugenzi wa Nchi, Oxfam Tanzania Plot 37, Mirambo St, P.O. Box 71403, Dar es Salaam Tanzania.",,ORODHA YA WASHIRIKI.xlsx,NGOS,34,Provided invitation workbook / NGOS row 34,,Imported from the provided invitation/stakeholder workbook; confirm mandate and contacts in System Settings before operational use.
stakeholder,HelpAge International Tanzania,,NGO,NGO,Civil society / humanitarian,Humanitarian/DRR,,Mkurugenzi wa Nchi,,,,,,"Mkurugenzi wa Nchi, HelpAge International Tanzania Dar es Salaam Tanzania.",,ORODHA YA WASHIRIKI.xlsx,NGOS,35,Provided invitation workbook / NGOS row 35,,Imported from the provided invitation/stakeholder workbook; confirm mandate and contacts in System Settings before operational use.
stakeholder,Concern Worldwide Tanzania,,NGO,NGO,Civil society / humanitarian,Humanitarian/DRR,,Mkurugenzi wa Nchi,,,,,,"Mkurugenzi wa Nchi, Concern Worldwide Tanzania Dar es Salaam Tanzania.",,ORODHA YA WASHIRIKI.xlsx,NGOS,36,Provided invitation workbook / NGOS row 36,,Imported from the provided invitation/stakeholder workbook; confirm mandate and contacts in System Settings before operational use.
stakeholder,Catholic Relief Services (CRS) Tanzania,CRS,NGO,NGO,Civil society / humanitarian,Infrastructure/Transport,,Mkurugenzi wa Nchi,,,,,,"Mkurugenzi wa Nchi, Catholic Relief Services (CRS) Tanzania P.O. Box 5747, Dar es Salaam Tanzania.",,ORODHA YA WASHIRIKI.xlsx,NGOS,37,Provided invitation workbook / NGOS row 37,,Imported from the provided invitation/stakeholder workbook; confirm mandate and contacts in System Settings before operational use.
stakeholder,Tanzania Natural Resource Forum (TNRF),TNRF,NGO,NGO,Civil society / humanitarian,Humanitarian/DRR,,Mkurugenzi Mtendaji,,,,,,"Mkurugenzi Mtendaji, Tanzania Natural Resource Forum (TNRF) P.O. Box 15605, Arusha Tanzania.",,ORODHA YA WASHIRIKI.xlsx,NGOS,38,Provided invitation workbook / NGOS row 38,,Imported from the provided invitation/stakeholder workbook; confirm mandate and contacts in System Settings before operational use.
stakeholder,PINGO's Forum,,NGO,NGO,Civil society / humanitarian,Humanitarian/DRR,,Mkurugenzi Mtendaji,,,,,,"Mkurugenzi Mtendaji, PINGO's Forum P.O. Box 14437, Arusha Tanzania.",,ORODHA YA WASHIRIKI.xlsx,NGOS,39,Provided invitation workbook / NGOS row 39,,Imported from the provided invitation/stakeholder workbook; confirm mandate and contacts in System Settings before operational use.
stakeholder,Forum CC (Forum for Climate Change),,NGO,NGO,Civil society / humanitarian,Weather/Climate,,Mratibu,,,,,,"Mratibu, Forum CC (Forum for Climate Change) Dar es Salaam Tanzania.",,ORODHA YA WASHIRIKI.xlsx,NGOS,40,Provided invitation workbook / NGOS row 40,,Imported from the provided invitation/stakeholder workbook; confirm mandate and contacts in System Settings before operational use.
stakeholder,Dar es Salaam Multi-Agency Emergency Response Team (DarMAERT),,NGO,NGO,Civil society / humanitarian,Humanitarian/DRR,,Mratibu,,,,,,"Mratibu, DarMAERT Dar es Salaam Tanzania.",,ORODHA YA WASHIRIKI.xlsx,NGOS,41,Provided invitation workbook / NGOS row 41,,Imported from the provided invitation/stakeholder workbook; confirm mandate and contacts in System Settings before operational use.
stakeholder,Tanzania Civil Society Consortium on Disaster Risk Reduction,,NGO,NGO,Civil society / humanitarian,Humanitarian/DRR,,Mratibu,,,,,,"Mratibu, Tanzania Civil Society Consortium on Disaster Risk Reduction Dar es Salaam Tanzania.",,ORODHA YA WASHIRIKI.xlsx,NGOS,42,Provided invitation workbook / NGOS row 42,,Imported from the provided invitation/stakeholder workbook; confirm mandate and contacts in System Settings before operational use.
stakeholder,Hakiardhi - Land Rights Research and Resources Institute,,NGO,NGO,Civil society / humanitarian,Land Use/Urban Planning,,Mkurugenzi Mtendaji,,,,,,"Mkurugenzi Mtendaji, Hakiardhi P.O. Box 75885, Dar es Salaam Tanzania.",,ORODHA YA WASHIRIKI.xlsx,NGOS,43,Provided invitation workbook / NGOS row 43,,Imported from the provided invitation/stakeholder workbook; confirm mandate and contacts in System Settings before operational use.
stakeholder,WaterAid Tanzania,,NGO,NGO,Civil society / humanitarian,Water/WASH,,Mkurugenzi wa Nchi,,,,,,"Mkurugenzi wa Nchi, WaterAid Tanzania P.O. Box 33759, Dar es Salaam Tanzania.",,ORODHA YA WASHIRIKI.xlsx,NGOS,44,Provided invitation workbook / NGOS row 44,,Imported from the provided invitation/stakeholder workbook; confirm mandate and contacts in System Settings before operational use.
stakeholder,Tanzania Gender Networking Programme (TGNP),TGNP,NGO,NGO,Civil society / humanitarian,Social Protection/Special Groups,,Mkurugenzi Mtendaji,,,,,,"Mkurugenzi Mtendaji, TGNP Dar es Salaam Tanzania.",,ORODHA YA WASHIRIKI.xlsx,NGOS,45,Provided invitation workbook / NGOS row 45,,Imported from the provided invitation/stakeholder workbook; confirm mandate and contacts in System Settings before operational use.
stakeholder,Policy Forum Tanzania,,NGO,NGO,Civil society / humanitarian,Humanitarian/DRR,,Mkurugenzi Mtendaji,,,,,,"Mkurugenzi Mtendaji, Policy Forum Tanzania P.O. Box 38486, Dar es Salaam Tanzania.",,ORODHA YA WASHIRIKI.xlsx,NGOS,46,Provided invitation workbook / NGOS row 46,,Imported from the provided invitation/stakeholder workbook; confirm mandate and contacts in System Settings before operational use.
stakeholder,Foundation for Civil Society (FCS),FCS,NGO,NGO,Civil society / humanitarian,Humanitarian/DRR,,Mkurugenzi Mtendaji,,,,,,"Mkurugenzi Mtendaji, Foundation for Civil Society (FCS) P.O. Box 7192, Dar es Salaam Tanzania.",,ORODHA YA WASHIRIKI.xlsx,NGOS,47,Provided invitation workbook / NGOS row 47,,Imported from the provided invitation/stakeholder workbook; confirm mandate and contacts in System Settings before operational use.
stakeholder,Haki Elimu,,NGO,NGO,Civil society / humanitarian,Education/Research,,Mkurugenzi Mtendaji,,,,,,"Mkurugenzi Mtendaji, Haki Elimu P.O. Box 79401, Dar es Salaam Tanzania.",,ORODHA YA WASHIRIKI.xlsx,NGOS,48,Provided invitation workbook / NGOS row 48,,Imported from the provided invitation/stakeholder workbook; confirm mandate and contacts in System Settings before operational use.
stakeholder,Mtandao wa Jinsia Tanzania (TGNP Mtandao),,NGO,NGO,Civil society / humanitarian,Social Protection/Special Groups,,Mratibu,,,,,,"Mratibu, TGNP Mtandao P.O. Box 8921, Dar es Salaam Tanzania.",,ORODHA YA WASHIRIKI.xlsx,NGOS,49,Provided invitation workbook / NGOS row 49,,Imported from the provided invitation/stakeholder workbook; confirm mandate and contacts in System Settings before operational use.
stakeholder,Tanzania Association of NGOs (TANGO),TANGO,NGO,NGO,Civil society / humanitarian,Humanitarian/DRR,,Mkurugenzi Mtendaji,,,,,,"Mkurugenzi Mtendaji, Tanzania Association of NGOs (TANGO) Dar es Salaam Tanzania.",,ORODHA YA WASHIRIKI.xlsx,NGOS,50,Provided invitation workbook / NGOS row 50,,Imported from the provided invitation/stakeholder workbook; confirm mandate and contacts in System Settings before operational use.
stakeholder,Legal and Human Rights Centre (LHRC),LHRC,NGO,NGO,Civil society / humanitarian,Legal/Governance,,Mkurugenzi Mtendaji,,,,,,"Mkurugenzi Mtendaji, Legal and Human Rights Centre (LHRC) Dar es Salaam Tanzania.",,ORODHA YA WASHIRIKI.xlsx,NGOS,51,Provided invitation workbook / NGOS row 51,,Imported from the provided invitation/stakeholder workbook; confirm mandate and contacts in System Settings before operational use.
stakeholder,Tanzania Media Foundation (TMF),TMF,NGO,NGO,Civil society / humanitarian,Communication/Media,,Mkurugenzi Mtendaji,,,,,,"Mkurugenzi Mtendaji, Tanzania Media Foundation (TMF) Dar es Salaam Tanzania.",,ORODHA YA WASHIRIKI.xlsx,NGOS,52,Provided invitation workbook / NGOS row 52,,Imported from the provided invitation/stakeholder workbook; confirm mandate and contacts in System Settings before operational use.
stakeholder,Children's Dignity Forum (CDF),CDF,NGO,NGO,Civil society / humanitarian,Social Protection/Special Groups,,Mkurugenzi Mtendaji,,,,,,"Mkurugenzi Mtendaji, Children's Dignity Forum (CDF) Dar es Salaam Tanzania.",,ORODHA YA WASHIRIKI.xlsx,NGOS,53,Provided invitation workbook / NGOS row 53,,Imported from the provided invitation/stakeholder workbook; confirm mandate and contacts in System Settings before operational use.
stakeholder,UNA Tanzania,,NGO,NGO,Civil society / humanitarian,Humanitarian/DRR,,Mkurugenzi Mtendaji,,,,,,"Mkurugenzi Mtendaji, UNA Tanzania Dar es Salaam Tanzania.",,ORODHA YA WASHIRIKI.xlsx,NGOS,54,Provided invitation workbook / NGOS row 54,,Imported from the provided invitation/stakeholder workbook; confirm mandate and contacts in System Settings before operational use.
stakeholder,Sikika,,NGO,NGO,Civil society / humanitarian,Humanitarian/DRR,,Mkurugenzi Mtendaji,,,,,,"Mkurugenzi Mtendaji, Sikika P.O. Box 12183, Dar es Salaam Tanzania.",,ORODHA YA WASHIRIKI.xlsx,NGOS,55,Provided invitation workbook / NGOS row 55,,Imported from the provided invitation/stakeholder workbook; confirm mandate and contacts in System Settings before operational use.
stakeholder,United Nations Resident Coordinator's Office,,International,UN Agency,UN / multilateral,UN/Development,,Mratibu Mkazi wa UN Tanzania,,,,,,"Mratibu Mkazi wa UN Tanzania, United Nations Resident Coordinator's Office UN House, P.O. Box 9182, Dar es Salaam Tanzania.",,ORODHA YA WASHIRIKI.xlsx,UN AGENCIES,3,Provided invitation workbook / UN AGENCIES row 3,,Imported from the provided invitation/stakeholder workbook; confirm mandate and contacts in System Settings before operational use.
stakeholder,United Nations Development Programme,UNDP,International,UN Agency,UN / multilateral,UN/Development,,Mjumbe Mkazi,,,,,,"Mjumbe Mkazi, UNDP PSSSF Building, Plot 113, Sam Nujoma Rd, P.O. Box 9182, Dar es Salaam Tanzania.",,ORODHA YA WASHIRIKI.xlsx,UN AGENCIES,4,Provided invitation workbook / UN AGENCIES row 4,,Imported from the provided invitation/stakeholder workbook; confirm mandate and contacts in System Settings before operational use.
stakeholder,United Nations Children's Fund,UNICEF,International,UN Agency,UN / multilateral,Social Protection/Special Groups,,Mjumbe wa Nchi,,,,,,"Mjumbe wa Nchi, UNICEF Plot 133, Karume Road, P.O. Box 4076, Dar es Salaam Tanzania.",,ORODHA YA WASHIRIKI.xlsx,UN AGENCIES,5,Provided invitation workbook / UN AGENCIES row 5,,Imported from the provided invitation/stakeholder workbook; confirm mandate and contacts in System Settings before operational use.
stakeholder,World Food Programme,WFP,International,UN Agency,UN / multilateral,Agriculture/Food Security,,Mkurugenzi wa Nchi,,,,,,"Mkurugenzi wa Nchi, WFP Plot 113, Ada Estates, Burundi Drive, P.O. Box 77778, Dar es Salaam Tanzania.",,ORODHA YA WASHIRIKI.xlsx,UN AGENCIES,6,Provided invitation workbook / UN AGENCIES row 6,,Imported from the provided invitation/stakeholder workbook; confirm mandate and contacts in System Settings before operational use.
stakeholder,World Health Organization,WHO,International,UN Agency,UN / multilateral,Health,,Mjumbe wa Nchi,,,,,,"Mjumbe wa Nchi, WHO P.O. Box 9292, Dar es Salaam Tanzania.",,ORODHA YA WASHIRIKI.xlsx,UN AGENCIES,7,Provided invitation workbook / UN AGENCIES row 7,,Imported from the provided invitation/stakeholder workbook; confirm mandate and contacts in System Settings before operational use.
stakeholder,Food and Agriculture Organization,FAO,International,UN Agency,UN / multilateral,Agriculture/Food Security,,Mjumbe wa Nchi,,,,,,"Mjumbe wa Nchi, FAO P.O. Box 2, Dar es Salaam Tanzania.",,ORODHA YA WASHIRIKI.xlsx,UN AGENCIES,8,Provided invitation workbook / UN AGENCIES row 8,,Imported from the provided invitation/stakeholder workbook; confirm mandate and contacts in System Settings before operational use.
stakeholder,United Nations High Commissioner for Refugees,UNHCR,International,UN Agency,UN / multilateral,UN/Development,,Mjumbe wa Nchi,,,,,,"Mjumbe wa Nchi, UNHCR Ruhinde St, Plot 18, P.O. Box 2666, Dar es Salaam Tanzania.",,ORODHA YA WASHIRIKI.xlsx,UN AGENCIES,9,Provided invitation workbook / UN AGENCIES row 9,,Imported from the provided invitation/stakeholder workbook; confirm mandate and contacts in System Settings before operational use.
stakeholder,United Nations Population Fund,UNFPA,International,UN Agency,UN / multilateral,UN/Development,,Mjumbe wa Nchi,,,,,,"Mjumbe wa Nchi, UNFPA Plot 1658, Rufiji Street, Masaki, P.O. Box 2666, Dar es Salaam Tanzania.",,ORODHA YA WASHIRIKI.xlsx,UN AGENCIES,10,Provided invitation workbook / UN AGENCIES row 10,,Imported from the provided invitation/stakeholder workbook; confirm mandate and contacts in System Settings before operational use.
stakeholder,UN Women – United Nations Entity for Gender Equality and Women Empowerment,,International,UN Agency,UN / multilateral,Social Protection/Special Groups,,Mjumbe wa Nchi,,,,,,"Mjumbe wa Nchi, UN Women Plot 1658, Rufiji Street, Masaki, P.O. Box 2666, Dar es Salaam Tanzania.",,ORODHA YA WASHIRIKI.xlsx,UN AGENCIES,11,Provided invitation workbook / UN AGENCIES row 11,,Imported from the provided invitation/stakeholder workbook; confirm mandate and contacts in System Settings before operational use.
stakeholder,International Labour Organization,ILO,International,UN Agency,UN / multilateral,Social Protection/Special Groups,,Mkurugenzi wa Nchi,,,,,,"Mkurugenzi wa Nchi, ILO Kazi House, Maktaba St, P.O. Box 9212, Dar es Salaam Tanzania.",,ORODHA YA WASHIRIKI.xlsx,UN AGENCIES,12,Provided invitation workbook / UN AGENCIES row 12,,Imported from the provided invitation/stakeholder workbook; confirm mandate and contacts in System Settings before operational use.
stakeholder,International Organization for Migration,IOM,International,UN Agency,UN / multilateral,UN/Development,,Mkuu wa Ofisi ya Nchi,,,,,,"Mkuu wa Ofisi ya Nchi, IOM Plot 1786, Old Bagamoyo Rd, Msasani, Dar es Salaam Tanzania.",,ORODHA YA WASHIRIKI.xlsx,UN AGENCIES,13,Provided invitation workbook / UN AGENCIES row 13,,Imported from the provided invitation/stakeholder workbook; confirm mandate and contacts in System Settings before operational use.
stakeholder,"United Nations Educational, Scientific and Cultural Organization",UNESCO,International,UN Agency,UN / multilateral,Education/Research,,Mjumbe wa Nchi,,,,,,"Mjumbe wa Nchi, UNESCO UN House, Sam Nujoma Rd, P.O. Box 9182, Dar es Salaam Tanzania.",,ORODHA YA WASHIRIKI.xlsx,UN AGENCIES,14,Provided invitation workbook / UN AGENCIES row 14,,Imported from the provided invitation/stakeholder workbook; confirm mandate and contacts in System Settings before operational use.
stakeholder,Joint United Nations Programme on HIV/AIDS,UNAIDS,International,UN Agency,UN / multilateral,UN/Development,,Mratibu wa Nchi,,,,,,"Mratibu wa Nchi, UNAIDS UN House, P.O. Box 9182, Dar es Salaam Tanzania.",,ORODHA YA WASHIRIKI.xlsx,UN AGENCIES,15,Provided invitation workbook / UN AGENCIES row 15,,Imported from the provided invitation/stakeholder workbook; confirm mandate and contacts in System Settings before operational use.
stakeholder,United Nations Environment Programme,UNEP,International,UN Agency,UN / multilateral,Environment/Natural Resources,,Mkurugenzi wa Kanda,,,,,,"Mkurugenzi wa Kanda, UNEP UN House, Sam Nujoma Rd, Nairobi, Kenya.",,ORODHA YA WASHIRIKI.xlsx,UN AGENCIES,16,Provided invitation workbook / UN AGENCIES row 16,,Imported from the provided invitation/stakeholder workbook; confirm mandate and contacts in System Settings before operational use.
stakeholder,UN-Habitat,,International,UN Agency,UN / multilateral,UN/Development,,Mkurugenzi wa Nchi,,,,,,"Mkurugenzi wa Nchi, UN-Habitat Dar es Salaam Tanzania.",,ORODHA YA WASHIRIKI.xlsx,UN AGENCIES,17,Provided invitation workbook / UN AGENCIES row 17,,Imported from the provided invitation/stakeholder workbook; confirm mandate and contacts in System Settings before operational use.
stakeholder,United Nations Industrial Development Organization,UNIDO,International,UN Agency,UN / multilateral,UN/Development,,Mwakilishi wa Nchi,,,,,,"Mwakilishi wa Nchi, UNIDO UN House, Sam Nujoma Rd, P.O. Box 9182, Dar es Salaam Tanzania.",,ORODHA YA WASHIRIKI.xlsx,UN AGENCIES,18,Provided invitation workbook / UN AGENCIES row 18,,Imported from the provided invitation/stakeholder workbook; confirm mandate and contacts in System Settings before operational use.
stakeholder,International Fund for Agricultural Development,IFAD,International,UN Agency,UN / multilateral,Agriculture/Food Security,,Mkurugenzi wa Nchi,,,,,,"Mkurugenzi wa Nchi, IFAD P.O. Box 2, Dar es Salaam Tanzania.",,ORODHA YA WASHIRIKI.xlsx,UN AGENCIES,19,Provided invitation workbook / UN AGENCIES row 19,,Imported from the provided invitation/stakeholder workbook; confirm mandate and contacts in System Settings before operational use.
stakeholder,United Nations Capital Development Fund,UNCDF,International,UN Agency,UN / multilateral,UN/Development,,Mwakilishi,,,,,,"Mwakilishi, UNCDF Dar es Salaam Tanzania.",,ORODHA YA WASHIRIKI.xlsx,UN AGENCIES,20,Provided invitation workbook / UN AGENCIES row 20,,Imported from the provided invitation/stakeholder workbook; confirm mandate and contacts in System Settings before operational use.
stakeholder,United Nations Information Centre,UNIC,International,UN Agency,UN / multilateral,UN/Development,,Mkurugenzi,,,,,,"Mkurugenzi, UNIC UN House, P.O. Box 9182, Dar es Salaam Tanzania.",,ORODHA YA WASHIRIKI.xlsx,UN AGENCIES,21,Provided invitation workbook / UN AGENCIES row 21,,Imported from the provided invitation/stakeholder workbook; confirm mandate and contacts in System Settings before operational use.
stakeholder,United Nations Office for Project Services,UNOPS,International,UN Agency,UN / multilateral,UN/Development,,Mkurugenzi wa Nchi,,,,,,"Mkurugenzi wa Nchi, UNOPS UN House, P.O. Box 9182, Dar es Salaam Tanzania.",,ORODHA YA WASHIRIKI.xlsx,UN AGENCIES,22,Provided invitation workbook / UN AGENCIES row 22,,Imported from the provided invitation/stakeholder workbook; confirm mandate and contacts in System Settings before operational use.
stakeholder,United Nations Office for Disaster Risk Reduction (Nairobi),UNDRR,International,UN Agency,UN / multilateral,UN/Development,,Mkuu wa Ofisi ya Kanda,,,,,,"Mkuu wa Ofisi ya Kanda, UNDRR Nairobi, Kenya.",,ORODHA YA WASHIRIKI.xlsx,UN AGENCIES,23,Provided invitation workbook / UN AGENCIES row 23,,Imported from the provided invitation/stakeholder workbook; confirm mandate and contacts in System Settings before operational use.
stakeholder,United Nations Office for the Coordination of Humanitarian Affairs (Nairobi),UNOCHA,International,UN Agency,UN / multilateral,Humanitarian/DRR,,Mkuu wa Ofisi ya Kanda,,,,,,"Mkuu wa Ofisi ya Kanda, UNOCHA Nairobi, Kenya.",,ORODHA YA WASHIRIKI.xlsx,UN AGENCIES,24,Provided invitation workbook / UN AGENCIES row 24,,Imported from the provided invitation/stakeholder workbook; confirm mandate and contacts in System Settings before operational use.
stakeholder,World Meteorological Organization,WMO,International,UN Agency,UN / multilateral,Weather/Climate,,Mjumbe wa Kanda,,,,,,"Mjumbe wa Kanda, WMO Nairobi, Kenya / Geneva, Switzerland.",,ORODHA YA WASHIRIKI.xlsx,UN AGENCIES,25,Provided invitation workbook / UN AGENCIES row 25,,Imported from the provided invitation/stakeholder workbook; confirm mandate and contacts in System Settings before operational use.
stakeholder,International Telecommunication Union,ITU,International,UN Agency,UN / multilateral,Communication/Media,,Mjumbe wa Kanda,,,,,,"Mjumbe wa Kanda, ITU Nairobi, Kenya / Geneva, Switzerland.",,ORODHA YA WASHIRIKI.xlsx,UN AGENCIES,26,Provided invitation workbook / UN AGENCIES row 26,,Imported from the provided invitation/stakeholder workbook; confirm mandate and contacts in System Settings before operational use.
stakeholder,World Bank Group,,International,UN Agency,UN / multilateral,Finance/Risk Financing,,Mkurugenzi wa Nchi,,,,,,"Mkurugenzi wa Nchi, World Bank Plot 392, Toure Drive, Masaki, P.O. Box 2054, Dar es Salaam Tanzania.",,ORODHA YA WASHIRIKI.xlsx,UN AGENCIES,27,Provided invitation workbook / UN AGENCIES row 27,,Imported from the provided invitation/stakeholder workbook; confirm mandate and contacts in System Settings before operational use.
stakeholder,International Monetary Fund,IMF,International,UN Agency,UN / multilateral,UN/Development,,Mwakilishi Mkazi,,,,,,"Mwakilishi Mkazi, IMF Tanzania Plot 9, Bagamoyo Rd, Dar es Salaam Tanzania.",,ORODHA YA WASHIRIKI.xlsx,UN AGENCIES,28,Provided invitation workbook / UN AGENCIES row 28,,Imported from the provided invitation/stakeholder workbook; confirm mandate and contacts in System Settings before operational use.
stakeholder,United Nations Volunteers,UNV,International,UN Agency,UN / multilateral,UN/Development,,Mratibu wa Nchi,,,,,,"Mratibu wa Nchi, UNV Tanzania UN House, P.O. Box 9182, Dar es Salaam Tanzania.",,ORODHA YA WASHIRIKI.xlsx,UN AGENCIES,29,Provided invitation workbook / UN AGENCIES row 29,,Imported from the provided invitation/stakeholder workbook; confirm mandate and contacts in System Settings before operational use.
stakeholder,United Nations Office on Drugs and Crime,UNODC,International,UN Agency,UN / multilateral,UN/Development,,Mwakilishi wa Kanda,,,,,,"Mwakilishi wa Kanda, UNODC Nairobi, Kenya.",,ORODHA YA WASHIRIKI.xlsx,UN AGENCIES,30,Provided invitation workbook / UN AGENCIES row 30,,Imported from the provided invitation/stakeholder workbook; confirm mandate and contacts in System Settings before operational use.
stakeholder,United Nations Conference on Trade and Development,UNCTAD,International,UN Agency,UN / multilateral,"Finance/Risk Financing, Trade/Industry/Private Sector",,Mratibu wa Programu,,,,,,"Mratibu wa Programu, UNCTAD Geneva, Switzerland.",,ORODHA YA WASHIRIKI.xlsx,UN AGENCIES,31,Provided invitation workbook / UN AGENCIES row 31,,Imported from the provided invitation/stakeholder workbook; confirm mandate and contacts in System Settings before operational use.
stakeholder,UNRWA / OHCHR – Office of the High Commissioner for Human Rights,,International,UN Agency,UN / multilateral,UN/Development,,Mwakilishi wa Kanda,,,,,,"Mwakilishi wa Kanda, OHCHR Nairobi, Kenya / Geneva, Switzerland.",,ORODHA YA WASHIRIKI.xlsx,UN AGENCIES,32,Provided invitation workbook / UN AGENCIES row 32,,Imported from the provided invitation/stakeholder workbook; confirm mandate and contacts in System Settings before operational use.
stakeholder,World Intellectual Property Organization,WIPO,International,UN Agency,UN / multilateral,UN/Development,,Mratibu wa Kanda,,,,,,"Mratibu wa Kanda, WIPO Geneva, Switzerland.",,ORODHA YA WASHIRIKI.xlsx,UN AGENCIES,33,Provided invitation workbook / UN AGENCIES row 33,,Imported from the provided invitation/stakeholder workbook; confirm mandate and contacts in System Settings before operational use.
stakeholder,International Finance Corporation,IFC,International,UN Agency,UN / multilateral,Finance/Risk Financing,,Mkurugenzi wa Nchi,,,,,,"Mkurugenzi wa Nchi, IFC Tanzania Masaki, Dar es Salaam Tanzania.",,ORODHA YA WASHIRIKI.xlsx,UN AGENCIES,34,Provided invitation workbook / UN AGENCIES row 34,,Imported from the provided invitation/stakeholder workbook; confirm mandate and contacts in System Settings before operational use.
stakeholder,Universal Postal Union,UPU,International,UN Agency,UN / multilateral,UN/Development,,Mwakilishi,,,,,,"Mwakilishi, UPU Berne, Switzerland.",,ORODHA YA WASHIRIKI.xlsx,UN AGENCIES,35,Provided invitation workbook / UN AGENCIES row 35,,Imported from the provided invitation/stakeholder workbook; confirm mandate and contacts in System Settings before operational use.
stakeholder,International Atomic Energy Agency,IAEA,International,UN Agency,UN / multilateral,Energy,,Mwakilishi wa Kanda,,,,,,"Mwakilishi wa Kanda, IAEA Vienna, Austria.",,ORODHA YA WASHIRIKI.xlsx,UN AGENCIES,36,Provided invitation workbook / UN AGENCIES row 36,,Imported from the provided invitation/stakeholder workbook; confirm mandate and contacts in System Settings before operational use.
stakeholder,"Global Fund to Fight AIDS, Tuberculosis and Malaria",GFATM,International,UN Agency,UN / multilateral,UN/Development,,Meneja wa Mfuko,,,,,,"Meneja wa Mfuko, Global Fund Geneva, Switzerland.",,ORODHA YA WASHIRIKI.xlsx,UN AGENCIES,37,Provided invitation workbook / UN AGENCIES row 37,,Imported from the provided invitation/stakeholder workbook; confirm mandate and contacts in System Settings before operational use.
stakeholder,The Vaccine Alliance,GAVI,International,UN Agency,UN / multilateral,UN/Development,,Mwakilishi wa Nchi,,,,,,"Mwakilishi wa Nchi, GAVI Geneva, Switzerland.",,ORODHA YA WASHIRIKI.xlsx,UN AGENCIES,38,Provided invitation workbook / UN AGENCIES row 38,,Imported from the provided invitation/stakeholder workbook; confirm mandate and contacts in System Settings before operational use.
stakeholder,World Trade Organization,WTO,International,UN Agency,UN / multilateral,"Finance/Risk Financing, Trade/Industry/Private Sector",,Mwakilishi wa Kanda,,,,,,"Mwakilishi wa Kanda, WTO Geneva, Switzerland.",,ORODHA YA WASHIRIKI.xlsx,UN AGENCIES,39,Provided invitation workbook / UN AGENCIES row 39,,Imported from the provided invitation/stakeholder workbook; confirm mandate and contacts in System Settings before operational use.
stakeholder,Ubalozi wa Algeria,,International,Diplomatic Mission,Embassy / international organisation,Foreign Affairs/International Cooperation,,Balozi,,,,,,"Balozi, Ubalozi wa Algeria Dar es Salaam Tanzania.",,ORODHA YA WASHIRIKI.xlsx,BALOZI,4,Provided invitation workbook / BALOZI row 4,,Imported from the provided invitation/stakeholder workbook; confirm mandate and contacts in System Settings before operational use.
stakeholder,Ubalozi wa Angola,,International,Diplomatic Mission,Embassy / international organisation,Foreign Affairs/International Cooperation,,Balozi,,,,,,"Balozi, Ubalozi wa Angola Dar es Salaam Tanzania.",,ORODHA YA WASHIRIKI.xlsx,BALOZI,5,Provided invitation workbook / BALOZI row 5,,Imported from the provided invitation/stakeholder workbook; confirm mandate and contacts in System Settings before operational use.
stakeholder,Ubalozi wa Burundi,,International,Diplomatic Mission,Embassy / international organisation,Foreign Affairs/International Cooperation,,Balozi,,,,,,"Balozi, Ubalozi wa Burundi Dar es Salaam Tanzania.",,ORODHA YA WASHIRIKI.xlsx,BALOZI,6,Provided invitation workbook / BALOZI row 6,,Imported from the provided invitation/stakeholder workbook; confirm mandate and contacts in System Settings before operational use.
stakeholder,Ubalozi wa Comoros,,International,Diplomatic Mission,Embassy / international organisation,Foreign Affairs/International Cooperation,,Balozi,,,,,,"Balozi, Ubalozi wa Comoros Dar es Salaam Tanzania.",,ORODHA YA WASHIRIKI.xlsx,BALOZI,7,Provided invitation workbook / BALOZI row 7,,Imported from the provided invitation/stakeholder workbook; confirm mandate and contacts in System Settings before operational use.
stakeholder,Ubalozi wa Democratic Republic of Congo (DRC),DRC,International,Diplomatic Mission,Embassy / international organisation,Foreign Affairs/International Cooperation,,Balozi,,,,,,"Balozi, Ubalozi wa Democratic Republic of Congo (DRC) Dar es Salaam Tanzania.",,ORODHA YA WASHIRIKI.xlsx,BALOZI,8,Provided invitation workbook / BALOZI row 8,,Imported from the provided invitation/stakeholder workbook; confirm mandate and contacts in System Settings before operational use.
stakeholder,Ubalozi wa Egypt,,International,Diplomatic Mission,Embassy / international organisation,Foreign Affairs/International Cooperation,,Balozi,,,,,,"Balozi, Ubalozi wa Egypt Dar es Salaam Tanzania.",,ORODHA YA WASHIRIKI.xlsx,BALOZI,9,Provided invitation workbook / BALOZI row 9,,Imported from the provided invitation/stakeholder workbook; confirm mandate and contacts in System Settings before operational use.
stakeholder,Ubalozi wa Ethiopia,,International,Diplomatic Mission,Embassy / international organisation,Foreign Affairs/International Cooperation,,Balozi,,,,,,"Balozi, Ubalozi wa Ethiopia Dar es Salaam Tanzania.",,ORODHA YA WASHIRIKI.xlsx,BALOZI,10,Provided invitation workbook / BALOZI row 10,,Imported from the provided invitation/stakeholder workbook; confirm mandate and contacts in System Settings before operational use.
stakeholder,Ubalozi wa Libya,,International,Diplomatic Mission,Embassy / international organisation,Foreign Affairs/International Cooperation,,Balozi,,,,,,"Balozi, Ubalozi wa Libya Dar es Salaam Tanzania.",,ORODHA YA WASHIRIKI.xlsx,BALOZI,11,Provided invitation workbook / BALOZI row 11,,Imported from the provided invitation/stakeholder workbook; confirm mandate and contacts in System Settings before operational use.
stakeholder,Ubalozi wa Malawi,,International,Diplomatic Mission,Embassy / international organisation,"Legal/Governance, Foreign Affairs/International Cooperation",,Balozi,,,,,,"Balozi, Ubalozi wa Malawi Dar es Salaam Tanzania.",,ORODHA YA WASHIRIKI.xlsx,BALOZI,12,Provided invitation workbook / BALOZI row 12,,Imported from the provided invitation/stakeholder workbook; confirm mandate and contacts in System Settings before operational use.
stakeholder,Ubalozi wa Nigeria (High Commission),,International,Diplomatic Mission,Embassy / international organisation,Foreign Affairs/International Cooperation,,Balozi,,,,,,"Balozi, Ubalozi wa Nigeria (High Commission) Dar es Salaam Tanzania.",,ORODHA YA WASHIRIKI.xlsx,BALOZI,13,Provided invitation workbook / BALOZI row 13,,Imported from the provided invitation/stakeholder workbook; confirm mandate and contacts in System Settings before operational use.
stakeholder,Ubalozi wa South Africa (High Commission),,International,Diplomatic Mission,Embassy / international organisation,Foreign Affairs/International Cooperation,,Balozi,,,,,,"Balozi, Ubalozi wa South Africa (High Commission) Dar es Salaam Tanzania.",,ORODHA YA WASHIRIKI.xlsx,BALOZI,14,Provided invitation workbook / BALOZI row 14,,Imported from the provided invitation/stakeholder workbook; confirm mandate and contacts in System Settings before operational use.
stakeholder,Ubalozi wa Uganda (High Commission),,International,Diplomatic Mission,Embassy / international organisation,Foreign Affairs/International Cooperation,,Balozi,,,,,,"Balozi, Ubalozi wa Uganda (High Commission) Dar es Salaam Tanzania.",,ORODHA YA WASHIRIKI.xlsx,BALOZI,15,Provided invitation workbook / BALOZI row 15,,Imported from the provided invitation/stakeholder workbook; confirm mandate and contacts in System Settings before operational use.
stakeholder,Ubalozi wa Seychelles (Consulate General),,International,Diplomatic Mission,Embassy / international organisation,Foreign Affairs/International Cooperation,,Balozi,,,,,,"Balozi, Ubalozi wa Seychelles (Consulate General) Dar es Salaam Tanzania.",,ORODHA YA WASHIRIKI.xlsx,BALOZI,16,Provided invitation workbook / BALOZI row 16,,Imported from the provided invitation/stakeholder workbook; confirm mandate and contacts in System Settings before operational use.
stakeholder,Ubalozi wa China,,International,Diplomatic Mission,Embassy / international organisation,Foreign Affairs/International Cooperation,,Balozi,,,,,,"Balozi, Ubalozi wa China Dar es Salaam Tanzania.",,ORODHA YA WASHIRIKI.xlsx,BALOZI,17,Provided invitation workbook / BALOZI row 17,,Imported from the provided invitation/stakeholder workbook; confirm mandate and contacts in System Settings before operational use.
stakeholder,Ubalozi wa India (Consulate General),,International,Diplomatic Mission,Embassy / international organisation,Foreign Affairs/International Cooperation,,Balozi,,,,,,"Balozi, Ubalozi wa India (Consulate General) Dar es Salaam Tanzania.",,ORODHA YA WASHIRIKI.xlsx,BALOZI,18,Provided invitation workbook / BALOZI row 18,,Imported from the provided invitation/stakeholder workbook; confirm mandate and contacts in System Settings before operational use.
stakeholder,Ubalozi wa Indonesia,,International,Diplomatic Mission,Embassy / international organisation,Foreign Affairs/International Cooperation,,Balozi,,,,,,"Balozi, Ubalozi wa Indonesia Dar es Salaam Tanzania.",,ORODHA YA WASHIRIKI.xlsx,BALOZI,19,Provided invitation workbook / BALOZI row 19,,Imported from the provided invitation/stakeholder workbook; confirm mandate and contacts in System Settings before operational use.
stakeholder,Ubalozi wa Japan,,International,Diplomatic Mission,Embassy / international organisation,Foreign Affairs/International Cooperation,,Balozi,,,,,,"Balozi, Ubalozi wa Japan Dar es Salaam Tanzania.",,ORODHA YA WASHIRIKI.xlsx,BALOZI,20,Provided invitation workbook / BALOZI row 20,,Imported from the provided invitation/stakeholder workbook; confirm mandate and contacts in System Settings before operational use.
stakeholder,Ubalozi wa South Korea,,International,Diplomatic Mission,Embassy / international organisation,Foreign Affairs/International Cooperation,,Balozi,,,,,,"Balozi, Ubalozi wa South Korea Dar es Salaam Tanzania.",,ORODHA YA WASHIRIKI.xlsx,BALOZI,21,Provided invitation workbook / BALOZI row 21,,Imported from the provided invitation/stakeholder workbook; confirm mandate and contacts in System Settings before operational use.
stakeholder,Ubalozi wa Vietnam,,International,Diplomatic Mission,Embassy / international organisation,Foreign Affairs/International Cooperation,,Balozi,,,,,,"Balozi, Ubalozi wa Vietnam Dar es Salaam Tanzania.",,ORODHA YA WASHIRIKI.xlsx,BALOZI,22,Provided invitation workbook / BALOZI row 22,,Imported from the provided invitation/stakeholder workbook; confirm mandate and contacts in System Settings before operational use.
stakeholder,Ubalozi wa Kuwait,,International,Diplomatic Mission,Embassy / international organisation,Foreign Affairs/International Cooperation,,Balozi,,,,,,"Balozi, Ubalozi wa Kuwait Dar es Salaam Tanzania.",,ORODHA YA WASHIRIKI.xlsx,BALOZI,23,Provided invitation workbook / BALOZI row 23,,Imported from the provided invitation/stakeholder workbook; confirm mandate and contacts in System Settings before operational use.
stakeholder,Ubalozi wa Turkey,,International,Diplomatic Mission,Embassy / international organisation,Foreign Affairs/International Cooperation,,Balozi,,,,,,"Balozi, Ubalozi wa Turkey Dar es Salaam Tanzania.",,ORODHA YA WASHIRIKI.xlsx,BALOZI,24,Provided invitation workbook / BALOZI row 24,,Imported from the provided invitation/stakeholder workbook; confirm mandate and contacts in System Settings before operational use.
stakeholder,Ubalozi wa Syria,,International,Diplomatic Mission,Embassy / international organisation,Foreign Affairs/International Cooperation,,Balozi,,,,,,"Balozi, Ubalozi wa Syria Dar es Salaam Tanzania.",,ORODHA YA WASHIRIKI.xlsx,BALOZI,25,Provided invitation workbook / BALOZI row 25,,Imported from the provided invitation/stakeholder workbook; confirm mandate and contacts in System Settings before operational use.
stakeholder,Ubalozi wa Belgium,,International,Diplomatic Mission,Embassy / international organisation,Foreign Affairs/International Cooperation,,Balozi,,,,,,"Balozi, Ubalozi wa Belgium Dar es Salaam Tanzania.",,ORODHA YA WASHIRIKI.xlsx,BALOZI,26,Provided invitation workbook / BALOZI row 26,,Imported from the provided invitation/stakeholder workbook; confirm mandate and contacts in System Settings before operational use.
stakeholder,Ubalozi wa Denmark,,International,Diplomatic Mission,Embassy / international organisation,Foreign Affairs/International Cooperation,,Balozi,,,,,,"Balozi, Ubalozi wa Denmark Dar es Salaam Tanzania.",,ORODHA YA WASHIRIKI.xlsx,BALOZI,27,Provided invitation workbook / BALOZI row 27,,Imported from the provided invitation/stakeholder workbook; confirm mandate and contacts in System Settings before operational use.
stakeholder,Ubalozi wa Finland,,International,Diplomatic Mission,Embassy / international organisation,Foreign Affairs/International Cooperation,,Balozi,,,,,,"Balozi, Ubalozi wa Finland Dar es Salaam Tanzania.",,ORODHA YA WASHIRIKI.xlsx,BALOZI,28,Provided invitation workbook / BALOZI row 28,,Imported from the provided invitation/stakeholder workbook; confirm mandate and contacts in System Settings before operational use.
stakeholder,Ubalozi wa France,,International,Diplomatic Mission,Embassy / international organisation,Foreign Affairs/International Cooperation,,Balozi,,,,,,"Balozi, Ubalozi wa France Dar es Salaam Tanzania.",,ORODHA YA WASHIRIKI.xlsx,BALOZI,29,Provided invitation workbook / BALOZI row 29,,Imported from the provided invitation/stakeholder workbook; confirm mandate and contacts in System Settings before operational use.
stakeholder,Ubalozi wa Germany,,International,Diplomatic Mission,Embassy / international organisation,Foreign Affairs/International Cooperation,,Balozi,,,,,,"Balozi, Ubalozi wa Germany Dar es Salaam Tanzania.",,ORODHA YA WASHIRIKI.xlsx,BALOZI,30,Provided invitation workbook / BALOZI row 30,,Imported from the provided invitation/stakeholder workbook; confirm mandate and contacts in System Settings before operational use.
stakeholder,Ubalozi wa Netherlands,,International,Diplomatic Mission,Embassy / international organisation,Land Use/Urban Planning,,Balozi,,,,,,"Balozi, Ubalozi wa Netherlands Dar es Salaam Tanzania.",,ORODHA YA WASHIRIKI.xlsx,BALOZI,31,Provided invitation workbook / BALOZI row 31,,Imported from the provided invitation/stakeholder workbook; confirm mandate and contacts in System Settings before operational use.
stakeholder,Ubalozi wa Spain,,International,Diplomatic Mission,Embassy / international organisation,Foreign Affairs/International Cooperation,,Balozi,,,,,,"Balozi, Ubalozi wa Spain Dar es Salaam Tanzania.",,ORODHA YA WASHIRIKI.xlsx,BALOZI,32,Provided invitation workbook / BALOZI row 32,,Imported from the provided invitation/stakeholder workbook; confirm mandate and contacts in System Settings before operational use.
stakeholder,Ubalozi wa Sweden,,International,Diplomatic Mission,Embassy / international organisation,Foreign Affairs/International Cooperation,,Balozi,,,,,,"Balozi, Ubalozi wa Sweden Dar es Salaam Tanzania.",,ORODHA YA WASHIRIKI.xlsx,BALOZI,33,Provided invitation workbook / BALOZI row 33,,Imported from the provided invitation/stakeholder workbook; confirm mandate and contacts in System Settings before operational use.
stakeholder,Ubalozi wa Switzerland,,International,Diplomatic Mission,Embassy / international organisation,Foreign Affairs/International Cooperation,,Balozi,,,,,,"Balozi, Ubalozi wa Switzerland Dar es Salaam Tanzania.",,ORODHA YA WASHIRIKI.xlsx,BALOZI,34,Provided invitation workbook / BALOZI row 34,,Imported from the provided invitation/stakeholder workbook; confirm mandate and contacts in System Settings before operational use.
stakeholder,Ubalozi wa United Kingdom (British High Commission),,International,Diplomatic Mission,Embassy / international organisation,Foreign Affairs/International Cooperation,,Balozi,,,,,,"Balozi, Ubalozi wa United Kingdom (British High Commission) Dar es Salaam Tanzania.",,ORODHA YA WASHIRIKI.xlsx,BALOZI,35,Provided invitation workbook / BALOZI row 35,,Imported from the provided invitation/stakeholder workbook; confirm mandate and contacts in System Settings before operational use.
stakeholder,Ubalozi wa Brazil,,International,Diplomatic Mission,Embassy / international organisation,Foreign Affairs/International Cooperation,,Balozi,,,,,,"Balozi, Ubalozi wa Brazil Dar es Salaam Tanzania.",,ORODHA YA WASHIRIKI.xlsx,BALOZI,36,Provided invitation workbook / BALOZI row 36,,Imported from the provided invitation/stakeholder workbook; confirm mandate and contacts in System Settings before operational use.
stakeholder,Ubalozi wa Canada,,International,Diplomatic Mission,Embassy / international organisation,Foreign Affairs/International Cooperation,,Balozi,,,,,,"Balozi, Ubalozi wa Canada Dar es Salaam Tanzania.",,ORODHA YA WASHIRIKI.xlsx,BALOZI,37,Provided invitation workbook / BALOZI row 37,,Imported from the provided invitation/stakeholder workbook; confirm mandate and contacts in System Settings before operational use.
stakeholder,Ubalozi wa Cuba,,International,Diplomatic Mission,Embassy / international organisation,Foreign Affairs/International Cooperation,,Balozi,,,,,,"Balozi, Ubalozi wa Cuba Dar es Salaam Tanzania.",,ORODHA YA WASHIRIKI.xlsx,BALOZI,38,Provided invitation workbook / BALOZI row 38,,Imported from the provided invitation/stakeholder workbook; confirm mandate and contacts in System Settings before operational use.
stakeholder,Ubalozi wa United States (U.S. Embassy),,International,Diplomatic Mission,Embassy / international organisation,Foreign Affairs/International Cooperation,,Balozi,,,,,,"Balozi, Ubalozi wa United States (U.S. Embassy) Dar es Salaam Tanzania.",,ORODHA YA WASHIRIKI.xlsx,BALOZI,39,Provided invitation workbook / BALOZI row 39,,Imported from the provided invitation/stakeholder workbook; confirm mandate and contacts in System Settings before operational use.
stakeholder,Ubalozi wa Kenya,,International,Diplomatic Mission,Embassy / international organisation,Foreign Affairs/International Cooperation,,Balozi,,,,,,"Balozi, Ubalozi wa Kenya Dar es Salaam Tanzania.",,ORODHA YA WASHIRIKI.xlsx,BALOZI,40,Provided invitation workbook / BALOZI row 40,,Imported from the provided invitation/stakeholder workbook; confirm mandate and contacts in System Settings before operational use.
stakeholder,Ubalozi wa Republic of Congo,,International,Diplomatic Mission,Embassy / international organisation,Foreign Affairs/International Cooperation,,Balozi,,,,,,"Balozi, Ubalozi wa Republic of Congo Dar es Salaam Tanzania.",,ORODHA YA WASHIRIKI.xlsx,BALOZI,41,Provided invitation workbook / BALOZI row 41,,Imported from the provided invitation/stakeholder workbook; confirm mandate and contacts in System Settings before operational use.
stakeholder,Ubalozi wa Zimbabwe,,International,Diplomatic Mission,Embassy / international organisation,Foreign Affairs/International Cooperation,,Balozi,,,,,,"Balozi, Ubalozi wa Zimbabwe Dar es Salaam Tanzania.",,ORODHA YA WASHIRIKI.xlsx,BALOZI,42,Provided invitation workbook / BALOZI row 42,,Imported from the provided invitation/stakeholder workbook; confirm mandate and contacts in System Settings before operational use.
stakeholder,Ubalozi wa Zambia,,International,Diplomatic Mission,Embassy / international organisation,Foreign Affairs/International Cooperation,,Balozi,,,,,,"Balozi, Ubalozi wa Zambia Dar es Salaam Tanzania.",,ORODHA YA WASHIRIKI.xlsx,BALOZI,43,Provided invitation workbook / BALOZI row 43,,Imported from the provided invitation/stakeholder workbook; confirm mandate and contacts in System Settings before operational use.
stakeholder,World Bank,,International,Diplomatic Mission,Embassy / international organisation,"Finance/Risk Financing, Foreign Affairs/International Cooperation",,Mkurugenzi wa Nchi,,,,,,"Mkurugenzi wa Nchi, World Bank Plot 392, Toure Drive, Masaki, P.O. Box 2054, Dar es Salaam Tanzania.",,ORODHA YA WASHIRIKI.xlsx,BALOZI,45,Provided invitation workbook / BALOZI row 45,,Imported from the provided invitation/stakeholder workbook; confirm mandate and contacts in System Settings before operational use.
stakeholder,African Centre for Disease Control and Prevention (Africa CDC),,International,Diplomatic Mission,Embassy / international organisation,Foreign Affairs/International Cooperation,,Mkurugenzi,,,,,,"Mkurugenzi, Africa CDC Addis Ababa, Ethiopia.",,ORODHA YA WASHIRIKI.xlsx,BALOZI,49,Provided invitation workbook / BALOZI row 49,,Imported from the provided invitation/stakeholder workbook; confirm mandate and contacts in System Settings before operational use.
stakeholder,International Center for Antimicrobial Resistance Solutions (ICARS),ICARS,International,Diplomatic Mission,Embassy / international organisation,Foreign Affairs/International Cooperation,,Mkurugenzi,,,,,,"Mkurugenzi, ICARS Copenhagen, Denmark.",,ORODHA YA WASHIRIKI.xlsx,BALOZI,51,Provided invitation workbook / BALOZI row 51,,Imported from the provided invitation/stakeholder workbook; confirm mandate and contacts in System Settings before operational use.
stakeholder,Management and Development for Health (MDH),MDH,International,Diplomatic Mission,Embassy / international organisation,"Health, Foreign Affairs/International Cooperation",,Mkurugenzi Mkuu,,,,,,"Mkurugenzi Mkuu, MDH P.O. Box 79810, Dar es Salaam Tanzania.",,ORODHA YA WASHIRIKI.xlsx,BALOZI,52,Provided invitation workbook / BALOZI row 52,,Imported from the provided invitation/stakeholder workbook; confirm mandate and contacts in System Settings before operational use.
stakeholder,Clinton Health Access Initiative (CHAI),CHAI,International,Diplomatic Mission,Embassy / international organisation,"Health, Foreign Affairs/International Cooperation",,Mkurugenzi wa Nchi,,,,,,"Mkurugenzi wa Nchi, CHAI Dar es Salaam Tanzania.",,ORODHA YA WASHIRIKI.xlsx,BALOZI,53,Provided invitation workbook / BALOZI row 53,,Imported from the provided invitation/stakeholder workbook; confirm mandate and contacts in System Settings before operational use.
stakeholder,PATH,,International,Diplomatic Mission,Embassy / international organisation,Foreign Affairs/International Cooperation,,Mkurugenzi wa Nchi,,,,,,"Mkurugenzi wa Nchi, PATH P.O. Box 13600, Dar es Salaam Tanzania.",,ORODHA YA WASHIRIKI.xlsx,BALOZI,54,Provided invitation workbook / BALOZI row 54,,Imported from the provided invitation/stakeholder workbook; confirm mandate and contacts in System Settings before operational use.
stakeholder,Embassy of Japan,,International,Diplomatic Mission,Embassy / international organisation,Foreign Affairs/International Cooperation,,Balozi,,,,,,"Balozi, Embassy of Japan Golden Jubilee Tower, Ohio Street, P.O. Box 2577, Dar es Salaam Tanzania.",,ORODHA YA WASHIRIKI.xlsx,BALOZI,56,Provided invitation workbook / BALOZI row 56,,Imported from the provided invitation/stakeholder workbook; confirm mandate and contacts in System Settings before operational use.
stakeholder,Embassy of Ireland,,International,Diplomatic Mission,Embassy / international organisation,Foreign Affairs/International Cooperation,,Balozi,,,,,,"Balozi, Embassy of Ireland P.O. Box 9612, Dar es Salaam Tanzania.",,ORODHA YA WASHIRIKI.xlsx,BALOZI,58,Provided invitation workbook / BALOZI row 58,,Imported from the provided invitation/stakeholder workbook; confirm mandate and contacts in System Settings before operational use.
stakeholder,"Foreign, Commonwealth and Development Office (FCDO) - Tanzania",FCDO,International,Diplomatic Mission,Embassy / international organisation,Foreign Affairs/International Cooperation,,Mkurugenzi wa Maendeleo,,,,,,"Mkurugenzi wa Maendeleo, FCDO Tanzania Dar es Salaam Tanzania.",,ORODHA YA WASHIRIKI.xlsx,BALOZI,60,Provided invitation workbook / BALOZI row 60,,Imported from the provided invitation/stakeholder workbook; confirm mandate and contacts in System Settings before operational use.
stakeholder,Gender & Climate Change Coalition,,International,Diplomatic Mission,Embassy / international organisation,"Weather/Climate, Social Protection/Special Groups, Foreign Affairs/International Cooperation",,Mratibu,,,,,,"Mratibu, Gender & Climate Change Coalition Dar es Salaam Tanzania.",,ORODHA YA WASHIRIKI.xlsx,BALOZI,61,Provided invitation workbook / BALOZI row 61,,Imported from the provided invitation/stakeholder workbook; confirm mandate and contacts in System Settings before operational use.
stakeholder,Engineers Registration Board (ERB),ERB,International,Diplomatic Mission,Embassy / international organisation,"Finance/Risk Financing, Foreign Affairs/International Cooperation",,Msajili,,,,,,"Msajili, ERB S.L.P 14942, Dar es Salaam Tanzania.",,ORODHA YA WASHIRIKI.xlsx,BALOZI,62,Provided invitation workbook / BALOZI row 62,,Imported from the provided invitation/stakeholder workbook; confirm mandate and contacts in System Settings before operational use.
stakeholder,SHIWATA,,International,Diplomatic Mission,Embassy / international organisation,Foreign Affairs/International Cooperation,,Mwenyekiti,,,,,,"Mwenyekiti, SHIWATA Dar es Salaam Tanzania.",,ORODHA YA WASHIRIKI.xlsx,BALOZI,63,Provided invitation workbook / BALOZI row 63,,Imported from the provided invitation/stakeholder workbook; confirm mandate and contacts in System Settings before operational use.
stakeholder,International Organization for Migration (IOM),IOM,International,Diplomatic Mission,Embassy / international organisation,Foreign Affairs/International Cooperation,,Mkuu wa Ofisi ya Nchi,,,,,,"Mkuu wa Ofisi ya Nchi, IOM Plot 1786, Old Bagamoyo Rd, Msasani, Dar es Salaam Tanzania.",,ORODHA YA WASHIRIKI.xlsx,BALOZI,64,Provided invitation workbook / BALOZI row 64,,Imported from the provided invitation/stakeholder workbook; confirm mandate and contacts in System Settings before operational use.
stakeholder,International Federation of Red Cross and Red Crescent Societies (IFRC),IFRC,International,Diplomatic Mission,Embassy / international organisation,"Health, Education/Research, Foreign Affairs/International Cooperation",,Mkuu wa Kanda ya Afrika Mashariki,,,,,,"Mkuu wa Kanda ya Afrika Mashariki, IFRC Nairobi, Kenya.",,ORODHA YA WASHIRIKI.xlsx,BALOZI,65,Provided invitation workbook / BALOZI row 65,,Imported from the provided invitation/stakeholder workbook; confirm mandate and contacts in System Settings before operational use.
stakeholder,International Committee of the Red Cross (ICRC),ICRC,International,Diplomatic Mission,Embassy / international organisation,"Health, Foreign Affairs/International Cooperation",,Mkuu wa Ujumbe Tanzania,,,,,,"Mkuu wa Ujumbe Tanzania, ICRC P.O. Box 39174, Dar es Salaam Tanzania.",,ORODHA YA WASHIRIKI.xlsx,BALOZI,66,Provided invitation workbook / BALOZI row 66,,Imported from the provided invitation/stakeholder workbook; confirm mandate and contacts in System Settings before operational use.
stakeholder,Global Facility for Disaster Reduction and Recovery (GFDRR),GFDRR,International,Diplomatic Mission,Embassy / international organisation,Foreign Affairs/International Cooperation,,Mratibu wa Kanda,,,,,,"Mratibu wa Kanda, GFDRR Nairobi, Kenya.",,ORODHA YA WASHIRIKI.xlsx,BALOZI,67,Provided invitation workbook / BALOZI row 67,,Imported from the provided invitation/stakeholder workbook; confirm mandate and contacts in System Settings before operational use.
stakeholder,USAID Tanzania,,International,Diplomatic Mission,Embassy / international organisation,Foreign Affairs/International Cooperation,,Mkurugenzi wa Misheni,,,,,,"Mkurugenzi wa Misheni, USAID Tanzania 686 Old Bagamoyo Road, Msasani, Dar es Salaam Tanzania.",,ORODHA YA WASHIRIKI.xlsx,BALOZI,68,Provided invitation workbook / BALOZI row 68,,Imported from the provided invitation/stakeholder workbook; confirm mandate and contacts in System Settings before operational use.
stakeholder,Embassy of Norway,,International,Diplomatic Mission,Embassy / international organisation,Foreign Affairs/International Cooperation,,Balozi,,,,,,"Balozi, Embassy of Norway Plot 302, Mirambo St, P.O. Box 2646, Dar es Salaam Tanzania.",,ORODHA YA WASHIRIKI.xlsx,BALOZI,69,Provided invitation workbook / BALOZI row 69,,Imported from the provided invitation/stakeholder workbook; confirm mandate and contacts in System Settings before operational use.
stakeholder,Embassy of Sweden,,International,Diplomatic Mission,Embassy / international organisation,Foreign Affairs/International Cooperation,,Balozi,,,,,,"Balozi, Embassy of Sweden Plot 79, Kinondoni Rd, P.O. Box 2454, Dar es Salaam Tanzania.",,ORODHA YA WASHIRIKI.xlsx,BALOZI,70,Provided invitation workbook / BALOZI row 70,,Imported from the provided invitation/stakeholder workbook; confirm mandate and contacts in System Settings before operational use.
stakeholder,Embassy of Denmark,,International,Diplomatic Mission,Embassy / international organisation,Foreign Affairs/International Cooperation,,Balozi,,,,,,"Balozi, Embassy of Denmark P.O. Box 9171, Dar es Salaam Tanzania.",,ORODHA YA WASHIRIKI.xlsx,BALOZI,71,Provided invitation workbook / BALOZI row 71,,Imported from the provided invitation/stakeholder workbook; confirm mandate and contacts in System Settings before operational use.
stakeholder,Embassy of Canada,,International,Diplomatic Mission,Embassy / international organisation,Foreign Affairs/International Cooperation,,Balozi Mkuu,,,,,,"Balozi Mkuu, Embassy of Canada 38 Mirambo St, P.O. Box 1022, Dar es Salaam Tanzania.",,ORODHA YA WASHIRIKI.xlsx,BALOZI,72,Provided invitation workbook / BALOZI row 72,,Imported from the provided invitation/stakeholder workbook; confirm mandate and contacts in System Settings before operational use.
stakeholder,Embassy of Germany / GIZ Tanzania,,International,Diplomatic Mission,Embassy / international organisation,Foreign Affairs/International Cooperation,,Balozi / Mkurugenzi wa Nchi,,,,,,"Balozi / Mkurugenzi wa Nchi, Embassy of Germany / GIZ Tanzania 65, Ali Hassan Mwinyi Rd, P.O. Box 9541, Dar es Salaam Tanzania.",,ORODHA YA WASHIRIKI.xlsx,BALOZI,73,Provided invitation workbook / BALOZI row 73,,Imported from the provided invitation/stakeholder workbook; confirm mandate and contacts in System Settings before operational use.
stakeholder,European Union Delegation to Tanzania,,International,Diplomatic Mission,Embassy / international organisation,Foreign Affairs/International Cooperation,,Balozi wa EU,,,,,,"Balozi wa EU, EU Delegation to Tanzania Umoja House, Garden Ave, P.O. Box 9514, Dar es Salaam Tanzania.",,ORODHA YA WASHIRIKI.xlsx,BALOZI,74,Provided invitation workbook / BALOZI row 74,,Imported from the provided invitation/stakeholder workbook; confirm mandate and contacts in System Settings before operational use.
stakeholder,African Development Bank (AfDB) - Tanzania,,International,Diplomatic Mission,Embassy / international organisation,"Finance/Risk Financing, Foreign Affairs/International Cooperation",,Mkurugenzi wa Nchi,,,,,,"Mkurugenzi wa Nchi, AfDB Tanzania P.O. Box 6024, Dar es Salaam Tanzania.",,ORODHA YA WASHIRIKI.xlsx,BALOZI,75,Provided invitation workbook / BALOZI row 75,,Imported from the provided invitation/stakeholder workbook; confirm mandate and contacts in System Settings before operational use.
stakeholder,JICA Tanzania,,International,Diplomatic Mission,Embassy / international organisation,Foreign Affairs/International Cooperation,,Mkurugenzi wa Nchi,,,,,,"Mkurugenzi wa Nchi, JICA Tanzania Golden Jubilee Tower, Ohio St, P.O. Box 9450, Dar es Salaam Tanzania.",,ORODHA YA WASHIRIKI.xlsx,BALOZI,76,Provided invitation workbook / BALOZI row 76,,Imported from the provided invitation/stakeholder workbook; confirm mandate and contacts in System Settings before operational use.
stakeholder,Korea International Cooperation Agency (KOICA),KOICA,International,Diplomatic Mission,Embassy / international organisation,Foreign Affairs/International Cooperation,,Mkurugenzi wa Nchi,,,,,,"Mkurugenzi wa Nchi, KOICA Dar es Salaam Tanzania.",,ORODHA YA WASHIRIKI.xlsx,BALOZI,77,Provided invitation workbook / BALOZI row 77,,Imported from the provided invitation/stakeholder workbook; confirm mandate and contacts in System Settings before operational use.
stakeholder,Swiss Agency for Development and Cooperation (SDC),SDC,International,Diplomatic Mission,Embassy / international organisation,Foreign Affairs/International Cooperation,,Mkurugenzi wa Nchi,,,,,,"Mkurugenzi wa Nchi, SDC Toure Drive, Masaki, P.O. Box 2454, Dar es Salaam Tanzania.",,ORODHA YA WASHIRIKI.xlsx,BALOZI,78,Provided invitation workbook / BALOZI row 78,,Imported from the provided invitation/stakeholder workbook; confirm mandate and contacts in System Settings before operational use.
stakeholder,Aga Khan Foundation Tanzania,,International,Diplomatic Mission,Embassy / international organisation,Foreign Affairs/International Cooperation,,Mkurugenzi wa Nchi,,,,,,"Mkurugenzi wa Nchi, Aga Khan Foundation Tanzania P.O. Box 125, Dar es Salaam Tanzania.",,ORODHA YA WASHIRIKI.xlsx,BALOZI,79,Provided invitation workbook / BALOZI row 79,,Imported from the provided invitation/stakeholder workbook; confirm mandate and contacts in System Settings before operational use.
stakeholder,Clinton Development Initiative (CDI),CDI,International,Diplomatic Mission,Embassy / international organisation,Foreign Affairs/International Cooperation,,Mkurugenzi wa Nchi,,,,,,"Mkurugenzi wa Nchi, CDI Dar es Salaam Tanzania.",,ORODHA YA WASHIRIKI.xlsx,BALOZI,80,Provided invitation workbook / BALOZI row 80,,Imported from the provided invitation/stakeholder workbook; confirm mandate and contacts in System Settings before operational use.
stakeholder,Mercy Corps Tanzania,,International,Diplomatic Mission,Embassy / international organisation,Foreign Affairs/International Cooperation,,Mkurugenzi wa Nchi,,,,,,"Mkurugenzi wa Nchi, Mercy Corps Tanzania Dar es Salaam Tanzania.",,ORODHA YA WASHIRIKI.xlsx,BALOZI,81,Provided invitation workbook / BALOZI row 81,,Imported from the provided invitation/stakeholder workbook; confirm mandate and contacts in System Settings before operational use.
stakeholder,Danish Red Cross,,International,Diplomatic Mission,Embassy / international organisation,"Health, Foreign Affairs/International Cooperation",,Mkurugenzi wa Programu,,,,,,"Mkurugenzi wa Programu, Danish Red Cross Tanzania Dar es Salaam Tanzania.",,ORODHA YA WASHIRIKI.xlsx,BALOZI,82,Provided invitation workbook / BALOZI row 82,,Imported from the provided invitation/stakeholder workbook; confirm mandate and contacts in System Settings before operational use.
stakeholder,Norwegian Red Cross,,International,Diplomatic Mission,Embassy / international organisation,"Health, Foreign Affairs/International Cooperation",,Mkurugenzi wa Programu,,,,,,"Mkurugenzi wa Programu, Norwegian Red Cross Tanzania Dar es Salaam Tanzania.",,ORODHA YA WASHIRIKI.xlsx,BALOZI,83,Provided invitation workbook / BALOZI row 83,,Imported from the provided invitation/stakeholder workbook; confirm mandate and contacts in System Settings before operational use.
agency,Ofisi ya Makamu wa Rais,,Government,Ministry,Ministry / Office,Cross-sector DRR,,KM,,,,,,"KM, Ofisi ya Makamu wa Rais Makole Street, LAPF Building, S.L.P 2502, 40406 Dodoma Tanzania.",,ORODHA YA WASHIRIKI.xlsx,MAKATIBU WAKUU,6,Provided invitation workbook / MAKATIBU WAKUU row 6,,Imported from the provided invitation/stakeholder workbook; confirm mandate and contacts in System Settings before operational use.
agency,Ofisi ya Rais TAMISEMI,,Government,Ministry,Ministry / Office,Regional/LGA Governance,,KM-TAMISEMI,,,,,,"KM-TAMISEMI, Ofisi ya Rais TAMISEMI Mji wa Serikali, Mtumba, S.L.P 1923, Dodoma Tanzania.",,ORODHA YA WASHIRIKI.xlsx,MAKATIBU WAKUU,11,Provided invitation workbook / MAKATIBU WAKUU row 11,,Imported from the provided invitation/stakeholder workbook; confirm mandate and contacts in System Settings before operational use.
agency,Wizara ya Mawasiliano na Teknolojia ya Habari,,Government,Ministry,Ministry / Office,"Education/Research, Communication/Media",,KM-Mawasiliano,,,,,,"KM-Mawasiliano, Wizara ya Mawasiliano na Teknolojia ya Habari Mji wa Serikali, Mtumba, S.L.P 4269, Dodoma Tanzania.",,ORODHA YA WASHIRIKI.xlsx,MAKATIBU WAKUU,12,Provided invitation workbook / MAKATIBU WAKUU row 12,,Imported from the provided invitation/stakeholder workbook; confirm mandate and contacts in System Settings before operational use.
agency,Wizara ya Ulinzi,,Government,Ministry,Ministry / Office,Security/Response,,KM,,,,,,"KM, Wizara ya Ulinzi Mji wa Serikali, Mtumba, Dodoma Tanzania.",,ORODHA YA WASHIRIKI.xlsx,MAKATIBU WAKUU,18,Provided invitation workbook / MAKATIBU WAKUU row 18,,Imported from the provided invitation/stakeholder workbook; confirm mandate and contacts in System Settings before operational use.
agency,"Wizara ya Kazi, Ajira na Mahusiano",,Government,Ministry,Ministry / Office,Social Protection/Special Groups,,KM,,,,,,"KM, Wizara ya Kazi, Ajira na Mahusiano",,ORODHA YA WASHIRIKI.xlsx,MAKATIBU WAKUU,20,Provided invitation workbook / MAKATIBU WAKUU row 20,,Imported from the provided invitation/stakeholder workbook; confirm mandate and contacts in System Settings before operational use.
agency,Wizara ya Mambo ya Ndani,,Government,Ministry,Ministry / Office,Security/Response,,KM,,,,,,"KM, Wizara ya Mambo ya Ndani PSPF Dodoma Plaza, Barabara ya B. Mkapa, S.L.P 9223, Dodoma Tanzania.",,ORODHA YA WASHIRIKI.xlsx,MAKATIBU WAKUU,22,Provided invitation workbook / MAKATIBU WAKUU row 22,,Imported from the provided invitation/stakeholder workbook; confirm mandate and contacts in System Settings before operational use.
agency,Wizara ya Maendeleo ya Jamii,,Government,Ministry,Ministry / Office,Social Protection/Special Groups,,KM,,,,,,"KM, Wizara ya Maendeleo ya Jamii University of Dodoma, Block 11, S.L.P 573, Dodoma Tanzania.",,ORODHA YA WASHIRIKI.xlsx,MAKATIBU WAKUU,23,Provided invitation workbook / MAKATIBU WAKUU row 23,,Imported from the provided invitation/stakeholder workbook; confirm mandate and contacts in System Settings before operational use.
agency,Wizara ya Mambo ya Nje,,Government,Ministry,Ministry / Office,Foreign Affairs/International Cooperation,,KM,,,,,,"KM, Wizara ya Mambo ya Nje LAPF Building, Makole Road, S.L.P 2933, 40466 Dodoma Tanzania.",,ORODHA YA WASHIRIKI.xlsx,MAKATIBU WAKUU,24,Provided invitation workbook / MAKATIBU WAKUU row 24,,Imported from the provided invitation/stakeholder workbook; confirm mandate and contacts in System Settings before operational use.
agency,Wizara ya Maliasili na Mali Kale - Zanzibar,,Government,Ministry,Ministry / Office,Environment/Natural Resources,,KM,,,,,,"KM, Wizara ya Maliasili na Mali Kale - Zanzibar Mji wa Serikali, Mtumba, S.L.P 1351, Zanzibar Tanzania.",,ORODHA YA WASHIRIKI.xlsx,MAKATIBU WAKUU,25,Provided invitation workbook / MAKATIBU WAKUU row 25,,Imported from the provided invitation/stakeholder workbook; confirm mandate and contacts in System Settings before operational use.
agency,Wizara ya Uchumi wa Blue - Zanzibar,,Government,Ministry,Ministry / Office,Cross-sector DRR,,KM,,,,,,"KM, Wizara ya Uchumi wa Blue - Zanzibar Zanzibar, Tanzania.",,ORODHA YA WASHIRIKI.xlsx,MAKATIBU WAKUU,26,Provided invitation workbook / MAKATIBU WAKUU row 26,,Imported from the provided invitation/stakeholder workbook; confirm mandate and contacts in System Settings before operational use.
agency,"Ofisi ya Rais, Tawala za Mikoa na Idara Maalum - Zanzibar",,Government,Ministry,Ministry / Office,Regional/LGA Governance,,KM,,,,,,"KM, Ofisi ya Rais, Tawala za Mikoa na Idara Maalum - Zanzibar Zanzibar, Tanzania.",,ORODHA YA WASHIRIKI.xlsx,MAKATIBU WAKUU,27,Provided invitation workbook / MAKATIBU WAKUU row 27,,Imported from the provided invitation/stakeholder workbook; confirm mandate and contacts in System Settings before operational use.
agency,Ofisi ya Makamu wa Pili Rais Zanzibar,,Government,Ministry,Ministry / Office,Cross-sector DRR,,KM,,,,,,"KM, Ofisi ya Makamu wa Pili Rais Zanzibar Zanzibar, Tanzania.",,ORODHA YA WASHIRIKI.xlsx,MAKATIBU WAKUU,28,Provided invitation workbook / MAKATIBU WAKUU row 28,,Imported from the provided invitation/stakeholder workbook; confirm mandate and contacts in System Settings before operational use.
agency,Mratibu wa Serikali ya Mapinduzi Zanzibar,,Government,Ministry,Ministry / Office,Cross-sector DRR,,Mratibu,,,,,,"Mratibu, Mratibu wa Serikali ya Mapinduzi Zanzibar Zanzibar, Tanzania.",,ORODHA YA WASHIRIKI.xlsx,MAKATIBU WAKUU,29,Provided invitation workbook / MAKATIBU WAKUU row 29,,Imported from the provided invitation/stakeholder workbook; confirm mandate and contacts in System Settings before operational use.
agency,Mahakama,,Government,Ministry,Ministry / Office,Legal/Governance,,Mtendaji Mkuu wa Mahakama,,,,,,"Mtendaji Mkuu wa Mahakama, Mahakama S.L.P 9004, Dar es Salaam Tanzania.",,ORODHA YA WASHIRIKI.xlsx,MAKATIBU WAKUU,32,Provided invitation workbook / MAKATIBU WAKUU row 32,,Imported from the provided invitation/stakeholder workbook; confirm mandate and contacts in System Settings before operational use.
agency,Wizara ya Viwanda na Biashara,,Government,Ministry,Ministry / Office,Trade/Industry/Private Sector,,KM,,,,,,"KM, Wizara ya Viwanda na Biashara Mji wa Serikali, Mtumba, S.L.P 46, Dodoma Tanzania.",,ORODHA YA WASHIRIKI.xlsx,MAKATIBU WAKUU,35,Provided invitation workbook / MAKATIBU WAKUU row 35,,Imported from the provided invitation/stakeholder workbook; confirm mandate and contacts in System Settings before operational use.
agency,Ofisi ya Rais - Menejimenti ya Utumishi wa Umma,,Government,Ministry,Ministry / Office,Cross-sector DRR,,KM,,,,,,"KM, Ofisi ya Rais - Menejimenti ya Utumishi wa Umma Mji wa Serikali, Mtumba, Dodoma Tanzania.",,ORODHA YA WASHIRIKI.xlsx,MAKATIBU WAKUU,37,Provided invitation workbook / MAKATIBU WAKUU row 37,,Imported from the provided invitation/stakeholder workbook; confirm mandate and contacts in System Settings before operational use.
agency,DCEA,,Government,Security and Response Institution,Defence / security / rescue,Security/Response,,Kamishana wa Madawa ya Kulevya,,,,,,"Kamishana wa Madawa ya Kulevya, DCEA S.L.P 2926, Dar es Salaam Tanzania.",,ORODHA YA WASHIRIKI.xlsx,VYOMBO VYA ULINZI,3,Provided invitation workbook / VYOMBO VYA ULINZI row 3,,Imported from the provided invitation/stakeholder workbook; confirm mandate and contacts in System Settings before operational use.
agency,TAKUKURU,,Government,Security and Response Institution,Defence / security / rescue,Security/Response,,Mkurugenzi Mkuu,,,,,,"Mkurugenzi Mkuu, TAKUKURU S.L.P 4865, Dodoma Tanzania.",,ORODHA YA WASHIRIKI.xlsx,VYOMBO VYA ULINZI,4,Provided invitation workbook / VYOMBO VYA ULINZI row 4,,Imported from the provided invitation/stakeholder workbook; confirm mandate and contacts in System Settings before operational use.
agency,TISS,,Government,Security and Response Institution,Defence / security / rescue,Security/Response,,Mkurugenzi Mkuu,,,,,,"Mkurugenzi Mkuu, TISS S.L.P 30036, Dar es Salaam Tanzania.",,ORODHA YA WASHIRIKI.xlsx,VYOMBO VYA ULINZI,5,Provided invitation workbook / VYOMBO VYA ULINZI row 5,,Imported from the provided invitation/stakeholder workbook; confirm mandate and contacts in System Settings before operational use.
agency,JWTZ,,Government,Security and Response Institution,Defence / security / rescue,Security/Response,,Kamishna wa Utafiti na Maendeleo ya Jeshi la Wananchi Tanzania,,,,,,"Kamishna wa Utafiti na Maendeleo ya Jeshi la Wananchi Tanzania, JWTZ Miyuji, Msalato, P.O. Box 2191, Dodoma Tanzania.",,ORODHA YA WASHIRIKI.xlsx,VYOMBO VYA ULINZI,6,Provided invitation workbook / VYOMBO VYA ULINZI row 6,,Imported from the provided invitation/stakeholder workbook; confirm mandate and contacts in System Settings before operational use.
agency,Uhamiaji,,Government,Security and Response Institution,Defence / security / rescue,Security/Response,,Kamishna Jenerali wa Uhamiaji,,,,,,"Kamishna Jenerali wa Uhamiaji, Uhamiaji S.L.P 512, Dodoma Tanzania.",,ORODHA YA WASHIRIKI.xlsx,VYOMBO VYA ULINZI,11,Provided invitation workbook / VYOMBO VYA ULINZI row 11,,Imported from the provided invitation/stakeholder workbook; confirm mandate and contacts in System Settings before operational use.
agency,Polisi,,Government,Security and Response Institution,Defence / security / rescue,Security/Response,,Kamishana wa Operesheni na Mafunzo Jeshi la Polisi,,,,,,"Kamishana wa Operesheni na Mafunzo Jeshi la Polisi, Polisi S.L.P 504, Dodoma Tanzania.",,ORODHA YA WASHIRIKI.xlsx,VYOMBO VYA ULINZI,12,Provided invitation workbook / VYOMBO VYA ULINZI row 12,,Imported from the provided invitation/stakeholder workbook; confirm mandate and contacts in System Settings before operational use.
agency,Zimamoto,,Government,Security and Response Institution,Defence / security / rescue,Security/Response,,Naibu Kamishna Operesheni Jeshi la Zimamoto,,,,,,"Naibu Kamishna Operesheni Jeshi la Zimamoto, Zimamoto S.L.P 2963, Dar es Salaam Tanzania.",,ORODHA YA WASHIRIKI.xlsx,VYOMBO VYA ULINZI,13,Provided invitation workbook / VYOMBO VYA ULINZI row 13,,Imported from the provided invitation/stakeholder workbook; confirm mandate and contacts in System Settings before operational use.
agency,Usalama wa Taifa,,Government,Security and Response Institution,Defence / security / rescue,Security/Response,,Mkurugenzi Mkuu wa Usalama wa Taifa,,,,,,"Mkurugenzi Mkuu wa Usalama wa Taifa, Usalama wa Taifa Dodoma Tanzania.",,ORODHA YA WASHIRIKI.xlsx,VYOMBO VYA ULINZI,15,Provided invitation workbook / VYOMBO VYA ULINZI row 15,,Imported from the provided invitation/stakeholder workbook; confirm mandate and contacts in System Settings before operational use.
agency,Kikosi cha Uhandisi,JWTZ,Government,Security and Response Institution,Defence / security / rescue,Security/Response,,Kamanda wa Kikosi cha Uhandisi,,,,,,"Kamanda wa Kikosi cha Uhandisi, JWTZ - Kikosi cha Uhandisi Miyuji, Msalato, P.O. Box 2191, Dodoma Tanzania.",,ORODHA YA WASHIRIKI.xlsx,VYOMBO VYA ULINZI,16,Provided invitation workbook / VYOMBO VYA ULINZI row 16,,Imported from the provided invitation/stakeholder workbook; confirm mandate and contacts in System Settings before operational use.
agency,Magereza,,Government,Security and Response Institution,Defence / security / rescue,Security/Response,,Kamishna Jenerali wa Magereza,,,,,,"Kamishna Jenerali wa Magereza, Magereza S.L.P 1176, Dodoma Tanzania.",,ORODHA YA WASHIRIKI.xlsx,VYOMBO VYA ULINZI,17,Provided invitation workbook / VYOMBO VYA ULINZI row 17,,Imported from the provided invitation/stakeholder workbook; confirm mandate and contacts in System Settings before operational use.
agency,Zanzibar,,Government,Government Directorate,Department / directorate,Cross-sector DRR,,Mkurugenzi wa Kamisheni ya Maafa Zanzibar,,,,,,"Mkurugenzi wa Kamisheni ya Maafa Zanzibar, Zanzibar Zanzibar, Tanzania.",,ORODHA YA WASHIRIKI.xlsx,WAKURUGENZI WA IDARA,31,Provided invitation workbook / WAKURUGENZI WA IDARA row 31,,Imported from the provided invitation/stakeholder workbook; confirm mandate and contacts in System Settings before operational use.
agency,Wizara ya Fedha na Mipango,,Government,Government Directorate,Department / directorate,Finance/Risk Financing,,Mkurugenzi Idara ya Bajeti,,,,,,"Mkurugenzi Idara ya Bajeti, Wizara ya Fedha na Mipango S.L.P 2802, 40468 Dodoma Tanzania.",,ORODHA YA WASHIRIKI.xlsx,WAKURUGENZI WA IDARA,35,Provided invitation workbook / WAKURUGENZI WA IDARA row 35,,Imported from the provided invitation/stakeholder workbook; confirm mandate and contacts in System Settings before operational use.
agency,Wizara ya Ardhi,,Government,Government Directorate,Department / directorate,Land Use/Urban Planning,,Mkurugenzi Idara ya Mipango Miji,,,,,,"Mkurugenzi Idara ya Mipango Miji, Wizara ya Ardhi University of Dodoma Road, Block 11, S.L.P 2908, Dodoma Tanzania.",,ORODHA YA WASHIRIKI.xlsx,WAKURUGENZI WA IDARA,39,Provided invitation workbook / WAKURUGENZI WA IDARA row 39,,Imported from the provided invitation/stakeholder workbook; confirm mandate and contacts in System Settings before operational use.
agency,Wizara ya Elimu,,Government,Government Directorate,Department / directorate,Education/Research,,Mkurugenzi Idara ya Elimu Maalum,,,,,,"Mkurugenzi Idara ya Elimu Maalum, Wizara ya Elimu Mji wa Serikali, Mtumba, Afya Street, S.L.P 10, Dodoma Tanzania.",,ORODHA YA WASHIRIKI.xlsx,WAKURUGENZI WA IDARA,48,Provided invitation workbook / WAKURUGENZI WA IDARA row 48,,Imported from the provided invitation/stakeholder workbook; confirm mandate and contacts in System Settings before operational use.
agency,Ofisi ya Waziri Mkuu - Kazi,,Government,Government Directorate,Department / directorate,"Social Protection/Special Groups, Disaster Management Coordination",,Mkuu wa Idara ya Watu Wenye Ulemavu,,,,,,"Mkuu wa Idara ya Watu Wenye Ulemavu, Ofisi ya Waziri Mkuu - Kazi Mji wa Serikali, Mtumba, Dodoma Tanzania.",,ORODHA YA WASHIRIKI.xlsx,WAKURUGENZI WA IDARA,49,Provided invitation workbook / WAKURUGENZI WA IDARA row 49,,Imported from the provided invitation/stakeholder workbook; confirm mandate and contacts in System Settings before operational use.
agency,Wizara ya Mawasiliano,,Government,Government Directorate,Department / directorate,Communication/Media,,Msemaji Mkuu wa Serikali,,,,,,"Msemaji Mkuu wa Serikali, Wizara ya Mawasiliano Mji wa Serikali, Mtumba, S.L.P 4269, Dodoma Tanzania.",,ORODHA YA WASHIRIKI.xlsx,WAKURUGENZI WA IDARA,52,Provided invitation workbook / WAKURUGENZI WA IDARA row 52,,Imported from the provided invitation/stakeholder workbook; confirm mandate and contacts in System Settings before operational use.
agency,Wizara ya Mazingira,,Government,Government Directorate,Department / directorate,Environment/Natural Resources,,Mkurugenzi Idara ya Mazingira na Mabadiliko ya Tabianchi,,,,,,"Mkurugenzi Idara ya Mazingira na Mabadiliko ya Tabianchi, Wizara ya Mazingira Mji wa Serikali, Mtumba, Dodoma Tanzania.",,ORODHA YA WASHIRIKI.xlsx,WAKURUGENZI WA IDARA,55,Provided invitation workbook / WAKURUGENZI WA IDARA row 55,,Imported from the provided invitation/stakeholder workbook; confirm mandate and contacts in System Settings before operational use.
agency,Chuo Kikuu cha Dar es Salaam,,Government,Academic and Research Institution,University / college,Education/Research,,Makamu Mkuu wa Chuo,,,,,,"Makamu Mkuu wa Chuo, Chuo Kikuu cha Dar es Salaam S.L.P 35091, Dar es Salaam Tanzania.",,ORODHA YA WASHIRIKI.xlsx,VYUO VYA ELIMU,3,Provided invitation workbook / VYUO VYA ELIMU row 3,,Imported from the provided invitation/stakeholder workbook; confirm mandate and contacts in System Settings before operational use.
agency,Chuo Kikuu cha Sokoine (SUA),SUA,Government,Academic and Research Institution,University / college,Education/Research,,Makamu Mkuu wa Chuo,,,,,,"Makamu Mkuu wa Chuo, Chuo Kikuu cha Sokoine (SUA) S.L.P 3000, Morogoro Tanzania.",,ORODHA YA WASHIRIKI.xlsx,VYUO VYA ELIMU,4,Provided invitation workbook / VYUO VYA ELIMU row 4,,Imported from the provided invitation/stakeholder workbook; confirm mandate and contacts in System Settings before operational use.
agency,Chuo Kikuu cha Ardhi,,Government,Academic and Research Institution,University / college,Land Use/Urban Planning,,Makamu Mkuu wa Chuo,,,,,,"Makamu Mkuu wa Chuo, Chuo Kikuu cha Ardhi S.L.P 35176, Dar es Salaam Tanzania.",,ORODHA YA WASHIRIKI.xlsx,VYUO VYA ELIMU,5,Provided invitation workbook / VYUO VYA ELIMU row 5,,Imported from the provided invitation/stakeholder workbook; confirm mandate and contacts in System Settings before operational use.
agency,Chuo Kikuu cha Dodoma,,Government,Academic and Research Institution,University / college,Education/Research,,Makamu Mkuu wa Chuo,,,,,,"Makamu Mkuu wa Chuo, Chuo Kikuu cha Dodoma S.L.P 259, Dodoma Tanzania.",,ORODHA YA WASHIRIKI.xlsx,VYUO VYA ELIMU,6,Provided invitation workbook / VYUO VYA ELIMU row 6,,Imported from the provided invitation/stakeholder workbook; confirm mandate and contacts in System Settings before operational use.
agency,Chuo Kikuu Huria cha Tanzania,,Government,Academic and Research Institution,University / college,Education/Research,,Makamu Mkuu wa Chuo,,,,,,"Makamu Mkuu wa Chuo, Chuo Kikuu Huria cha Tanzania S.L.P 23409, Dar es Salaam Tanzania.",,ORODHA YA WASHIRIKI.xlsx,VYUO VYA ELIMU,7,Provided invitation workbook / VYUO VYA ELIMU row 7,,Imported from the provided invitation/stakeholder workbook; confirm mandate and contacts in System Settings before operational use.
agency,Chuo Kikuu cha Afya na Sayansi ya Jamii Muhimbili,,Government,Academic and Research Institution,University / college,"Health, Education/Research, Social Protection/Special Groups",,Makamu Mkuu wa Chuo,,,,,,"Makamu Mkuu wa Chuo, Chuo Kikuu cha Afya na Sayansi ya Jamii Muhimbili S.L.P 65001, Dar es Salaam Tanzania.",,ORODHA YA WASHIRIKI.xlsx,VYUO VYA ELIMU,8,Provided invitation workbook / VYUO VYA ELIMU row 8,,Imported from the provided invitation/stakeholder workbook; confirm mandate and contacts in System Settings before operational use.
agency,Chuo cha Ustawi wa Jamii,,Government,Academic and Research Institution,University / college,"Education/Research, Social Protection/Special Groups",,Makamu Mkuu wa Chuo,,,,,,"Makamu Mkuu wa Chuo, Chuo cha Ustawi wa Jamii Dar es Salaam Tanzania.",,ORODHA YA WASHIRIKI.xlsx,VYUO VYA ELIMU,9,Provided invitation workbook / VYUO VYA ELIMU row 9,,Imported from the provided invitation/stakeholder workbook; confirm mandate and contacts in System Settings before operational use.
agency,Chuo cha Hali ya Hewa Kigoma,,Government,Academic and Research Institution,University / college,"Weather/Climate, Education/Research",,Mkuu wa Chuo,,,,,,"Mkuu wa Chuo, Chuo cha Hali ya Hewa Kigoma S.L.P 136, Kigoma Tanzania.",,ORODHA YA WASHIRIKI.xlsx,VYUO VYA ELIMU,10,Provided invitation workbook / VYUO VYA ELIMU row 10,,Imported from the provided invitation/stakeholder workbook; confirm mandate and contacts in System Settings before operational use.
agency,NDC,,Government,Academic and Research Institution,University / college,Education/Research,,Makamu Mkuu wa Chuo,,,,,,"Makamu Mkuu wa Chuo, NDC S.L.P 990, Dar es Salaam Tanzania.",,ORODHA YA WASHIRIKI.xlsx,VYUO VYA ELIMU,11,Provided invitation workbook / VYUO VYA ELIMU row 11,,Imported from the provided invitation/stakeholder workbook; confirm mandate and contacts in System Settings before operational use.
agency,Chuo cha Ubaharia Tanzania (DMI),DMI,Government,Academic and Research Institution,University / college,Education/Research,,Makamu Mkuu wa Chuo,,,,,,"Makamu Mkuu wa Chuo, Chuo cha Ubaharia Tanzania (DMI) S.L.P 6727, Dar es Salaam Tanzania.",,ORODHA YA WASHIRIKI.xlsx,VYUO VYA ELIMU,12,Provided invitation workbook / VYUO VYA ELIMU row 12,,Imported from the provided invitation/stakeholder workbook; confirm mandate and contacts in System Settings before operational use.
agency,Chuo cha Elimu ya Uongozi - Bagamoyo,,Government,Academic and Research Institution,University / college,Education/Research,,Makamu Mkuu wa Chuo,,,,,,"Makamu Mkuu wa Chuo, Chuo cha Elimu ya Uongozi - Bagamoyo S.L.P 2, Bagamoyo Tanzania.",,ORODHA YA WASHIRIKI.xlsx,VYUO VYA ELIMU,13,Provided invitation workbook / VYUO VYA ELIMU row 13,,Imported from the provided invitation/stakeholder workbook; confirm mandate and contacts in System Settings before operational use.
agency,VETA Dodoma,,Government,Academic and Research Institution,University / college,Education/Research,,Mkuu wa Chuo,,,,,,"Mkuu wa Chuo, VETA Dodoma S.L.P 2890, Dodoma Tanzania.",,ORODHA YA WASHIRIKI.xlsx,VYUO VYA ELIMU,14,Provided invitation workbook / VYUO VYA ELIMU row 14,,Imported from the provided invitation/stakeholder workbook; confirm mandate and contacts in System Settings before operational use.
agency,Chuo cha ADEM,,Government,Academic and Research Institution,University / college,Education/Research,,Mkuu wa Chuo,,,,,,"Mkuu wa Chuo, Chuo cha ADEM Dodoma Tanzania.",,ORODHA YA WASHIRIKI.xlsx,VYUO VYA ELIMU,15,Provided invitation workbook / VYUO VYA ELIMU row 15,,Imported from the provided invitation/stakeholder workbook; confirm mandate and contacts in System Settings before operational use.
agency,Chuo Kikuu cha Nelson Mandela (NM-AIST),,Government,Academic and Research Institution,University / college,Education/Research,,Makamu Mkuu wa Chuo,,,,,,"Makamu Mkuu wa Chuo, Chuo Kikuu cha Nelson Mandela (NM-AIST) S.L.P 447, Arusha Tanzania.",,ORODHA YA WASHIRIKI.xlsx,VYUO VYA ELIMU,16,Provided invitation workbook / VYUO VYA ELIMU row 16,,Imported from the provided invitation/stakeholder workbook; confirm mandate and contacts in System Settings before operational use.
agency,Chuo Kikuu cha Mzumbe,,Government,Academic and Research Institution,University / college,Education/Research,,Makamu Mkuu wa Chuo,,,,,,"Makamu Mkuu wa Chuo, Chuo Kikuu cha Mzumbe S.L.P 1, Mzumbe, Morogoro Tanzania.",,ORODHA YA WASHIRIKI.xlsx,VYUO VYA ELIMU,17,Provided invitation workbook / VYUO VYA ELIMU row 17,,Imported from the provided invitation/stakeholder workbook; confirm mandate and contacts in System Settings before operational use.
agency,Taasisi ya Teknolojia Dar es Salaam (DIT),DIT,Government,Academic and Research Institution,University / college,Education/Research,,Mkuu wa Chuo,,,,,,"Mkuu wa Chuo, Taasisi ya Teknolojia Dar es Salaam (DIT) S.L.P 2958, Dar es Salaam Tanzania.",,ORODHA YA WASHIRIKI.xlsx,VYUO VYA ELIMU,18,Provided invitation workbook / VYUO VYA ELIMU row 18,,Imported from the provided invitation/stakeholder workbook; confirm mandate and contacts in System Settings before operational use.
agency,Institute of Finance Management,IFM,Government,Academic and Research Institution,University / college,"Education/Research, Finance/Risk Financing",,Mkuu wa Chuo,,,,,,"Mkuu wa Chuo, IFM - Institute of Finance Management S.L.P 3918, Dar es Salaam Tanzania.",,ORODHA YA WASHIRIKI.xlsx,VYUO VYA ELIMU,19,Provided invitation workbook / VYUO VYA ELIMU row 19,,Imported from the provided invitation/stakeholder workbook; confirm mandate and contacts in System Settings before operational use.
stakeholder,BAKWATA,,NGO,Faith-Based Organization,Religious / FBO,Infrastructure/Transport,,Mufti Mkuu wa Tanzania,,,,,,"Mufti Mkuu wa Tanzania, BAKWATA S.L.P 21422, Dar es Salaam Tanzania.",,ORODHA YA WASHIRIKI.xlsx,TAASISI ZA DINI,3,Provided invitation workbook / TAASISI ZA DINI row 3,,Imported from the provided invitation/stakeholder workbook; confirm mandate and contacts in System Settings before operational use.
stakeholder,CCT,,NGO,Faith-Based Organization,Religious / FBO,Infrastructure/Transport,,Katibu Mkuu,,,,,,"Katibu Mkuu, CCT S.L.P 3060, Dodoma Tanzania.",,ORODHA YA WASHIRIKI.xlsx,TAASISI ZA DINI,4,Provided invitation workbook / TAASISI ZA DINI row 4,,Imported from the provided invitation/stakeholder workbook; confirm mandate and contacts in System Settings before operational use.
stakeholder,TEC,,NGO,Faith-Based Organization,Religious / FBO,Infrastructure/Transport,,Katibu Mkuu,,,,,,"Katibu Mkuu, TEC S.L.P 2133, Dar es Salaam Tanzania.",,ORODHA YA WASHIRIKI.xlsx,TAASISI ZA DINI,5,Provided invitation workbook / TAASISI ZA DINI row 5,,Imported from the provided invitation/stakeholder workbook; confirm mandate and contacts in System Settings before operational use.
stakeholder,Baraza Kuu la Waislamu Tanzania (BAKWATA) - Zanzibar,BAKWATA,NGO,Faith-Based Organization,Religious / FBO,Infrastructure/Transport,,Mufti wa Zanzibar,,,,,,"Mufti wa Zanzibar, Baraza Kuu la Waislamu Tanzania (BAKWATA) - Zanzibar Zanzibar, Tanzania.",,ORODHA YA WASHIRIKI.xlsx,TAASISI ZA DINI,6,Provided invitation workbook / TAASISI ZA DINI row 6,,Imported from the provided invitation/stakeholder workbook; confirm mandate and contacts in System Settings before operational use.
stakeholder,Pentecostal Churches Association of Tanzania (PCAT),PCAT,NGO,Faith-Based Organization,Religious / FBO,Infrastructure/Transport,,Katibu Mkuu,,,,,,"Katibu Mkuu, Pentecostal Churches Association of Tanzania (PCAT) Dar es Salaam Tanzania.",,ORODHA YA WASHIRIKI.xlsx,TAASISI ZA DINI,7,Provided invitation workbook / TAASISI ZA DINI row 7,,Imported from the provided invitation/stakeholder workbook; confirm mandate and contacts in System Settings before operational use.
stakeholder,National Muslim Council of Tanzania (BAKWATA) - Vijana,BAKWATA,NGO,Faith-Based Organization,Religious / FBO,"Infrastructure/Transport, Social Protection/Special Groups",,Mwenyekiti,,,,,,"Mwenyekiti, National Muslim Council of Tanzania (BAKWATA) - Vijana S.L.P 21422, Dar es Salaam Tanzania.",,ORODHA YA WASHIRIKI.xlsx,TAASISI ZA DINI,8,Provided invitation workbook / TAASISI ZA DINI row 8,,Imported from the provided invitation/stakeholder workbook; confirm mandate and contacts in System Settings before operational use.
stakeholder,TCCIA,,Private,Private Sector,Business association / company,Trade/Industry/Private Sector,,Mwenyekiti,,,,,,"Mwenyekiti, TCCIA S.L.P 9713, Dar es Salaam Tanzania.",,ORODHA YA WASHIRIKI.xlsx,SEKTA BINAFSI,3,Provided invitation workbook / SEKTA BINAFSI row 3,,Imported from the provided invitation/stakeholder workbook; confirm mandate and contacts in System Settings before operational use.
stakeholder,TPSF,,Private,Private Sector,Business association / company,Trade/Industry/Private Sector,,Mwenyekiti,,,,,,"Mwenyekiti, TPSF S.L.P 79561, Dar es Salaam Tanzania.",,ORODHA YA WASHIRIKI.xlsx,SEKTA BINAFSI,4,Provided invitation workbook / SEKTA BINAFSI row 4,,Imported from the provided invitation/stakeholder workbook; confirm mandate and contacts in System Settings before operational use.
stakeholder,CTI,,Private,Private Sector,Business association / company,Trade/Industry/Private Sector,,Mwenyekiti,,,,,,"Mwenyekiti, CTI S.L.P 71783, Dar es Salaam Tanzania.",,ORODHA YA WASHIRIKI.xlsx,SEKTA BINAFSI,5,Provided invitation workbook / SEKTA BINAFSI row 5,,Imported from the provided invitation/stakeholder workbook; confirm mandate and contacts in System Settings before operational use.
stakeholder,Tanzania Private Sector Foundation (TPSF),TPSF,Private,Private Sector,Business association / company,Trade/Industry/Private Sector,,Mkurugenzi Mtendaji,,,,,,"Mkurugenzi Mtendaji, Tanzania Private Sector Foundation (TPSF) S.L.P 79561, Dar es Salaam Tanzania.",,ORODHA YA WASHIRIKI.xlsx,SEKTA BINAFSI,6,Provided invitation workbook / SEKTA BINAFSI row 6,,Imported from the provided invitation/stakeholder workbook; confirm mandate and contacts in System Settings before operational use.
stakeholder,Association of Tanzania Insurers (ATI),ATI,Private,Private Sector,Business association / company,Trade/Industry/Private Sector,,Mkurugenzi Mtendaji,,,,,,"Mkurugenzi Mtendaji, Association of Tanzania Insurers (ATI) P.O. Box 14046, Dar es Salaam Tanzania.",,ORODHA YA WASHIRIKI.xlsx,SEKTA BINAFSI,7,Provided invitation workbook / SEKTA BINAFSI row 7,,Imported from the provided invitation/stakeholder workbook; confirm mandate and contacts in System Settings before operational use.
stakeholder,Tanzania Bankers Association (TBA),TBA,Private,Private Sector,Business association / company,"Finance/Risk Financing, Trade/Industry/Private Sector",,Mkurugenzi Mtendaji,,,,,,"Mkurugenzi Mtendaji, Tanzania Bankers Association (TBA) S.L.P 506, Dodoma Tanzania.",,ORODHA YA WASHIRIKI.xlsx,SEKTA BINAFSI,8,Provided invitation workbook / SEKTA BINAFSI row 8,,Imported from the provided invitation/stakeholder workbook; confirm mandate and contacts in System Settings before operational use.
stakeholder,Contractors Registration Board (CRB),CRB,Private,Private Sector,Business association / company,"Finance/Risk Financing, Trade/Industry/Private Sector",,Msajili,,,,,,"Msajili, Contractors Registration Board (CRB) S.L.P 1953, Dar es Salaam Tanzania.",,ORODHA YA WASHIRIKI.xlsx,SEKTA BINAFSI,9,Provided invitation workbook / SEKTA BINAFSI row 9,,Imported from the provided invitation/stakeholder workbook; confirm mandate and contacts in System Settings before operational use.
stakeholder,National Construction Council (NCC),NCC,Private,Private Sector,Business association / company,"Infrastructure/Transport, Trade/Industry/Private Sector",,Mkurugenzi Mtendaji,,,,,,"Mkurugenzi Mtendaji, National Construction Council (NCC) S.L.P 70039, Dar es Salaam Tanzania.",,ORODHA YA WASHIRIKI.xlsx,SEKTA BINAFSI,10,Provided invitation workbook / SEKTA BINAFSI row 10,,Imported from the provided invitation/stakeholder workbook; confirm mandate and contacts in System Settings before operational use.
stakeholder,Tanzania Association of Consultants (TACO),TACO,Private,Private Sector,Business association / company,Trade/Industry/Private Sector,,Mwenyekiti,,,,,,"Mwenyekiti, Tanzania Association of Consultants (TACO)",,ORODHA YA WASHIRIKI.xlsx,SEKTA BINAFSI,11,Provided invitation workbook / SEKTA BINAFSI row 11,,Imported from the provided invitation/stakeholder workbook; confirm mandate and contacts in System Settings before operational use.
stakeholder,Vodacom Tanzania,,Private,Private Sector,Business association / company,Trade/Industry/Private Sector,,Mkurugenzi Mkuu,,,,,,"Mkurugenzi Mkuu, Vodacom Tanzania P.O. Box 2369, Dar es Salaam Tanzania.",,ORODHA YA WASHIRIKI.xlsx,SEKTA BINAFSI,12,Provided invitation workbook / SEKTA BINAFSI row 12,,Imported from the provided invitation/stakeholder workbook; confirm mandate and contacts in System Settings before operational use.
stakeholder,Airtel Tanzania,,Private,Private Sector,Business association / company,Trade/Industry/Private Sector,,Mkurugenzi Mkuu,,,,,,"Mkurugenzi Mkuu, Airtel Tanzania P.O. Box 3304, Dar es Salaam Tanzania.",,ORODHA YA WASHIRIKI.xlsx,SEKTA BINAFSI,13,Provided invitation workbook / SEKTA BINAFSI row 13,,Imported from the provided invitation/stakeholder workbook; confirm mandate and contacts in System Settings before operational use.
stakeholder,Tigo/MIC Tanzania,,Private,Private Sector,Business association / company,Trade/Industry/Private Sector,,Mkurugenzi Mkuu,,,,,,"Mkurugenzi Mkuu, Tigo/MIC Tanzania P.O. Box 2929, Dar es Salaam Tanzania.",,ORODHA YA WASHIRIKI.xlsx,SEKTA BINAFSI,14,Provided invitation workbook / SEKTA BINAFSI row 14,,Imported from the provided invitation/stakeholder workbook; confirm mandate and contacts in System Settings before operational use.
stakeholder,Halotel,,Private,Private Sector,Business association / company,Trade/Industry/Private Sector,,Mkurugenzi Mkuu,,,,,,"Mkurugenzi Mkuu, Halotel Dar es Salaam Tanzania.",,ORODHA YA WASHIRIKI.xlsx,SEKTA BINAFSI,15,Provided invitation workbook / SEKTA BINAFSI row 15,,Imported from the provided invitation/stakeholder workbook; confirm mandate and contacts in System Settings before operational use.
stakeholder,CRDB Bank Plc,,Private,Private Sector,Business association / company,"Finance/Risk Financing, Trade/Industry/Private Sector",,Mkurugenzi Mkuu,,,,,,"Mkurugenzi Mkuu, CRDB Bank Plc Azikiwe Street, P.O. Box 268, Dar es Salaam Tanzania.",,ORODHA YA WASHIRIKI.xlsx,SEKTA BINAFSI,16,Provided invitation workbook / SEKTA BINAFSI row 16,,Imported from the provided invitation/stakeholder workbook; confirm mandate and contacts in System Settings before operational use.
stakeholder,NMB Bank Plc,,Private,Private Sector,Business association / company,"Finance/Risk Financing, Trade/Industry/Private Sector",,Mkurugenzi Mkuu,,,,,,"Mkurugenzi Mkuu, NMB Bank Plc Ohio Street/Ali Hassan Mwinyi Road, P.O. Box 9213, Dar es Salaam Tanzania.",,ORODHA YA WASHIRIKI.xlsx,SEKTA BINAFSI,17,Provided invitation workbook / SEKTA BINAFSI row 17,,Imported from the provided invitation/stakeholder workbook; confirm mandate and contacts in System Settings before operational use.
stakeholder,NBC Bank (National Bank of Commerce),,Private,Private Sector,Business association / company,"Finance/Risk Financing, Trade/Industry/Private Sector",,Mkurugenzi Mkuu,,,,,,"Mkurugenzi Mkuu, NBC Bank (National Bank of Commerce) Sokoine Drive/Azikiwe Street, P.O. Box 1863, Dar es Salaam Tanzania.",,ORODHA YA WASHIRIKI.xlsx,SEKTA BINAFSI,18,Provided invitation workbook / SEKTA BINAFSI row 18,,Imported from the provided invitation/stakeholder workbook; confirm mandate and contacts in System Settings before operational use.
stakeholder,Stanbic Bank Tanzania,,Private,Private Sector,Business association / company,"Finance/Risk Financing, Trade/Industry/Private Sector",,Mkurugenzi Mkuu,,,,,,"Mkurugenzi Mkuu, Stanbic Bank Tanzania Stanbic Centre, Kinondoni Road, P.O. Box 72647, Dar es Salaam Tanzania.",,ORODHA YA WASHIRIKI.xlsx,SEKTA BINAFSI,19,Provided invitation workbook / SEKTA BINAFSI row 19,,Imported from the provided invitation/stakeholder workbook; confirm mandate and contacts in System Settings before operational use.
stakeholder,Standard Chartered Bank Tanzania,,Private,Private Sector,Business association / company,"Finance/Risk Financing, Trade/Industry/Private Sector",,Mkurugenzi Mkuu,,,,,,"Mkurugenzi Mkuu, Standard Chartered Bank Tanzania International House, Garden Avenue, P.O. Box 9011, Dar es Salaam Tanzania.",,ORODHA YA WASHIRIKI.xlsx,SEKTA BINAFSI,20,Provided invitation workbook / SEKTA BINAFSI row 20,,Imported from the provided invitation/stakeholder workbook; confirm mandate and contacts in System Settings before operational use.
stakeholder,Absa Bank Tanzania,,Private,Private Sector,Business association / company,"Finance/Risk Financing, Trade/Industry/Private Sector",,Mkurugenzi Mkuu,,,,,,"Mkurugenzi Mkuu, Absa Bank Tanzania Absa House, Ohio Street, P.O. Box 5137, Dar es Salaam Tanzania.",,ORODHA YA WASHIRIKI.xlsx,SEKTA BINAFSI,21,Provided invitation workbook / SEKTA BINAFSI row 21,,Imported from the provided invitation/stakeholder workbook; confirm mandate and contacts in System Settings before operational use.
stakeholder,Exim Bank Tanzania,,Private,Private Sector,Business association / company,"Finance/Risk Financing, Trade/Industry/Private Sector",,Mkurugenzi Mkuu,,,,,,"Mkurugenzi Mkuu, Exim Bank Tanzania Exim Tower, Ghana Avenue, P.O. Box 1431, Dar es Salaam Tanzania.",,ORODHA YA WASHIRIKI.xlsx,SEKTA BINAFSI,22,Provided invitation workbook / SEKTA BINAFSI row 22,,Imported from the provided invitation/stakeholder workbook; confirm mandate and contacts in System Settings before operational use.
stakeholder,Diamond Trust Bank (DTB) Tanzania,DTB,Private,Private Sector,Business association / company,"Finance/Risk Financing, Trade/Industry/Private Sector",,Mkurugenzi Mkuu,,,,,,"Mkurugenzi Mkuu, Diamond Trust Bank (DTB) Tanzania Harbour View Towers, Samora Avenue, P.O. Box 115, Dar es Salaam Tanzania.",,ORODHA YA WASHIRIKI.xlsx,SEKTA BINAFSI,23,Provided invitation workbook / SEKTA BINAFSI row 23,,Imported from the provided invitation/stakeholder workbook; confirm mandate and contacts in System Settings before operational use.
stakeholder,I&M Bank Tanzania,,Private,Private Sector,Business association / company,"Finance/Risk Financing, Trade/Industry/Private Sector",,Mkurugenzi Mkuu,,,,,,"Mkurugenzi Mkuu, I&M Bank Tanzania Maktaba Square, Maktaba Street, P.O. Box 1509, Dar es Salaam Tanzania.",,ORODHA YA WASHIRIKI.xlsx,SEKTA BINAFSI,24,Provided invitation workbook / SEKTA BINAFSI row 24,,Imported from the provided invitation/stakeholder workbook; confirm mandate and contacts in System Settings before operational use.
stakeholder,KCB Bank Tanzania,,Private,Private Sector,Business association / company,"Finance/Risk Financing, Trade/Industry/Private Sector",,Mkurugenzi Mkuu,,,,,,"Mkurugenzi Mkuu, KCB Bank Tanzania Harambee Plaza, Ali Hassan Mwinyi Road, P.O. Box 804, Dar es Salaam Tanzania.",,ORODHA YA WASHIRIKI.xlsx,SEKTA BINAFSI,25,Provided invitation workbook / SEKTA BINAFSI row 25,,Imported from the provided invitation/stakeholder workbook; confirm mandate and contacts in System Settings before operational use.
stakeholder,Equity Bank Tanzania,,Private,Private Sector,Business association / company,"Finance/Risk Financing, Trade/Industry/Private Sector",,Mkurugenzi Mkuu,,,,,,"Mkurugenzi Mkuu, Equity Bank Tanzania Golden Jubilee Towers, Ohio Street, P.O. Box 110183, Dar es Salaam Tanzania.",,ORODHA YA WASHIRIKI.xlsx,SEKTA BINAFSI,26,Provided invitation workbook / SEKTA BINAFSI row 26,,Imported from the provided invitation/stakeholder workbook; confirm mandate and contacts in System Settings before operational use.
stakeholder,Akiba Commercial Bank,,Private,Private Sector,Business association / company,"Finance/Risk Financing, Trade/Industry/Private Sector",,Mkurugenzi Mkuu,,,,,,"Mkurugenzi Mkuu, Akiba Commercial Bank Amani Place, Ohio Street, P.O. Box 669, Dar es Salaam Tanzania.",,ORODHA YA WASHIRIKI.xlsx,SEKTA BINAFSI,27,Provided invitation workbook / SEKTA BINAFSI row 27,,Imported from the provided invitation/stakeholder workbook; confirm mandate and contacts in System Settings before operational use.
stakeholder,Azania Bank,,Private,Private Sector,Business association / company,"Finance/Risk Financing, Trade/Industry/Private Sector",,Mkurugenzi Mkuu,,,,,,"Mkurugenzi Mkuu, Azania Bank Mawasiliano Towers, Sam Nujoma Road, P.O. Box 32089, Dar es Salaam Tanzania.",,ORODHA YA WASHIRIKI.xlsx,SEKTA BINAFSI,28,Provided invitation workbook / SEKTA BINAFSI row 28,,Imported from the provided invitation/stakeholder workbook; confirm mandate and contacts in System Settings before operational use.
stakeholder,DCB Commercial Bank,,Private,Private Sector,Business association / company,"Finance/Risk Financing, Trade/Industry/Private Sector",,Mkurugenzi Mkuu,,,,,,"Mkurugenzi Mkuu, DCB Commercial Bank Magomeni Mwembechai, P.O. Box 19798, Dar es Salaam Tanzania.",,ORODHA YA WASHIRIKI.xlsx,SEKTA BINAFSI,29,Provided invitation workbook / SEKTA BINAFSI row 29,,Imported from the provided invitation/stakeholder workbook; confirm mandate and contacts in System Settings before operational use.
stakeholder,TPB Bank (Tanzania Postal Bank),,Private,Private Sector,Business association / company,"Finance/Risk Financing, Trade/Industry/Private Sector",,Mkurugenzi Mkuu,,,,,,"Mkurugenzi Mkuu, TPB Bank (Tanzania Postal Bank) TPB House, Maktaba Street, P.O. Box 9300, Dar es Salaam Tanzania.",,ORODHA YA WASHIRIKI.xlsx,SEKTA BINAFSI,30,Provided invitation workbook / SEKTA BINAFSI row 30,,Imported from the provided invitation/stakeholder workbook; confirm mandate and contacts in System Settings before operational use.
stakeholder,Mkombozi Commercial Bank,,Private,Private Sector,Business association / company,"Finance/Risk Financing, Trade/Industry/Private Sector",,Mkurugenzi Mkuu,,,,,,"Mkurugenzi Mkuu, Mkombozi Commercial Bank Lumumba Street, P.O. Box 38448, Dar es Salaam Tanzania.",,ORODHA YA WASHIRIKI.xlsx,SEKTA BINAFSI,31,Provided invitation workbook / SEKTA BINAFSI row 31,,Imported from the provided invitation/stakeholder workbook; confirm mandate and contacts in System Settings before operational use.
stakeholder,Bank of Africa Tanzania,,Private,Private Sector,Business association / company,"Finance/Risk Financing, Trade/Industry/Private Sector",,Mkurugenzi Mkuu,,,,,,"Mkurugenzi Mkuu, Bank of Africa Tanzania NDC Development House, Ohio Street/Kivukoni Front, P.O. Box 3054, Dar es Salaam Tanzania.",,ORODHA YA WASHIRIKI.xlsx,SEKTA BINAFSI,32,Provided invitation workbook / SEKTA BINAFSI row 32,,Imported from the provided invitation/stakeholder workbook; confirm mandate and contacts in System Settings before operational use.
stakeholder,Citibank Tanzania,,Private,Private Sector,Business association / company,"Finance/Risk Financing, Trade/Industry/Private Sector",,Mkurugenzi Mkuu,,,,,,"Mkurugenzi Mkuu, Citibank Tanzania 36 Upanga Road, P.O. Box 71625, Dar es Salaam Tanzania.",,ORODHA YA WASHIRIKI.xlsx,SEKTA BINAFSI,33,Provided invitation workbook / SEKTA BINAFSI row 33,,Imported from the provided invitation/stakeholder workbook; confirm mandate and contacts in System Settings before operational use.
stakeholder,Ecobank Tanzania,,Private,Private Sector,Business association / company,"Finance/Risk Financing, Trade/Industry/Private Sector",,Mkurugenzi Mkuu,,,,,,"Mkurugenzi Mkuu, Ecobank Tanzania Ecobank House, Garden Avenue, P.O. Box 20500, Dar es Salaam Tanzania.",,ORODHA YA WASHIRIKI.xlsx,SEKTA BINAFSI,34,Provided invitation workbook / SEKTA BINAFSI row 34,,Imported from the provided invitation/stakeholder workbook; confirm mandate and contacts in System Settings before operational use.
stakeholder,UBA Bank Tanzania,,Private,Private Sector,Business association / company,"Finance/Risk Financing, Trade/Industry/Private Sector",,Mkurugenzi Mkuu,,,,,,"Mkurugenzi Mkuu, UBA Bank Tanzania 5 Ohio Street, P.O. Box 80514, Dar es Salaam Tanzania.",,ORODHA YA WASHIRIKI.xlsx,SEKTA BINAFSI,35,Provided invitation workbook / SEKTA BINAFSI row 35,,Imported from the provided invitation/stakeholder workbook; confirm mandate and contacts in System Settings before operational use.
stakeholder,Letshego Bank Tanzania,,Private,Private Sector,Business association / company,"Finance/Risk Financing, Trade/Industry/Private Sector",,Mkurugenzi Mkuu,,,,,,"Mkurugenzi Mkuu, Letshego Bank Tanzania Letshego Plaza, Bagamoyo Road, P.O. Box 17995, Dar es Salaam Tanzania.",,ORODHA YA WASHIRIKI.xlsx,SEKTA BINAFSI,36,Provided invitation workbook / SEKTA BINAFSI row 36,,Imported from the provided invitation/stakeholder workbook; confirm mandate and contacts in System Settings before operational use.
stakeholder,Amana Bank,,Private,Private Sector,Business association / company,"Finance/Risk Financing, Trade/Industry/Private Sector",,Mkurugenzi Mkuu,,,,,,"Mkurugenzi Mkuu, Amana Bank Kisutu Street, P.O. Box 9771, Dar es Salaam Tanzania.",,ORODHA YA WASHIRIKI.xlsx,SEKTA BINAFSI,37,Provided invitation workbook / SEKTA BINAFSI row 37,,Imported from the provided invitation/stakeholder workbook; confirm mandate and contacts in System Settings before operational use.
stakeholder,China Dasheng Bank,,Private,Private Sector,Business association / company,"Finance/Risk Financing, Trade/Industry/Private Sector",,Mkurugenzi Mkuu,,,,,,"Mkurugenzi Mkuu, China Dasheng Bank Golden Jubilee Towers, Ohio Street, P.O. Box 80606, Dar es Salaam Tanzania.",,ORODHA YA WASHIRIKI.xlsx,SEKTA BINAFSI,38,Provided invitation workbook / SEKTA BINAFSI row 38,,Imported from the provided invitation/stakeholder workbook; confirm mandate and contacts in System Settings before operational use.
stakeholder,TBC (Tanzania Broadcasting Corporation),,Private,Media,Media house / press body,Communication/Media,,Mkurugenzi Mkuu,,,,,,"Mkurugenzi Mkuu, TBC (Tanzania Broadcasting Corporation) S.L.P 9191, Dar es Salaam Tanzania.",,ORODHA YA WASHIRIKI.xlsx,VYOMBO VYA HABARI,3,Provided invitation workbook / VYOMBO VYA HABARI row 3,,Imported from the provided invitation/stakeholder workbook; confirm mandate and contacts in System Settings before operational use.
stakeholder,Shirika la Magazeti ya Serikali (TSN),TSN,Private,Media,Media house / press body,Communication/Media,,Mkurugenzi Mkuu,,,,,,"Mkurugenzi Mkuu, Shirika la Magazeti ya Serikali (TSN) S.L.P 9033, Dar es Salaam Tanzania.",,ORODHA YA WASHIRIKI.xlsx,VYOMBO VYA HABARI,4,Provided invitation workbook / VYOMBO VYA HABARI row 4,,Imported from the provided invitation/stakeholder workbook; confirm mandate and contacts in System Settings before operational use.
stakeholder,ITV/Radio One,,Private,Media,Media house / press body,Communication/Media,,Mkurugenzi Mkuu,,,,,,"Mkurugenzi Mkuu, ITV/Radio One Dar es Salaam Tanzania.",,ORODHA YA WASHIRIKI.xlsx,VYOMBO VYA HABARI,5,Provided invitation workbook / VYOMBO VYA HABARI row 5,,Imported from the provided invitation/stakeholder workbook; confirm mandate and contacts in System Settings before operational use.
stakeholder,Azam Media,,Private,Media,Media house / press body,Communication/Media,,Mkurugenzi Mkuu,,,,,,"Mkurugenzi Mkuu, Azam Media Dar es Salaam Tanzania.",,ORODHA YA WASHIRIKI.xlsx,VYOMBO VYA HABARI,6,Provided invitation workbook / VYOMBO VYA HABARI row 6,,Imported from the provided invitation/stakeholder workbook; confirm mandate and contacts in System Settings before operational use.
stakeholder,MCL (Media Council of Tanzania),,Private,Media,Media house / press body,Communication/Media,,Mwenyekiti,,,,,,"Mwenyekiti, MCL (Media Council of Tanzania) Dar es Salaam Tanzania.",,ORODHA YA WASHIRIKI.xlsx,VYOMBO VYA HABARI,7,Provided invitation workbook / VYOMBO VYA HABARI row 7,,Imported from the provided invitation/stakeholder workbook; confirm mandate and contacts in System Settings before operational use.
stakeholder,Baraza la Habari Tanzania (MCT),MCT,Private,Media,Media house / press body,Communication/Media,,Mkurugenzi Mtendaji,,,,,,"Mkurugenzi Mtendaji, Baraza la Habari Tanzania (MCT) S.L.P 3044, Dodoma Tanzania.",,ORODHA YA WASHIRIKI.xlsx,VYOMBO VYA HABARI,8,Provided invitation workbook / VYOMBO VYA HABARI row 8,,Imported from the provided invitation/stakeholder workbook; confirm mandate and contacts in System Settings before operational use.
stakeholder,Brass Band - Makutupora,,Community,Community Support,Ceremonial / mobilisation support,Social Protection/Special Groups,,Kamanda,,,,,,"Kamanda, Brass Band - Makutupora Makutupora, Dodoma Tanzania.",,ORODHA YA WASHIRIKI.xlsx,BRASS BAND,3,Provided invitation workbook / BRASS BAND row 3,,Imported from the provided invitation/stakeholder workbook; confirm mandate and contacts in System Settings before operational use.
agency,Ofisi ya Mkuu wa Mkoa wa Arusha,,Government,Regional Administration,Regional secretariat / RC office,"Finance/Risk Financing, Regional/LGA Governance",,Mkuu wa Mkoa (RC),,,,,,"Mkuu wa Mkoa, Ofisi ya Mkuu wa Mkoa wa Arusha, Arusha, Tanzania.",,ORODHA YA WASHIRIKI.xlsx,TAWALA ZA MIKOA,4,Provided invitation workbook / TAWALA ZA MIKOA row 4,,Imported from the provided invitation/stakeholder workbook; confirm mandate and contacts in System Settings before operational use.
agency,Sekretarieti ya Mkoa wa Arusha,,Government,Regional Administration,Regional secretariat / RC office,"Finance/Risk Financing, Regional/LGA Governance",,Katibu Tawala wa Mkoa (RAS),,,,,,"Katibu Tawala wa Mkoa, Sekretarieti ya Mkoa wa Arusha, Arusha, Tanzania.",,ORODHA YA WASHIRIKI.xlsx,TAWALA ZA MIKOA,5,Provided invitation workbook / TAWALA ZA MIKOA row 5,,Imported from the provided invitation/stakeholder workbook; confirm mandate and contacts in System Settings before operational use.
agency,Halmashauri ya Jiji la Arusha,,Government,Local Government Authority,Council / LGA,Regional/LGA Governance,,Mkuu wa Wilaya (DC),,,,,,"Mkuu wa Wilaya, Halmashauri ya Jiji la Arusha, Arusha, Tanzania.",,ORODHA YA WASHIRIKI.xlsx,TAWALA ZA MIKOA,6,Provided invitation workbook / TAWALA ZA MIKOA row 6,,Imported from the provided invitation/stakeholder workbook; confirm mandate and contacts in System Settings before operational use.
agency,Halmashauri ya Wilaya ya Arusha,,Government,Local Government Authority,Council / LGA,Regional/LGA Governance,,Mkuu wa Wilaya (DC),,,,,,"Mkuu wa Wilaya, Halmashauri ya Wilaya ya Arusha, Arusha, Tanzania.",,ORODHA YA WASHIRIKI.xlsx,TAWALA ZA MIKOA,9,Provided invitation workbook / TAWALA ZA MIKOA row 9,,Imported from the provided invitation/stakeholder workbook; confirm mandate and contacts in System Settings before operational use.
agency,Halmashauri ya Wilaya ya Karatu,,Government,Local Government Authority,Council / LGA,Regional/LGA Governance,,Mkuu wa Wilaya (DC),,,,,,"Mkuu wa Wilaya, Halmashauri ya Wilaya ya Karatu, Arusha, Tanzania.",,ORODHA YA WASHIRIKI.xlsx,TAWALA ZA MIKOA,12,Provided invitation workbook / TAWALA ZA MIKOA row 12,,Imported from the provided invitation/stakeholder workbook; confirm mandate and contacts in System Settings before operational use.
agency,Halmashauri ya Wilaya ya Longido,,Government,Local Government Authority,Council / LGA,Regional/LGA Governance,,Mkuu wa Wilaya (DC),,,,,,"Mkuu wa Wilaya, Halmashauri ya Wilaya ya Longido, Arusha, Tanzania.",,ORODHA YA WASHIRIKI.xlsx,TAWALA ZA MIKOA,15,Provided invitation workbook / TAWALA ZA MIKOA row 15,,Imported from the provided invitation/stakeholder workbook; confirm mandate and contacts in System Settings before operational use.
agency,Halmashauri ya Wilaya ya Meru,,Government,Local Government Authority,Council / LGA,Regional/LGA Governance,,Mkuu wa Wilaya (DC),,,,,,"Mkuu wa Wilaya, Halmashauri ya Wilaya ya Meru, Arusha, Tanzania.",,ORODHA YA WASHIRIKI.xlsx,TAWALA ZA MIKOA,18,Provided invitation workbook / TAWALA ZA MIKOA row 18,,Imported from the provided invitation/stakeholder workbook; confirm mandate and contacts in System Settings before operational use.
agency,Halmashauri ya Wilaya ya Monduli,,Government,Local Government Authority,Council / LGA,Regional/LGA Governance,,Mkuu wa Wilaya (DC),,,,,,"Mkuu wa Wilaya, Halmashauri ya Wilaya ya Monduli, Arusha, Tanzania.",,ORODHA YA WASHIRIKI.xlsx,TAWALA ZA MIKOA,21,Provided invitation workbook / TAWALA ZA MIKOA row 21,,Imported from the provided invitation/stakeholder workbook; confirm mandate and contacts in System Settings before operational use.
agency,Halmashauri ya Wilaya ya Ngorongoro,,Government,Local Government Authority,Council / LGA,Regional/LGA Governance,,Mkuu wa Wilaya (DC),,,,,,"Mkuu wa Wilaya, Halmashauri ya Wilaya ya Ngorongoro, Arusha, Tanzania.",,ORODHA YA WASHIRIKI.xlsx,TAWALA ZA MIKOA,24,Provided invitation workbook / TAWALA ZA MIKOA row 24,,Imported from the provided invitation/stakeholder workbook; confirm mandate and contacts in System Settings before operational use.
agency,Ofisi ya Mkuu wa Mkoa wa Dar es Salaam,,Government,Regional Administration,Regional secretariat / RC office,"Finance/Risk Financing, Regional/LGA Governance",,Mkuu wa Mkoa (RC),,,,,,"Mkuu wa Mkoa, Ofisi ya Mkuu wa Mkoa wa Dar es Salaam, Dar es Salaam, Tanzania.",,ORODHA YA WASHIRIKI.xlsx,TAWALA ZA MIKOA,28,Provided invitation workbook / TAWALA ZA MIKOA row 28,,Imported from the provided invitation/stakeholder workbook; confirm mandate and contacts in System Settings before operational use.
agency,Sekretarieti ya Mkoa wa Dar es Salaam,,Government,Regional Administration,Regional secretariat / RC office,"Finance/Risk Financing, Regional/LGA Governance",,Katibu Tawala wa Mkoa (RAS),,,,,,"Katibu Tawala wa Mkoa, Sekretarieti ya Mkoa wa Dar es Salaam, Dar es Salaam, Tanzania.",,ORODHA YA WASHIRIKI.xlsx,TAWALA ZA MIKOA,29,Provided invitation workbook / TAWALA ZA MIKOA row 29,,Imported from the provided invitation/stakeholder workbook; confirm mandate and contacts in System Settings before operational use.
agency,Halmashauri ya Manispaa ya Ilala,,Government,Local Government Authority,Council / LGA,Regional/LGA Governance,,Mkuu wa Wilaya (DC),,,,,,"Mkuu wa Wilaya, Halmashauri ya Manispaa ya Ilala, Dar es Salaam, Tanzania.",,ORODHA YA WASHIRIKI.xlsx,TAWALA ZA MIKOA,30,Provided invitation workbook / TAWALA ZA MIKOA row 30,,Imported from the provided invitation/stakeholder workbook; confirm mandate and contacts in System Settings before operational use.
agency,Halmashauri ya Manispaa ya Kinondoni,,Government,Local Government Authority,Council / LGA,Regional/LGA Governance,,Mkuu wa Wilaya (DC),,,,,,"Mkuu wa Wilaya, Halmashauri ya Manispaa ya Kinondoni, Dar es Salaam, Tanzania.",,ORODHA YA WASHIRIKI.xlsx,TAWALA ZA MIKOA,33,Provided invitation workbook / TAWALA ZA MIKOA row 33,,Imported from the provided invitation/stakeholder workbook; confirm mandate and contacts in System Settings before operational use.
agency,Halmashauri ya Manispaa ya Temeke,,Government,Local Government Authority,Council / LGA,Regional/LGA Governance,,Mkuu wa Wilaya (DC),,,,,,"Mkuu wa Wilaya, Halmashauri ya Manispaa ya Temeke, Dar es Salaam, Tanzania.",,ORODHA YA WASHIRIKI.xlsx,TAWALA ZA MIKOA,36,Provided invitation workbook / TAWALA ZA MIKOA row 36,,Imported from the provided invitation/stakeholder workbook; confirm mandate and contacts in System Settings before operational use.
agency,Halmashauri ya Manispaa ya Kigamboni,,Government,Local Government Authority,Council / LGA,Regional/LGA Governance,,Mkuu wa Wilaya (DC),,,,,,"Mkuu wa Wilaya, Halmashauri ya Manispaa ya Kigamboni, Dar es Salaam, Tanzania.",,ORODHA YA WASHIRIKI.xlsx,TAWALA ZA MIKOA,39,Provided invitation workbook / TAWALA ZA MIKOA row 39,,Imported from the provided invitation/stakeholder workbook; confirm mandate and contacts in System Settings before operational use.
agency,Halmashauri ya Manispaa ya Ubungo,,Government,Local Government Authority,Council / LGA,Regional/LGA Governance,,Mkuu wa Wilaya (DC),,,,,,"Mkuu wa Wilaya, Halmashauri ya Manispaa ya Ubungo, Dar es Salaam, Tanzania.",,ORODHA YA WASHIRIKI.xlsx,TAWALA ZA MIKOA,42,Provided invitation workbook / TAWALA ZA MIKOA row 42,,Imported from the provided invitation/stakeholder workbook; confirm mandate and contacts in System Settings before operational use.
agency,Sekretarieti ya Mkoa wa Dodoma,,Government,Regional Administration,Regional secretariat / RC office,"Finance/Risk Financing, Regional/LGA Governance",,Katibu Tawala wa Mkoa (RAS),,,,,,"Katibu Tawala wa Mkoa, Sekretarieti ya Mkoa wa Dodoma, Dodoma, Tanzania.",,ORODHA YA WASHIRIKI.xlsx,TAWALA ZA MIKOA,47,Provided invitation workbook / TAWALA ZA MIKOA row 47,,Imported from the provided invitation/stakeholder workbook; confirm mandate and contacts in System Settings before operational use.
agency,Halmashauri ya Jiji la Dodoma,,Government,Local Government Authority,Council / LGA,Regional/LGA Governance,,Mkuu wa Wilaya (DC),,,,,,"Mkuu wa Wilaya, Halmashauri ya Jiji la Dodoma, Dodoma, Tanzania.",,ORODHA YA WASHIRIKI.xlsx,TAWALA ZA MIKOA,48,Provided invitation workbook / TAWALA ZA MIKOA row 48,,Imported from the provided invitation/stakeholder workbook; confirm mandate and contacts in System Settings before operational use.
agency,Halmashauri ya Wilaya ya Bahi,,Government,Local Government Authority,Council / LGA,Regional/LGA Governance,,Mkuu wa Wilaya (DC),,,,,,"Mkuu wa Wilaya, Halmashauri ya Wilaya ya Bahi, Dodoma, Tanzania.",,ORODHA YA WASHIRIKI.xlsx,TAWALA ZA MIKOA,51,Provided invitation workbook / TAWALA ZA MIKOA row 51,,Imported from the provided invitation/stakeholder workbook; confirm mandate and contacts in System Settings before operational use.
agency,Halmashauri ya Wilaya ya Chamwino,,Government,Local Government Authority,Council / LGA,Regional/LGA Governance,,Mkuu wa Wilaya (DC),,,,,,"Mkuu wa Wilaya, Halmashauri ya Wilaya ya Chamwino, Dodoma, Tanzania.",,ORODHA YA WASHIRIKI.xlsx,TAWALA ZA MIKOA,54,Provided invitation workbook / TAWALA ZA MIKOA row 54,,Imported from the provided invitation/stakeholder workbook; confirm mandate and contacts in System Settings before operational use.
agency,Halmashauri ya Wilaya ya Chemba,,Government,Local Government Authority,Council / LGA,Regional/LGA Governance,,Mkuu wa Wilaya (DC),,,,,,"Mkuu wa Wilaya, Halmashauri ya Wilaya ya Chemba, Dodoma, Tanzania.",,ORODHA YA WASHIRIKI.xlsx,TAWALA ZA MIKOA,57,Provided invitation workbook / TAWALA ZA MIKOA row 57,,Imported from the provided invitation/stakeholder workbook; confirm mandate and contacts in System Settings before operational use.
agency,Halmashauri ya Wilaya ya Kondoa,,Government,Local Government Authority,Council / LGA,Regional/LGA Governance,,Mkuu wa Wilaya (DC),,,,,,"Mkuu wa Wilaya, Halmashauri ya Wilaya ya Kondoa, Dodoma, Tanzania.",,ORODHA YA WASHIRIKI.xlsx,TAWALA ZA MIKOA,60,Provided invitation workbook / TAWALA ZA MIKOA row 60,,Imported from the provided invitation/stakeholder workbook; confirm mandate and contacts in System Settings before operational use.
agency,Halmashauri ya Mji wa Kondoa,,Government,Local Government Authority,Council / LGA,Regional/LGA Governance,,Mkuu wa Wilaya (DC),,,,,,"Mkuu wa Wilaya, Halmashauri ya Mji wa Kondoa, Dodoma, Tanzania.",,ORODHA YA WASHIRIKI.xlsx,TAWALA ZA MIKOA,63,Provided invitation workbook / TAWALA ZA MIKOA row 63,,Imported from the provided invitation/stakeholder workbook; confirm mandate and contacts in System Settings before operational use.
agency,Halmashauri ya Wilaya ya Kongwa,,Government,Local Government Authority,Council / LGA,Regional/LGA Governance,,Mkuu wa Wilaya (DC),,,,,,"Mkuu wa Wilaya, Halmashauri ya Wilaya ya Kongwa, Dodoma, Tanzania.",,ORODHA YA WASHIRIKI.xlsx,TAWALA ZA MIKOA,66,Provided invitation workbook / TAWALA ZA MIKOA row 66,,Imported from the provided invitation/stakeholder workbook; confirm mandate and contacts in System Settings before operational use.
agency,Halmashauri ya Wilaya ya Mpwapwa,,Government,Local Government Authority,Council / LGA,Regional/LGA Governance,,Mkuu wa Wilaya (DC),,,,,,"Mkuu wa Wilaya, Halmashauri ya Wilaya ya Mpwapwa, Dodoma, Tanzania.",,ORODHA YA WASHIRIKI.xlsx,TAWALA ZA MIKOA,69,Provided invitation workbook / TAWALA ZA MIKOA row 69,,Imported from the provided invitation/stakeholder workbook; confirm mandate and contacts in System Settings before operational use.
agency,Ofisi ya Mkuu wa Mkoa wa Geita,,Government,Regional Administration,Regional secretariat / RC office,"Finance/Risk Financing, Regional/LGA Governance",,Mkuu wa Mkoa (RC),,,,,,"Mkuu wa Mkoa, Ofisi ya Mkuu wa Mkoa wa Geita, Geita, Tanzania.",,ORODHA YA WASHIRIKI.xlsx,TAWALA ZA MIKOA,73,Provided invitation workbook / TAWALA ZA MIKOA row 73,,Imported from the provided invitation/stakeholder workbook; confirm mandate and contacts in System Settings before operational use.
agency,Sekretarieti ya Mkoa wa Geita,,Government,Regional Administration,Regional secretariat / RC office,"Finance/Risk Financing, Regional/LGA Governance",,Katibu Tawala wa Mkoa (RAS),,,,,,"Katibu Tawala wa Mkoa, Sekretarieti ya Mkoa wa Geita, Geita, Tanzania.",,ORODHA YA WASHIRIKI.xlsx,TAWALA ZA MIKOA,74,Provided invitation workbook / TAWALA ZA MIKOA row 74,,Imported from the provided invitation/stakeholder workbook; confirm mandate and contacts in System Settings before operational use.
agency,Halmashauri ya Mji wa Geita,,Government,Local Government Authority,Council / LGA,Regional/LGA Governance,,Mkuu wa Wilaya (DC),,,,,,"Mkuu wa Wilaya, Halmashauri ya Mji wa Geita, Geita, Tanzania.",,ORODHA YA WASHIRIKI.xlsx,TAWALA ZA MIKOA,75,Provided invitation workbook / TAWALA ZA MIKOA row 75,,Imported from the provided invitation/stakeholder workbook; confirm mandate and contacts in System Settings before operational use.
agency,Halmashauri ya Wilaya ya Geita,,Government,Local Government Authority,Council / LGA,Regional/LGA Governance,,Mkuu wa Wilaya (DC),,,,,,"Mkuu wa Wilaya, Halmashauri ya Wilaya ya Geita, Geita, Tanzania.",,ORODHA YA WASHIRIKI.xlsx,TAWALA ZA MIKOA,78,Provided invitation workbook / TAWALA ZA MIKOA row 78,,Imported from the provided invitation/stakeholder workbook; confirm mandate and contacts in System Settings before operational use.
agency,Halmashauri ya Wilaya ya Bukombe,,Government,Local Government Authority,Council / LGA,Regional/LGA Governance,,Mkuu wa Wilaya (DC),,,,,,"Mkuu wa Wilaya, Halmashauri ya Wilaya ya Bukombe, Geita, Tanzania.",,ORODHA YA WASHIRIKI.xlsx,TAWALA ZA MIKOA,81,Provided invitation workbook / TAWALA ZA MIKOA row 81,,Imported from the provided invitation/stakeholder workbook; confirm mandate and contacts in System Settings before operational use.
agency,Halmashauri ya Wilaya ya Chato,,Government,Local Government Authority,Council / LGA,Regional/LGA Governance,,Mkuu wa Wilaya (DC),,,,,,"Mkuu wa Wilaya, Halmashauri ya Wilaya ya Chato, Geita, Tanzania.",,ORODHA YA WASHIRIKI.xlsx,TAWALA ZA MIKOA,84,Provided invitation workbook / TAWALA ZA MIKOA row 84,,Imported from the provided invitation/stakeholder workbook; confirm mandate and contacts in System Settings before operational use.
agency,Halmashauri ya Wilaya ya Mbogwe,,Government,Local Government Authority,Council / LGA,Regional/LGA Governance,,Mkuu wa Wilaya (DC),,,,,,"Mkuu wa Wilaya, Halmashauri ya Wilaya ya Mbogwe, Geita, Tanzania.",,ORODHA YA WASHIRIKI.xlsx,TAWALA ZA MIKOA,87,Provided invitation workbook / TAWALA ZA MIKOA row 87,,Imported from the provided invitation/stakeholder workbook; confirm mandate and contacts in System Settings before operational use.
agency,Halmashauri ya Wilaya ya Nyang'hwale,,Government,Local Government Authority,Council / LGA,Regional/LGA Governance,,Mkuu wa Wilaya (DC),,,,,,"Mkuu wa Wilaya, Halmashauri ya Wilaya ya Nyang'hwale, Geita, Tanzania.",,ORODHA YA WASHIRIKI.xlsx,TAWALA ZA MIKOA,90,Provided invitation workbook / TAWALA ZA MIKOA row 90,,Imported from the provided invitation/stakeholder workbook; confirm mandate and contacts in System Settings before operational use.
agency,Ofisi ya Mkuu wa Mkoa wa Iringa,,Government,Regional Administration,Regional secretariat / RC office,"Finance/Risk Financing, Regional/LGA Governance",,Mkuu wa Mkoa (RC),,,,,,"Mkuu wa Mkoa, Ofisi ya Mkuu wa Mkoa wa Iringa, Iringa, Tanzania.",,ORODHA YA WASHIRIKI.xlsx,TAWALA ZA MIKOA,94,Provided invitation workbook / TAWALA ZA MIKOA row 94,,Imported from the provided invitation/stakeholder workbook; confirm mandate and contacts in System Settings before operational use.
agency,Sekretarieti ya Mkoa wa Iringa,,Government,Regional Administration,Regional secretariat / RC office,"Finance/Risk Financing, Regional/LGA Governance",,Katibu Tawala wa Mkoa (RAS),,,,,,"Katibu Tawala wa Mkoa, Sekretarieti ya Mkoa wa Iringa, Iringa, Tanzania.",,ORODHA YA WASHIRIKI.xlsx,TAWALA ZA MIKOA,95,Provided invitation workbook / TAWALA ZA MIKOA row 95,,Imported from the provided invitation/stakeholder workbook; confirm mandate and contacts in System Settings before operational use.
agency,Halmashauri ya Manispaa ya Iringa,,Government,Local Government Authority,Council / LGA,Regional/LGA Governance,,Mkuu wa Wilaya (DC),,,,,,"Mkuu wa Wilaya, Halmashauri ya Manispaa ya Iringa, Iringa, Tanzania.",,ORODHA YA WASHIRIKI.xlsx,TAWALA ZA MIKOA,96,Provided invitation workbook / TAWALA ZA MIKOA row 96,,Imported from the provided invitation/stakeholder workbook; confirm mandate and contacts in System Settings before operational use.
agency,Halmashauri ya Wilaya ya Iringa,,Government,Local Government Authority,Council / LGA,Regional/LGA Governance,,Mkuu wa Wilaya (DC),,,,,,"Mkuu wa Wilaya, Halmashauri ya Wilaya ya Iringa, Iringa, Tanzania.",,ORODHA YA WASHIRIKI.xlsx,TAWALA ZA MIKOA,99,Provided invitation workbook / TAWALA ZA MIKOA row 99,,Imported from the provided invitation/stakeholder workbook; confirm mandate and contacts in System Settings before operational use.
agency,Halmashauri ya Wilaya ya Kilolo,,Government,Local Government Authority,Council / LGA,Regional/LGA Governance,,Mkuu wa Wilaya (DC),,,,,,"Mkuu wa Wilaya, Halmashauri ya Wilaya ya Kilolo, Iringa, Tanzania.",,ORODHA YA WASHIRIKI.xlsx,TAWALA ZA MIKOA,102,Provided invitation workbook / TAWALA ZA MIKOA row 102,,Imported from the provided invitation/stakeholder workbook; confirm mandate and contacts in System Settings before operational use.
agency,Halmashauri ya Wilaya ya Mafinga,,Government,Local Government Authority,Council / LGA,Regional/LGA Governance,,Mkuu wa Wilaya (DC),,,,,,"Mkuu wa Wilaya, Halmashauri ya Wilaya ya Mafinga, Iringa, Tanzania.",,ORODHA YA WASHIRIKI.xlsx,TAWALA ZA MIKOA,105,Provided invitation workbook / TAWALA ZA MIKOA row 105,,Imported from the provided invitation/stakeholder workbook; confirm mandate and contacts in System Settings before operational use.
agency,Halmashauri ya Wilaya ya Mufindi,,Government,Local Government Authority,Council / LGA,Regional/LGA Governance,,Mkuu wa Wilaya (DC),,,,,,"Mkuu wa Wilaya, Halmashauri ya Wilaya ya Mufindi, Iringa, Tanzania.",,ORODHA YA WASHIRIKI.xlsx,TAWALA ZA MIKOA,108,Provided invitation workbook / TAWALA ZA MIKOA row 108,,Imported from the provided invitation/stakeholder workbook; confirm mandate and contacts in System Settings before operational use.
agency,Ofisi ya Mkuu wa Mkoa wa Kagera,,Government,Regional Administration,Regional secretariat / RC office,"Finance/Risk Financing, Regional/LGA Governance",,Mkuu wa Mkoa (RC),,,,,,"Mkuu wa Mkoa, Ofisi ya Mkuu wa Mkoa wa Kagera, Kagera, Tanzania.",,ORODHA YA WASHIRIKI.xlsx,TAWALA ZA MIKOA,112,Provided invitation workbook / TAWALA ZA MIKOA row 112,,Imported from the provided invitation/stakeholder workbook; confirm mandate and contacts in System Settings before operational use.
agency,Sekretarieti ya Mkoa wa Kagera,,Government,Regional Administration,Regional secretariat / RC office,"Finance/Risk Financing, Regional/LGA Governance",,Katibu Tawala wa Mkoa (RAS),,,,,,"Katibu Tawala wa Mkoa, Sekretarieti ya Mkoa wa Kagera, Kagera, Tanzania.",,ORODHA YA WASHIRIKI.xlsx,TAWALA ZA MIKOA,113,Provided invitation workbook / TAWALA ZA MIKOA row 113,,Imported from the provided invitation/stakeholder workbook; confirm mandate and contacts in System Settings before operational use.
agency,Halmashauri ya Manispaa ya Bukoba,,Government,Local Government Authority,Council / LGA,Regional/LGA Governance,,Mkuu wa Wilaya (DC),,,,,,"Mkuu wa Wilaya, Halmashauri ya Manispaa ya Bukoba, Kagera, Tanzania.",,ORODHA YA WASHIRIKI.xlsx,TAWALA ZA MIKOA,114,Provided invitation workbook / TAWALA ZA MIKOA row 114,,Imported from the provided invitation/stakeholder workbook; confirm mandate and contacts in System Settings before operational use.
agency,Halmashauri ya Wilaya ya Bukoba,,Government,Local Government Authority,Council / LGA,Regional/LGA Governance,,Mkuu wa Wilaya (DC),,,,,,"Mkuu wa Wilaya, Halmashauri ya Wilaya ya Bukoba, Kagera, Tanzania.",,ORODHA YA WASHIRIKI.xlsx,TAWALA ZA MIKOA,117,Provided invitation workbook / TAWALA ZA MIKOA row 117,,Imported from the provided invitation/stakeholder workbook; confirm mandate and contacts in System Settings before operational use.
agency,Halmashauri ya Wilaya ya Biharamulo,,Government,Local Government Authority,Council / LGA,Regional/LGA Governance,,Mkuu wa Wilaya (DC),,,,,,"Mkuu wa Wilaya, Halmashauri ya Wilaya ya Biharamulo, Kagera, Tanzania.",,ORODHA YA WASHIRIKI.xlsx,TAWALA ZA MIKOA,120,Provided invitation workbook / TAWALA ZA MIKOA row 120,,Imported from the provided invitation/stakeholder workbook; confirm mandate and contacts in System Settings before operational use.
agency,Halmashauri ya Wilaya ya Karagwe,,Government,Local Government Authority,Council / LGA,Regional/LGA Governance,,Mkuu wa Wilaya (DC),,,,,,"Mkuu wa Wilaya, Halmashauri ya Wilaya ya Karagwe, Kagera, Tanzania.",,ORODHA YA WASHIRIKI.xlsx,TAWALA ZA MIKOA,123,Provided invitation workbook / TAWALA ZA MIKOA row 123,,Imported from the provided invitation/stakeholder workbook; confirm mandate and contacts in System Settings before operational use.
agency,Halmashauri ya Wilaya ya Kyerwa,,Government,Local Government Authority,Council / LGA,Regional/LGA Governance,,Mkuu wa Wilaya (DC),,,,,,"Mkuu wa Wilaya, Halmashauri ya Wilaya ya Kyerwa, Kagera, Tanzania.",,ORODHA YA WASHIRIKI.xlsx,TAWALA ZA MIKOA,126,Provided invitation workbook / TAWALA ZA MIKOA row 126,,Imported from the provided invitation/stakeholder workbook; confirm mandate and contacts in System Settings before operational use.
agency,Halmashauri ya Wilaya ya Missenyi,,Government,Local Government Authority,Council / LGA,Regional/LGA Governance,,Mkuu wa Wilaya (DC),,,,,,"Mkuu wa Wilaya, Halmashauri ya Wilaya ya Missenyi, Kagera, Tanzania.",,ORODHA YA WASHIRIKI.xlsx,TAWALA ZA MIKOA,129,Provided invitation workbook / TAWALA ZA MIKOA row 129,,Imported from the provided invitation/stakeholder workbook; confirm mandate and contacts in System Settings before operational use.
agency,Halmashauri ya Wilaya ya Muleba,,Government,Local Government Authority,Council / LGA,Regional/LGA Governance,,Mkuu wa Wilaya (DC),,,,,,"Mkuu wa Wilaya, Halmashauri ya Wilaya ya Muleba, Kagera, Tanzania.",,ORODHA YA WASHIRIKI.xlsx,TAWALA ZA MIKOA,132,Provided invitation workbook / TAWALA ZA MIKOA row 132,,Imported from the provided invitation/stakeholder workbook; confirm mandate and contacts in System Settings before operational use.
agency,Halmashauri ya Wilaya ya Ngara,,Government,Local Government Authority,Council / LGA,Regional/LGA Governance,,Mkuu wa Wilaya (DC),,,,,,"Mkuu wa Wilaya, Halmashauri ya Wilaya ya Ngara, Kagera, Tanzania.",,ORODHA YA WASHIRIKI.xlsx,TAWALA ZA MIKOA,135,Provided invitation workbook / TAWALA ZA MIKOA row 135,,Imported from the provided invitation/stakeholder workbook; confirm mandate and contacts in System Settings before operational use.
agency,Ofisi ya Mkuu wa Mkoa wa Katavi,,Government,Regional Administration,Regional secretariat / RC office,"Finance/Risk Financing, Regional/LGA Governance",,Mkuu wa Mkoa (RC),,,,,,"Mkuu wa Mkoa, Ofisi ya Mkuu wa Mkoa wa Katavi, Katavi, Tanzania.",,ORODHA YA WASHIRIKI.xlsx,TAWALA ZA MIKOA,139,Provided invitation workbook / TAWALA ZA MIKOA row 139,,Imported from the provided invitation/stakeholder workbook; confirm mandate and contacts in System Settings before operational use.
agency,Sekretarieti ya Mkoa wa Katavi,,Government,Regional Administration,Regional secretariat / RC office,"Finance/Risk Financing, Regional/LGA Governance",,Katibu Tawala wa Mkoa (RAS),,,,,,"Katibu Tawala wa Mkoa, Sekretarieti ya Mkoa wa Katavi, Katavi, Tanzania.",,ORODHA YA WASHIRIKI.xlsx,TAWALA ZA MIKOA,140,Provided invitation workbook / TAWALA ZA MIKOA row 140,,Imported from the provided invitation/stakeholder workbook; confirm mandate and contacts in System Settings before operational use.
agency,Halmashauri ya Mji wa Mpanda,,Government,Local Government Authority,Council / LGA,Regional/LGA Governance,,Mkuu wa Wilaya (DC),,,,,,"Mkuu wa Wilaya, Halmashauri ya Mji wa Mpanda, Katavi, Tanzania.",,ORODHA YA WASHIRIKI.xlsx,TAWALA ZA MIKOA,141,Provided invitation workbook / TAWALA ZA MIKOA row 141,,Imported from the provided invitation/stakeholder workbook; confirm mandate and contacts in System Settings before operational use.
agency,Halmashauri ya Wilaya ya Mpanda,,Government,Local Government Authority,Council / LGA,Regional/LGA Governance,,Mkuu wa Wilaya (DC),,,,,,"Mkuu wa Wilaya, Halmashauri ya Wilaya ya Mpanda, Katavi, Tanzania.",,ORODHA YA WASHIRIKI.xlsx,TAWALA ZA MIKOA,144,Provided invitation workbook / TAWALA ZA MIKOA row 144,,Imported from the provided invitation/stakeholder workbook; confirm mandate and contacts in System Settings before operational use.
agency,Halmashauri ya Wilaya ya Mlele,,Government,Local Government Authority,Council / LGA,Regional/LGA Governance,,Mkuu wa Wilaya (DC),,,,,,"Mkuu wa Wilaya, Halmashauri ya Wilaya ya Mlele, Katavi, Tanzania.",,ORODHA YA WASHIRIKI.xlsx,TAWALA ZA MIKOA,147,Provided invitation workbook / TAWALA ZA MIKOA row 147,,Imported from the provided invitation/stakeholder workbook; confirm mandate and contacts in System Settings before operational use.
agency,Halmashauri ya Wilaya ya Nsimbo,,Government,Local Government Authority,Council / LGA,Regional/LGA Governance,,Mkuu wa Wilaya (DC),,,,,,"Mkuu wa Wilaya, Halmashauri ya Wilaya ya Nsimbo, Katavi, Tanzania.",,ORODHA YA WASHIRIKI.xlsx,TAWALA ZA MIKOA,150,Provided invitation workbook / TAWALA ZA MIKOA row 150,,Imported from the provided invitation/stakeholder workbook; confirm mandate and contacts in System Settings before operational use.
agency,Halmashauri ya Wilaya ya Tanganyika,,Government,Local Government Authority,Council / LGA,Regional/LGA Governance,,Mkuu wa Wilaya (DC),,,,,,"Mkuu wa Wilaya, Halmashauri ya Wilaya ya Tanganyika, Katavi, Tanzania.",,ORODHA YA WASHIRIKI.xlsx,TAWALA ZA MIKOA,153,Provided invitation workbook / TAWALA ZA MIKOA row 153,,Imported from the provided invitation/stakeholder workbook; confirm mandate and contacts in System Settings before operational use.
agency,Ofisi ya Mkuu wa Mkoa wa Kigoma,,Government,Regional Administration,Regional secretariat / RC office,"Finance/Risk Financing, Regional/LGA Governance",,Mkuu wa Mkoa (RC),,,,,,"Mkuu wa Mkoa, Ofisi ya Mkuu wa Mkoa wa Kigoma, Kigoma, Tanzania.",,ORODHA YA WASHIRIKI.xlsx,TAWALA ZA MIKOA,157,Provided invitation workbook / TAWALA ZA MIKOA row 157,,Imported from the provided invitation/stakeholder workbook; confirm mandate and contacts in System Settings before operational use.
agency,Sekretarieti ya Mkoa wa Kigoma,,Government,Regional Administration,Regional secretariat / RC office,"Finance/Risk Financing, Regional/LGA Governance",,Katibu Tawala wa Mkoa (RAS),,,,,,"Katibu Tawala wa Mkoa, Sekretarieti ya Mkoa wa Kigoma, Kigoma, Tanzania.",,ORODHA YA WASHIRIKI.xlsx,TAWALA ZA MIKOA,158,Provided invitation workbook / TAWALA ZA MIKOA row 158,,Imported from the provided invitation/stakeholder workbook; confirm mandate and contacts in System Settings before operational use.
agency,Halmashauri ya Manispaa ya Kigoma-Ujiji,,Government,Local Government Authority,Council / LGA,Regional/LGA Governance,,Mkuu wa Wilaya (DC),,,,,,"Mkuu wa Wilaya, Halmashauri ya Manispaa ya Kigoma-Ujiji, Kigoma, Tanzania.",,ORODHA YA WASHIRIKI.xlsx,TAWALA ZA MIKOA,159,Provided invitation workbook / TAWALA ZA MIKOA row 159,,Imported from the provided invitation/stakeholder workbook; confirm mandate and contacts in System Settings before operational use.
agency,Halmashauri ya Wilaya ya Kigoma,,Government,Local Government Authority,Council / LGA,Regional/LGA Governance,,Mkuu wa Wilaya (DC),,,,,,"Mkuu wa Wilaya, Halmashauri ya Wilaya ya Kigoma, Kigoma, Tanzania.",,ORODHA YA WASHIRIKI.xlsx,TAWALA ZA MIKOA,162,Provided invitation workbook / TAWALA ZA MIKOA row 162,,Imported from the provided invitation/stakeholder workbook; confirm mandate and contacts in System Settings before operational use.
agency,Halmashauri ya Wilaya ya Buhigwe,,Government,Local Government Authority,Council / LGA,Regional/LGA Governance,,Mkuu wa Wilaya (DC),,,,,,"Mkuu wa Wilaya, Halmashauri ya Wilaya ya Buhigwe, Kigoma, Tanzania.",,ORODHA YA WASHIRIKI.xlsx,TAWALA ZA MIKOA,165,Provided invitation workbook / TAWALA ZA MIKOA row 165,,Imported from the provided invitation/stakeholder workbook; confirm mandate and contacts in System Settings before operational use.
agency,Halmashauri ya Wilaya ya Kakonko,,Government,Local Government Authority,Council / LGA,Regional/LGA Governance,,Mkuu wa Wilaya (DC),,,,,,"Mkuu wa Wilaya, Halmashauri ya Wilaya ya Kakonko, Kigoma, Tanzania.",,ORODHA YA WASHIRIKI.xlsx,TAWALA ZA MIKOA,168,Provided invitation workbook / TAWALA ZA MIKOA row 168,,Imported from the provided invitation/stakeholder workbook; confirm mandate and contacts in System Settings before operational use.
agency,Halmashauri ya Wilaya ya Kasulu,,Government,Local Government Authority,Council / LGA,Regional/LGA Governance,,Mkuu wa Wilaya (DC),,,,,,"Mkuu wa Wilaya, Halmashauri ya Wilaya ya Kasulu, Kigoma, Tanzania.",,ORODHA YA WASHIRIKI.xlsx,TAWALA ZA MIKOA,171,Provided invitation workbook / TAWALA ZA MIKOA row 171,,Imported from the provided invitation/stakeholder workbook; confirm mandate and contacts in System Settings before operational use.
agency,Halmashauri ya Mji wa Kasulu,,Government,Local Government Authority,Council / LGA,Regional/LGA Governance,,Mkuu wa Wilaya (DC),,,,,,"Mkuu wa Wilaya, Halmashauri ya Mji wa Kasulu, Kigoma, Tanzania.",,ORODHA YA WASHIRIKI.xlsx,TAWALA ZA MIKOA,174,Provided invitation workbook / TAWALA ZA MIKOA row 174,,Imported from the provided invitation/stakeholder workbook; confirm mandate and contacts in System Settings before operational use.
agency,Halmashauri ya Wilaya ya Kibondo,,Government,Local Government Authority,Council / LGA,Regional/LGA Governance,,Mkuu wa Wilaya (DC),,,,,,"Mkuu wa Wilaya, Halmashauri ya Wilaya ya Kibondo, Kigoma, Tanzania.",,ORODHA YA WASHIRIKI.xlsx,TAWALA ZA MIKOA,177,Provided invitation workbook / TAWALA ZA MIKOA row 177,,Imported from the provided invitation/stakeholder workbook; confirm mandate and contacts in System Settings before operational use.
agency,Halmashauri ya Wilaya ya Uvinza,,Government,Local Government Authority,Council / LGA,Regional/LGA Governance,,Mkuu wa Wilaya (DC),,,,,,"Mkuu wa Wilaya, Halmashauri ya Wilaya ya Uvinza, Kigoma, Tanzania.",,ORODHA YA WASHIRIKI.xlsx,TAWALA ZA MIKOA,180,Provided invitation workbook / TAWALA ZA MIKOA row 180,,Imported from the provided invitation/stakeholder workbook; confirm mandate and contacts in System Settings before operational use.
agency,Ofisi ya Mkuu wa Mkoa wa Kilimanjaro,,Government,Regional Administration,Regional secretariat / RC office,"Finance/Risk Financing, Regional/LGA Governance",,Mkuu wa Mkoa (RC),,,,,,"Mkuu wa Mkoa, Ofisi ya Mkuu wa Mkoa wa Kilimanjaro, Kilimanjaro, Tanzania.",,ORODHA YA WASHIRIKI.xlsx,TAWALA ZA MIKOA,184,Provided invitation workbook / TAWALA ZA MIKOA row 184,,Imported from the provided invitation/stakeholder workbook; confirm mandate and contacts in System Settings before operational use.
agency,Sekretarieti ya Mkoa wa Kilimanjaro,,Government,Regional Administration,Regional secretariat / RC office,"Finance/Risk Financing, Regional/LGA Governance",,Katibu Tawala wa Mkoa (RAS),,,,,,"Katibu Tawala wa Mkoa, Sekretarieti ya Mkoa wa Kilimanjaro, Kilimanjaro, Tanzania.",,ORODHA YA WASHIRIKI.xlsx,TAWALA ZA MIKOA,185,Provided invitation workbook / TAWALA ZA MIKOA row 185,,Imported from the provided invitation/stakeholder workbook; confirm mandate and contacts in System Settings before operational use.
agency,Halmashauri ya Manispaa ya Moshi,,Government,Local Government Authority,Council / LGA,Regional/LGA Governance,,Mkuu wa Wilaya (DC),,,,,,"Mkuu wa Wilaya, Halmashauri ya Manispaa ya Moshi, Kilimanjaro, Tanzania.",,ORODHA YA WASHIRIKI.xlsx,TAWALA ZA MIKOA,186,Provided invitation workbook / TAWALA ZA MIKOA row 186,,Imported from the provided invitation/stakeholder workbook; confirm mandate and contacts in System Settings before operational use.
agency,Halmashauri ya Wilaya ya Moshi,,Government,Local Government Authority,Council / LGA,Regional/LGA Governance,,Mkuu wa Wilaya (DC),,,,,,"Mkuu wa Wilaya, Halmashauri ya Wilaya ya Moshi, Kilimanjaro, Tanzania.",,ORODHA YA WASHIRIKI.xlsx,TAWALA ZA MIKOA,189,Provided invitation workbook / TAWALA ZA MIKOA row 189,,Imported from the provided invitation/stakeholder workbook; confirm mandate and contacts in System Settings before operational use.
agency,Halmashauri ya Wilaya ya Hai,,Government,Local Government Authority,Council / LGA,Regional/LGA Governance,,Mkuu wa Wilaya (DC),,,,,,"Mkuu wa Wilaya, Halmashauri ya Wilaya ya Hai, Kilimanjaro, Tanzania.",,ORODHA YA WASHIRIKI.xlsx,TAWALA ZA MIKOA,192,Provided invitation workbook / TAWALA ZA MIKOA row 192,,Imported from the provided invitation/stakeholder workbook; confirm mandate and contacts in System Settings before operational use.
agency,Halmashauri ya Wilaya ya Mwanga,,Government,Local Government Authority,Council / LGA,Regional/LGA Governance,,Mkuu wa Wilaya (DC),,,,,,"Mkuu wa Wilaya, Halmashauri ya Wilaya ya Mwanga, Kilimanjaro, Tanzania.",,ORODHA YA WASHIRIKI.xlsx,TAWALA ZA MIKOA,195,Provided invitation workbook / TAWALA ZA MIKOA row 195,,Imported from the provided invitation/stakeholder workbook; confirm mandate and contacts in System Settings before operational use.
agency,Halmashauri ya Wilaya ya Rombo,,Government,Local Government Authority,Council / LGA,Regional/LGA Governance,,Mkuu wa Wilaya (DC),,,,,,"Mkuu wa Wilaya, Halmashauri ya Wilaya ya Rombo, Kilimanjaro, Tanzania.",,ORODHA YA WASHIRIKI.xlsx,TAWALA ZA MIKOA,198,Provided invitation workbook / TAWALA ZA MIKOA row 198,,Imported from the provided invitation/stakeholder workbook; confirm mandate and contacts in System Settings before operational use.
agency,Halmashauri ya Wilaya ya Same,,Government,Local Government Authority,Council / LGA,Regional/LGA Governance,,Mkuu wa Wilaya (DC),,,,,,"Mkuu wa Wilaya, Halmashauri ya Wilaya ya Same, Kilimanjaro, Tanzania.",,ORODHA YA WASHIRIKI.xlsx,TAWALA ZA MIKOA,201,Provided invitation workbook / TAWALA ZA MIKOA row 201,,Imported from the provided invitation/stakeholder workbook; confirm mandate and contacts in System Settings before operational use.
agency,Halmashauri ya Mji wa Same,,Government,Local Government Authority,Council / LGA,Regional/LGA Governance,,Mkuu wa Wilaya (DC),,,,,,"Mkuu wa Wilaya, Halmashauri ya Mji wa Same, Kilimanjaro, Tanzania.",,ORODHA YA WASHIRIKI.xlsx,TAWALA ZA MIKOA,204,Provided invitation workbook / TAWALA ZA MIKOA row 204,,Imported from the provided invitation/stakeholder workbook; confirm mandate and contacts in System Settings before operational use.
agency,Halmashauri ya Wilaya ya Siha,,Government,Local Government Authority,Council / LGA,Regional/LGA Governance,,Mkuu wa Wilaya (DC),,,,,,"Mkuu wa Wilaya, Halmashauri ya Wilaya ya Siha, Kilimanjaro, Tanzania.",,ORODHA YA WASHIRIKI.xlsx,TAWALA ZA MIKOA,207,Provided invitation workbook / TAWALA ZA MIKOA row 207,,Imported from the provided invitation/stakeholder workbook; confirm mandate and contacts in System Settings before operational use.
agency,Ofisi ya Mkuu wa Mkoa wa Lindi,,Government,Regional Administration,Regional secretariat / RC office,"Finance/Risk Financing, Regional/LGA Governance",,Mkuu wa Mkoa (RC),,,,,,"Mkuu wa Mkoa, Ofisi ya Mkuu wa Mkoa wa Lindi, Lindi, Tanzania.",,ORODHA YA WASHIRIKI.xlsx,TAWALA ZA MIKOA,211,Provided invitation workbook / TAWALA ZA MIKOA row 211,,Imported from the provided invitation/stakeholder workbook; confirm mandate and contacts in System Settings before operational use.
agency,Sekretarieti ya Mkoa wa Lindi,,Government,Regional Administration,Regional secretariat / RC office,"Finance/Risk Financing, Regional/LGA Governance",,Katibu Tawala wa Mkoa (RAS),,,,,,"Katibu Tawala wa Mkoa, Sekretarieti ya Mkoa wa Lindi, Lindi, Tanzania.",,ORODHA YA WASHIRIKI.xlsx,TAWALA ZA MIKOA,212,Provided invitation workbook / TAWALA ZA MIKOA row 212,,Imported from the provided invitation/stakeholder workbook; confirm mandate and contacts in System Settings before operational use.
agency,Halmashauri ya Manispaa ya Lindi,,Government,Local Government Authority,Council / LGA,Regional/LGA Governance,,Mkuu wa Wilaya (DC),,,,,,"Mkuu wa Wilaya, Halmashauri ya Manispaa ya Lindi, Lindi, Tanzania.",,ORODHA YA WASHIRIKI.xlsx,TAWALA ZA MIKOA,213,Provided invitation workbook / TAWALA ZA MIKOA row 213,,Imported from the provided invitation/stakeholder workbook; confirm mandate and contacts in System Settings before operational use.
agency,Halmashauri ya Wilaya ya Lindi,,Government,Local Government Authority,Council / LGA,Regional/LGA Governance,,Mkuu wa Wilaya (DC),,,,,,"Mkuu wa Wilaya, Halmashauri ya Wilaya ya Lindi, Lindi, Tanzania.",,ORODHA YA WASHIRIKI.xlsx,TAWALA ZA MIKOA,216,Provided invitation workbook / TAWALA ZA MIKOA row 216,,Imported from the provided invitation/stakeholder workbook; confirm mandate and contacts in System Settings before operational use.
agency,Halmashauri ya Wilaya ya Kilwa,,Government,Local Government Authority,Council / LGA,Regional/LGA Governance,,Mkuu wa Wilaya (DC),,,,,,"Mkuu wa Wilaya, Halmashauri ya Wilaya ya Kilwa, Lindi, Tanzania.",,ORODHA YA WASHIRIKI.xlsx,TAWALA ZA MIKOA,219,Provided invitation workbook / TAWALA ZA MIKOA row 219,,Imported from the provided invitation/stakeholder workbook; confirm mandate and contacts in System Settings before operational use.
agency,Halmashauri ya Wilaya ya Liwale,,Government,Local Government Authority,Council / LGA,Regional/LGA Governance,,Mkuu wa Wilaya (DC),,,,,,"Mkuu wa Wilaya, Halmashauri ya Wilaya ya Liwale, Lindi, Tanzania.",,ORODHA YA WASHIRIKI.xlsx,TAWALA ZA MIKOA,222,Provided invitation workbook / TAWALA ZA MIKOA row 222,,Imported from the provided invitation/stakeholder workbook; confirm mandate and contacts in System Settings before operational use.
agency,Halmashauri ya Wilaya ya Nachingwea,,Government,Local Government Authority,Council / LGA,Regional/LGA Governance,,Mkuu wa Wilaya (DC),,,,,,"Mkuu wa Wilaya, Halmashauri ya Wilaya ya Nachingwea, Lindi, Tanzania.",,ORODHA YA WASHIRIKI.xlsx,TAWALA ZA MIKOA,225,Provided invitation workbook / TAWALA ZA MIKOA row 225,,Imported from the provided invitation/stakeholder workbook; confirm mandate and contacts in System Settings before operational use.
agency,Halmashauri ya Wilaya ya Ruangwa,,Government,Local Government Authority,Council / LGA,Regional/LGA Governance,,Mkuu wa Wilaya (DC),,,,,,"Mkuu wa Wilaya, Halmashauri ya Wilaya ya Ruangwa, Lindi, Tanzania.",,ORODHA YA WASHIRIKI.xlsx,TAWALA ZA MIKOA,228,Provided invitation workbook / TAWALA ZA MIKOA row 228,,Imported from the provided invitation/stakeholder workbook; confirm mandate and contacts in System Settings before operational use.
agency,Ofisi ya Mkuu wa Mkoa wa Manyara,,Government,Regional Administration,Regional secretariat / RC office,"Finance/Risk Financing, Regional/LGA Governance",,Mkuu wa Mkoa (RC),,,,,,"Mkuu wa Mkoa, Ofisi ya Mkuu wa Mkoa wa Manyara, Manyara, Tanzania.",,ORODHA YA WASHIRIKI.xlsx,TAWALA ZA MIKOA,232,Provided invitation workbook / TAWALA ZA MIKOA row 232,,Imported from the provided invitation/stakeholder workbook; confirm mandate and contacts in System Settings before operational use.
agency,Sekretarieti ya Mkoa wa Manyara,,Government,Regional Administration,Regional secretariat / RC office,"Finance/Risk Financing, Regional/LGA Governance",,Katibu Tawala wa Mkoa (RAS),,,,,,"Katibu Tawala wa Mkoa, Sekretarieti ya Mkoa wa Manyara, Manyara, Tanzania.",,ORODHA YA WASHIRIKI.xlsx,TAWALA ZA MIKOA,233,Provided invitation workbook / TAWALA ZA MIKOA row 233,,Imported from the provided invitation/stakeholder workbook; confirm mandate and contacts in System Settings before operational use.
agency,Halmashauri ya Mji wa Babati,,Government,Local Government Authority,Council / LGA,Regional/LGA Governance,,Mkuu wa Wilaya (DC),,,,,,"Mkuu wa Wilaya, Halmashauri ya Mji wa Babati, Manyara, Tanzania.",,ORODHA YA WASHIRIKI.xlsx,TAWALA ZA MIKOA,234,Provided invitation workbook / TAWALA ZA MIKOA row 234,,Imported from the provided invitation/stakeholder workbook; confirm mandate and contacts in System Settings before operational use.
agency,Halmashauri ya Wilaya ya Babati,,Government,Local Government Authority,Council / LGA,Regional/LGA Governance,,Mkuu wa Wilaya (DC),,,,,,"Mkuu wa Wilaya, Halmashauri ya Wilaya ya Babati, Manyara, Tanzania.",,ORODHA YA WASHIRIKI.xlsx,TAWALA ZA MIKOA,237,Provided invitation workbook / TAWALA ZA MIKOA row 237,,Imported from the provided invitation/stakeholder workbook; confirm mandate and contacts in System Settings before operational use.
agency,Halmashauri ya Wilaya ya Hanang,,Government,Local Government Authority,Council / LGA,Regional/LGA Governance,,Mkuu wa Wilaya (DC),,,,,,"Mkuu wa Wilaya, Halmashauri ya Wilaya ya Hanang, Manyara, Tanzania.",,ORODHA YA WASHIRIKI.xlsx,TAWALA ZA MIKOA,240,Provided invitation workbook / TAWALA ZA MIKOA row 240,,Imported from the provided invitation/stakeholder workbook; confirm mandate and contacts in System Settings before operational use.
agency,Halmashauri ya Wilaya ya Kiteto,,Government,Local Government Authority,Council / LGA,Regional/LGA Governance,,Mkuu wa Wilaya (DC),,,,,,"Mkuu wa Wilaya, Halmashauri ya Wilaya ya Kiteto, Manyara, Tanzania.",,ORODHA YA WASHIRIKI.xlsx,TAWALA ZA MIKOA,243,Provided invitation workbook / TAWALA ZA MIKOA row 243,,Imported from the provided invitation/stakeholder workbook; confirm mandate and contacts in System Settings before operational use.
agency,Halmashauri ya Wilaya ya Mbulu,,Government,Local Government Authority,Council / LGA,Regional/LGA Governance,,Mkuu wa Wilaya (DC),,,,,,"Mkuu wa Wilaya, Halmashauri ya Wilaya ya Mbulu, Manyara, Tanzania.",,ORODHA YA WASHIRIKI.xlsx,TAWALA ZA MIKOA,246,Provided invitation workbook / TAWALA ZA MIKOA row 246,,Imported from the provided invitation/stakeholder workbook; confirm mandate and contacts in System Settings before operational use.
agency,Halmashauri ya Mji wa Mbulu,,Government,Local Government Authority,Council / LGA,Regional/LGA Governance,,Mkuu wa Wilaya (DC),,,,,,"Mkuu wa Wilaya, Halmashauri ya Mji wa Mbulu, Manyara, Tanzania.",,ORODHA YA WASHIRIKI.xlsx,TAWALA ZA MIKOA,249,Provided invitation workbook / TAWALA ZA MIKOA row 249,,Imported from the provided invitation/stakeholder workbook; confirm mandate and contacts in System Settings before operational use.
agency,Halmashauri ya Wilaya ya Simanjiro,,Government,Local Government Authority,Council / LGA,Regional/LGA Governance,,Mkuu wa Wilaya (DC),,,,,,"Mkuu wa Wilaya, Halmashauri ya Wilaya ya Simanjiro, Manyara, Tanzania.",,ORODHA YA WASHIRIKI.xlsx,TAWALA ZA MIKOA,252,Provided invitation workbook / TAWALA ZA MIKOA row 252,,Imported from the provided invitation/stakeholder workbook; confirm mandate and contacts in System Settings before operational use.
agency,Ofisi ya Mkuu wa Mkoa wa Mara,,Government,Regional Administration,Regional secretariat / RC office,"Finance/Risk Financing, Regional/LGA Governance",,Mkuu wa Mkoa (RC),,,,,,"Mkuu wa Mkoa, Ofisi ya Mkuu wa Mkoa wa Mara, Mara, Tanzania.",,ORODHA YA WASHIRIKI.xlsx,TAWALA ZA MIKOA,256,Provided invitation workbook / TAWALA ZA MIKOA row 256,,Imported from the provided invitation/stakeholder workbook; confirm mandate and contacts in System Settings before operational use.
agency,Sekretarieti ya Mkoa wa Mara,,Government,Regional Administration,Regional secretariat / RC office,"Finance/Risk Financing, Regional/LGA Governance",,Katibu Tawala wa Mkoa (RAS),,,,,,"Katibu Tawala wa Mkoa, Sekretarieti ya Mkoa wa Mara, Mara, Tanzania.",,ORODHA YA WASHIRIKI.xlsx,TAWALA ZA MIKOA,257,Provided invitation workbook / TAWALA ZA MIKOA row 257,,Imported from the provided invitation/stakeholder workbook; confirm mandate and contacts in System Settings before operational use.
agency,Halmashauri ya Jiji la Musoma,,Government,Local Government Authority,Council / LGA,Regional/LGA Governance,,Mkuu wa Wilaya (DC),,,,,,"Mkuu wa Wilaya, Halmashauri ya Jiji la Musoma, Mara, Tanzania.",,ORODHA YA WASHIRIKI.xlsx,TAWALA ZA MIKOA,258,Provided invitation workbook / TAWALA ZA MIKOA row 258,,Imported from the provided invitation/stakeholder workbook; confirm mandate and contacts in System Settings before operational use.
agency,Halmashauri ya Wilaya ya Musoma,,Government,Local Government Authority,Council / LGA,Regional/LGA Governance,,Mkuu wa Wilaya (DC),,,,,,"Mkuu wa Wilaya, Halmashauri ya Wilaya ya Musoma, Mara, Tanzania.",,ORODHA YA WASHIRIKI.xlsx,TAWALA ZA MIKOA,261,Provided invitation workbook / TAWALA ZA MIKOA row 261,,Imported from the provided invitation/stakeholder workbook; confirm mandate and contacts in System Settings before operational use.
agency,Halmashauri ya Wilaya ya Bunda,,Government,Local Government Authority,Council / LGA,Regional/LGA Governance,,Mkuu wa Wilaya (DC),,,,,,"Mkuu wa Wilaya, Halmashauri ya Wilaya ya Bunda, Mara, Tanzania.",,ORODHA YA WASHIRIKI.xlsx,TAWALA ZA MIKOA,264,Provided invitation workbook / TAWALA ZA MIKOA row 264,,Imported from the provided invitation/stakeholder workbook; confirm mandate and contacts in System Settings before operational use.
agency,Halmashauri ya Mji wa Bunda,,Government,Local Government Authority,Council / LGA,Regional/LGA Governance,,Mkuu wa Wilaya (DC),,,,,,"Mkuu wa Wilaya, Halmashauri ya Mji wa Bunda, Mara, Tanzania.",,ORODHA YA WASHIRIKI.xlsx,TAWALA ZA MIKOA,267,Provided invitation workbook / TAWALA ZA MIKOA row 267,,Imported from the provided invitation/stakeholder workbook; confirm mandate and contacts in System Settings before operational use.
agency,Halmashauri ya Wilaya ya Butiama,,Government,Local Government Authority,Council / LGA,Regional/LGA Governance,,Mkuu wa Wilaya (DC),,,,,,"Mkuu wa Wilaya, Halmashauri ya Wilaya ya Butiama, Mara, Tanzania.",,ORODHA YA WASHIRIKI.xlsx,TAWALA ZA MIKOA,270,Provided invitation workbook / TAWALA ZA MIKOA row 270,,Imported from the provided invitation/stakeholder workbook; confirm mandate and contacts in System Settings before operational use.
agency,Halmashauri ya Wilaya ya Rorya,,Government,Local Government Authority,Council / LGA,Regional/LGA Governance,,Mkuu wa Wilaya (DC),,,,,,"Mkuu wa Wilaya, Halmashauri ya Wilaya ya Rorya, Mara, Tanzania.",,ORODHA YA WASHIRIKI.xlsx,TAWALA ZA MIKOA,273,Provided invitation workbook / TAWALA ZA MIKOA row 273,,Imported from the provided invitation/stakeholder workbook; confirm mandate and contacts in System Settings before operational use.
agency,Halmashauri ya Wilaya ya Serengeti,,Government,Local Government Authority,Council / LGA,Regional/LGA Governance,,Mkuu wa Wilaya (DC),,,,,,"Mkuu wa Wilaya, Halmashauri ya Wilaya ya Serengeti, Mara, Tanzania.",,ORODHA YA WASHIRIKI.xlsx,TAWALA ZA MIKOA,276,Provided invitation workbook / TAWALA ZA MIKOA row 276,,Imported from the provided invitation/stakeholder workbook; confirm mandate and contacts in System Settings before operational use.
agency,Halmashauri ya Wilaya ya Tarime,,Government,Local Government Authority,Council / LGA,Regional/LGA Governance,,Mkuu wa Wilaya (DC),,,,,,"Mkuu wa Wilaya, Halmashauri ya Wilaya ya Tarime, Mara, Tanzania.",,ORODHA YA WASHIRIKI.xlsx,TAWALA ZA MIKOA,279,Provided invitation workbook / TAWALA ZA MIKOA row 279,,Imported from the provided invitation/stakeholder workbook; confirm mandate and contacts in System Settings before operational use.
agency,Halmashauri ya Mji wa Tarime,,Government,Local Government Authority,Council / LGA,Regional/LGA Governance,,Mkuu wa Wilaya (DC),,,,,,"Mkuu wa Wilaya, Halmashauri ya Mji wa Tarime, Mara, Tanzania.",,ORODHA YA WASHIRIKI.xlsx,TAWALA ZA MIKOA,282,Provided invitation workbook / TAWALA ZA MIKOA row 282,,Imported from the provided invitation/stakeholder workbook; confirm mandate and contacts in System Settings before operational use.
agency,Ofisi ya Mkuu wa Mkoa wa Mbeya,,Government,Regional Administration,Regional secretariat / RC office,"Finance/Risk Financing, Regional/LGA Governance",,Mkuu wa Mkoa (RC),,,,,,"Mkuu wa Mkoa, Ofisi ya Mkuu wa Mkoa wa Mbeya, Mbeya, Tanzania.",,ORODHA YA WASHIRIKI.xlsx,TAWALA ZA MIKOA,286,Provided invitation workbook / TAWALA ZA MIKOA row 286,,Imported from the provided invitation/stakeholder workbook; confirm mandate and contacts in System Settings before operational use.
agency,Sekretarieti ya Mkoa wa Mbeya,,Government,Regional Administration,Regional secretariat / RC office,"Finance/Risk Financing, Regional/LGA Governance",,Katibu Tawala wa Mkoa (RAS),,,,,,"Katibu Tawala wa Mkoa, Sekretarieti ya Mkoa wa Mbeya, Mbeya, Tanzania.",,ORODHA YA WASHIRIKI.xlsx,TAWALA ZA MIKOA,287,Provided invitation workbook / TAWALA ZA MIKOA row 287,,Imported from the provided invitation/stakeholder workbook; confirm mandate and contacts in System Settings before operational use.
agency,Halmashauri ya Jiji la Mbeya,,Government,Local Government Authority,Council / LGA,Regional/LGA Governance,,Mkuu wa Wilaya (DC),,,,,,"Mkuu wa Wilaya, Halmashauri ya Jiji la Mbeya, Mbeya, Tanzania.",,ORODHA YA WASHIRIKI.xlsx,TAWALA ZA MIKOA,288,Provided invitation workbook / TAWALA ZA MIKOA row 288,,Imported from the provided invitation/stakeholder workbook; confirm mandate and contacts in System Settings before operational use.
agency,Halmashauri ya Wilaya ya Mbeya,,Government,Local Government Authority,Council / LGA,Regional/LGA Governance,,Mkuu wa Wilaya (DC),,,,,,"Mkuu wa Wilaya, Halmashauri ya Wilaya ya Mbeya, Mbeya, Tanzania.",,ORODHA YA WASHIRIKI.xlsx,TAWALA ZA MIKOA,291,Provided invitation workbook / TAWALA ZA MIKOA row 291,,Imported from the provided invitation/stakeholder workbook; confirm mandate and contacts in System Settings before operational use.
agency,Halmashauri ya Wilaya ya Chunya,,Government,Local Government Authority,Council / LGA,Regional/LGA Governance,,Mkuu wa Wilaya (DC),,,,,,"Mkuu wa Wilaya, Halmashauri ya Wilaya ya Chunya, Mbeya, Tanzania.",,ORODHA YA WASHIRIKI.xlsx,TAWALA ZA MIKOA,294,Provided invitation workbook / TAWALA ZA MIKOA row 294,,Imported from the provided invitation/stakeholder workbook; confirm mandate and contacts in System Settings before operational use.
agency,Halmashauri ya Wilaya ya Kyela,,Government,Local Government Authority,Council / LGA,Regional/LGA Governance,,Mkuu wa Wilaya (DC),,,,,,"Mkuu wa Wilaya, Halmashauri ya Wilaya ya Kyela, Mbeya, Tanzania.",,ORODHA YA WASHIRIKI.xlsx,TAWALA ZA MIKOA,297,Provided invitation workbook / TAWALA ZA MIKOA row 297,,Imported from the provided invitation/stakeholder workbook; confirm mandate and contacts in System Settings before operational use.
agency,Halmashauri ya Wilaya ya Mbarali,,Government,Local Government Authority,Council / LGA,Regional/LGA Governance,,Mkuu wa Wilaya (DC),,,,,,"Mkuu wa Wilaya, Halmashauri ya Wilaya ya Mbarali, Mbeya, Tanzania.",,ORODHA YA WASHIRIKI.xlsx,TAWALA ZA MIKOA,300,Provided invitation workbook / TAWALA ZA MIKOA row 300,,Imported from the provided invitation/stakeholder workbook; confirm mandate and contacts in System Settings before operational use.
agency,Halmashauri ya Wilaya ya Rungwe,,Government,Local Government Authority,Council / LGA,Regional/LGA Governance,,Mkuu wa Wilaya (DC),,,,,,"Mkuu wa Wilaya, Halmashauri ya Wilaya ya Rungwe, Mbeya, Tanzania.",,ORODHA YA WASHIRIKI.xlsx,TAWALA ZA MIKOA,303,Provided invitation workbook / TAWALA ZA MIKOA row 303,,Imported from the provided invitation/stakeholder workbook; confirm mandate and contacts in System Settings before operational use.
agency,Halmashauri ya Mji wa Tunduma,,Government,Local Government Authority,Council / LGA,Regional/LGA Governance,,Mkuu wa Wilaya (DC),,,,,,"Mkuu wa Wilaya, Halmashauri ya Mji wa Tunduma, Mbeya, Tanzania.",,ORODHA YA WASHIRIKI.xlsx,TAWALA ZA MIKOA,306,Provided invitation workbook / TAWALA ZA MIKOA row 306,,Imported from the provided invitation/stakeholder workbook; confirm mandate and contacts in System Settings before operational use.
agency,Halmashauri ya Wilaya ya Busokelo,,Government,Local Government Authority,Council / LGA,Regional/LGA Governance,,Mkuu wa Wilaya (DC),,,,,,"Mkuu wa Wilaya, Halmashauri ya Wilaya ya Busokelo, Mbeya, Tanzania.",,ORODHA YA WASHIRIKI.xlsx,TAWALA ZA MIKOA,309,Provided invitation workbook / TAWALA ZA MIKOA row 309,,Imported from the provided invitation/stakeholder workbook; confirm mandate and contacts in System Settings before operational use.
agency,Ofisi ya Mkuu wa Mkoa wa Morogoro,,Government,Regional Administration,Regional secretariat / RC office,"Finance/Risk Financing, Regional/LGA Governance",,Mkuu wa Mkoa (RC),,,,,,"Mkuu wa Mkoa, Ofisi ya Mkuu wa Mkoa wa Morogoro, Morogoro, Tanzania.",,ORODHA YA WASHIRIKI.xlsx,TAWALA ZA MIKOA,313,Provided invitation workbook / TAWALA ZA MIKOA row 313,,Imported from the provided invitation/stakeholder workbook; confirm mandate and contacts in System Settings before operational use.
agency,Sekretarieti ya Mkoa wa Morogoro,,Government,Regional Administration,Regional secretariat / RC office,"Finance/Risk Financing, Regional/LGA Governance",,Katibu Tawala wa Mkoa (RAS),,,,,,"Katibu Tawala wa Mkoa, Sekretarieti ya Mkoa wa Morogoro, Morogoro, Tanzania.",,ORODHA YA WASHIRIKI.xlsx,TAWALA ZA MIKOA,314,Provided invitation workbook / TAWALA ZA MIKOA row 314,,Imported from the provided invitation/stakeholder workbook; confirm mandate and contacts in System Settings before operational use.
agency,Halmashauri ya Manispaa ya Morogoro,,Government,Local Government Authority,Council / LGA,Regional/LGA Governance,,Mkuu wa Wilaya (DC),,,,,,"Mkuu wa Wilaya, Halmashauri ya Manispaa ya Morogoro, Morogoro, Tanzania.",,ORODHA YA WASHIRIKI.xlsx,TAWALA ZA MIKOA,315,Provided invitation workbook / TAWALA ZA MIKOA row 315,,Imported from the provided invitation/stakeholder workbook; confirm mandate and contacts in System Settings before operational use.
agency,Halmashauri ya Wilaya ya Morogoro,,Government,Local Government Authority,Council / LGA,Regional/LGA Governance,,Mkuu wa Wilaya (DC),,,,,,"Mkuu wa Wilaya, Halmashauri ya Wilaya ya Morogoro, Morogoro, Tanzania.",,ORODHA YA WASHIRIKI.xlsx,TAWALA ZA MIKOA,318,Provided invitation workbook / TAWALA ZA MIKOA row 318,,Imported from the provided invitation/stakeholder workbook; confirm mandate and contacts in System Settings before operational use.
agency,Halmashauri ya Wilaya ya Gairo,,Government,Local Government Authority,Council / LGA,Regional/LGA Governance,,Mkuu wa Wilaya (DC),,,,,,"Mkuu wa Wilaya, Halmashauri ya Wilaya ya Gairo, Morogoro, Tanzania.",,ORODHA YA WASHIRIKI.xlsx,TAWALA ZA MIKOA,321,Provided invitation workbook / TAWALA ZA MIKOA row 321,,Imported from the provided invitation/stakeholder workbook; confirm mandate and contacts in System Settings before operational use.
agency,Halmashauri ya Wilaya ya Ifakara,,Government,Local Government Authority,Council / LGA,Regional/LGA Governance,,Mkuu wa Wilaya (DC),,,,,,"Mkuu wa Wilaya, Halmashauri ya Wilaya ya Ifakara, Morogoro, Tanzania.",,ORODHA YA WASHIRIKI.xlsx,TAWALA ZA MIKOA,324,Provided invitation workbook / TAWALA ZA MIKOA row 324,,Imported from the provided invitation/stakeholder workbook; confirm mandate and contacts in System Settings before operational use.
agency,Halmashauri ya Wilaya ya Kilombero,,Government,Local Government Authority,Council / LGA,Regional/LGA Governance,,Mkuu wa Wilaya (DC),,,,,,"Mkuu wa Wilaya, Halmashauri ya Wilaya ya Kilombero, Morogoro, Tanzania.",,ORODHA YA WASHIRIKI.xlsx,TAWALA ZA MIKOA,327,Provided invitation workbook / TAWALA ZA MIKOA row 327,,Imported from the provided invitation/stakeholder workbook; confirm mandate and contacts in System Settings before operational use.
agency,Halmashauri ya Wilaya ya Kilosa,,Government,Local Government Authority,Council / LGA,Regional/LGA Governance,,Mkuu wa Wilaya (DC),,,,,,"Mkuu wa Wilaya, Halmashauri ya Wilaya ya Kilosa, Morogoro, Tanzania.",,ORODHA YA WASHIRIKI.xlsx,TAWALA ZA MIKOA,330,Provided invitation workbook / TAWALA ZA MIKOA row 330,,Imported from the provided invitation/stakeholder workbook; confirm mandate and contacts in System Settings before operational use.
agency,Halmashauri ya Mji wa Kilosa,,Government,Local Government Authority,Council / LGA,Regional/LGA Governance,,Mkuu wa Wilaya (DC),,,,,,"Mkuu wa Wilaya, Halmashauri ya Mji wa Kilosa, Morogoro, Tanzania.",,ORODHA YA WASHIRIKI.xlsx,TAWALA ZA MIKOA,333,Provided invitation workbook / TAWALA ZA MIKOA row 333,,Imported from the provided invitation/stakeholder workbook; confirm mandate and contacts in System Settings before operational use.
agency,Halmashauri ya Wilaya ya Mvomero,,Government,Local Government Authority,Council / LGA,Regional/LGA Governance,,Mkuu wa Wilaya (DC),,,,,,"Mkuu wa Wilaya, Halmashauri ya Wilaya ya Mvomero, Morogoro, Tanzania.",,ORODHA YA WASHIRIKI.xlsx,TAWALA ZA MIKOA,336,Provided invitation workbook / TAWALA ZA MIKOA row 336,,Imported from the provided invitation/stakeholder workbook; confirm mandate and contacts in System Settings before operational use.
agency,Halmashauri ya Wilaya ya Ulanga,,Government,Local Government Authority,Council / LGA,Regional/LGA Governance,,Mkuu wa Wilaya (DC),,,,,,"Mkuu wa Wilaya, Halmashauri ya Wilaya ya Ulanga, Morogoro, Tanzania.",,ORODHA YA WASHIRIKI.xlsx,TAWALA ZA MIKOA,339,Provided invitation workbook / TAWALA ZA MIKOA row 339,,Imported from the provided invitation/stakeholder workbook; confirm mandate and contacts in System Settings before operational use.
agency,Halmashauri ya Wilaya ya Malinyi,,Government,Local Government Authority,Council / LGA,Regional/LGA Governance,,Mkuu wa Wilaya (DC),,,,,,"Mkuu wa Wilaya, Halmashauri ya Wilaya ya Malinyi, Morogoro, Tanzania.",,ORODHA YA WASHIRIKI.xlsx,TAWALA ZA MIKOA,342,Provided invitation workbook / TAWALA ZA MIKOA row 342,,Imported from the provided invitation/stakeholder workbook; confirm mandate and contacts in System Settings before operational use.
agency,Ofisi ya Mkuu wa Mkoa wa Mtwara,,Government,Regional Administration,Regional secretariat / RC office,"Finance/Risk Financing, Regional/LGA Governance",,Mkuu wa Mkoa (RC),,,,,,"Mkuu wa Mkoa, Ofisi ya Mkuu wa Mkoa wa Mtwara, Mtwara, Tanzania.",,ORODHA YA WASHIRIKI.xlsx,TAWALA ZA MIKOA,346,Provided invitation workbook / TAWALA ZA MIKOA row 346,,Imported from the provided invitation/stakeholder workbook; confirm mandate and contacts in System Settings before operational use.
agency,Sekretarieti ya Mkoa wa Mtwara,,Government,Regional Administration,Regional secretariat / RC office,"Finance/Risk Financing, Regional/LGA Governance",,Katibu Tawala wa Mkoa (RAS),,,,,,"Katibu Tawala wa Mkoa, Sekretarieti ya Mkoa wa Mtwara, Mtwara, Tanzania.",,ORODHA YA WASHIRIKI.xlsx,TAWALA ZA MIKOA,347,Provided invitation workbook / TAWALA ZA MIKOA row 347,,Imported from the provided invitation/stakeholder workbook; confirm mandate and contacts in System Settings before operational use.
agency,Halmashauri ya Manispaa ya Mtwara-Mikindani,,Government,Local Government Authority,Council / LGA,Regional/LGA Governance,,Mkuu wa Wilaya (DC),,,,,,"Mkuu wa Wilaya, Halmashauri ya Manispaa ya Mtwara-Mikindani, Mtwara, Tanzania.",,ORODHA YA WASHIRIKI.xlsx,TAWALA ZA MIKOA,348,Provided invitation workbook / TAWALA ZA MIKOA row 348,,Imported from the provided invitation/stakeholder workbook; confirm mandate and contacts in System Settings before operational use.
agency,Halmashauri ya Wilaya ya Mtwara,,Government,Local Government Authority,Council / LGA,Regional/LGA Governance,,Mkuu wa Wilaya (DC),,,,,,"Mkuu wa Wilaya, Halmashauri ya Wilaya ya Mtwara, Mtwara, Tanzania.",,ORODHA YA WASHIRIKI.xlsx,TAWALA ZA MIKOA,351,Provided invitation workbook / TAWALA ZA MIKOA row 351,,Imported from the provided invitation/stakeholder workbook; confirm mandate and contacts in System Settings before operational use.
agency,Halmashauri ya Wilaya ya Masasi,,Government,Local Government Authority,Council / LGA,Regional/LGA Governance,,Mkuu wa Wilaya (DC),,,,,,"Mkuu wa Wilaya, Halmashauri ya Wilaya ya Masasi, Mtwara, Tanzania.",,ORODHA YA WASHIRIKI.xlsx,TAWALA ZA MIKOA,354,Provided invitation workbook / TAWALA ZA MIKOA row 354,,Imported from the provided invitation/stakeholder workbook; confirm mandate and contacts in System Settings before operational use.
agency,Halmashauri ya Mji wa Masasi,,Government,Local Government Authority,Council / LGA,Regional/LGA Governance,,Mkuu wa Wilaya (DC),,,,,,"Mkuu wa Wilaya, Halmashauri ya Mji wa Masasi, Mtwara, Tanzania.",,ORODHA YA WASHIRIKI.xlsx,TAWALA ZA MIKOA,357,Provided invitation workbook / TAWALA ZA MIKOA row 357,,Imported from the provided invitation/stakeholder workbook; confirm mandate and contacts in System Settings before operational use.
agency,Halmashauri ya Wilaya ya Nanyamba,,Government,Local Government Authority,Council / LGA,Regional/LGA Governance,,Mkuu wa Wilaya (DC),,,,,,"Mkuu wa Wilaya, Halmashauri ya Wilaya ya Nanyamba, Mtwara, Tanzania.",,ORODHA YA WASHIRIKI.xlsx,TAWALA ZA MIKOA,360,Provided invitation workbook / TAWALA ZA MIKOA row 360,,Imported from the provided invitation/stakeholder workbook; confirm mandate and contacts in System Settings before operational use.
agency,Halmashauri ya Wilaya ya Nanyumbu,,Government,Local Government Authority,Council / LGA,Regional/LGA Governance,,Mkuu wa Wilaya (DC),,,,,,"Mkuu wa Wilaya, Halmashauri ya Wilaya ya Nanyumbu, Mtwara, Tanzania.",,ORODHA YA WASHIRIKI.xlsx,TAWALA ZA MIKOA,363,Provided invitation workbook / TAWALA ZA MIKOA row 363,,Imported from the provided invitation/stakeholder workbook; confirm mandate and contacts in System Settings before operational use.
agency,Halmashauri ya Wilaya ya Newala,,Government,Local Government Authority,Council / LGA,Regional/LGA Governance,,Mkuu wa Wilaya (DC),,,,,,"Mkuu wa Wilaya, Halmashauri ya Wilaya ya Newala, Mtwara, Tanzania.",,ORODHA YA WASHIRIKI.xlsx,TAWALA ZA MIKOA,366,Provided invitation workbook / TAWALA ZA MIKOA row 366,,Imported from the provided invitation/stakeholder workbook; confirm mandate and contacts in System Settings before operational use.
agency,Halmashauri ya Mji wa Newala,,Government,Local Government Authority,Council / LGA,Regional/LGA Governance,,Mkuu wa Wilaya (DC),,,,,,"Mkuu wa Wilaya, Halmashauri ya Mji wa Newala, Mtwara, Tanzania.",,ORODHA YA WASHIRIKI.xlsx,TAWALA ZA MIKOA,369,Provided invitation workbook / TAWALA ZA MIKOA row 369,,Imported from the provided invitation/stakeholder workbook; confirm mandate and contacts in System Settings before operational use.
agency,Halmashauri ya Wilaya ya Tandahimba,,Government,Local Government Authority,Council / LGA,Regional/LGA Governance,,Mkuu wa Wilaya (DC),,,,,,"Mkuu wa Wilaya, Halmashauri ya Wilaya ya Tandahimba, Mtwara, Tanzania.",,ORODHA YA WASHIRIKI.xlsx,TAWALA ZA MIKOA,372,Provided invitation workbook / TAWALA ZA MIKOA row 372,,Imported from the provided invitation/stakeholder workbook; confirm mandate and contacts in System Settings before operational use.
agency,Ofisi ya Mkuu wa Mkoa wa Mwanza,,Government,Regional Administration,Regional secretariat / RC office,"Finance/Risk Financing, Regional/LGA Governance",,Mkuu wa Mkoa (RC),,,,,,"Mkuu wa Mkoa, Ofisi ya Mkuu wa Mkoa wa Mwanza, Mwanza, Tanzania.",,ORODHA YA WASHIRIKI.xlsx,TAWALA ZA MIKOA,376,Provided invitation workbook / TAWALA ZA MIKOA row 376,,Imported from the provided invitation/stakeholder workbook; confirm mandate and contacts in System Settings before operational use.
agency,Sekretarieti ya Mkoa wa Mwanza,,Government,Regional Administration,Regional secretariat / RC office,"Finance/Risk Financing, Regional/LGA Governance",,Katibu Tawala wa Mkoa (RAS),,,,,,"Katibu Tawala wa Mkoa, Sekretarieti ya Mkoa wa Mwanza, Mwanza, Tanzania.",,ORODHA YA WASHIRIKI.xlsx,TAWALA ZA MIKOA,377,Provided invitation workbook / TAWALA ZA MIKOA row 377,,Imported from the provided invitation/stakeholder workbook; confirm mandate and contacts in System Settings before operational use.
agency,Halmashauri ya Jiji la Mwanza,,Government,Local Government Authority,Council / LGA,Regional/LGA Governance,,Mkuu wa Wilaya (DC),,,,,,"Mkuu wa Wilaya, Halmashauri ya Jiji la Mwanza, Mwanza, Tanzania.",,ORODHA YA WASHIRIKI.xlsx,TAWALA ZA MIKOA,378,Provided invitation workbook / TAWALA ZA MIKOA row 378,,Imported from the provided invitation/stakeholder workbook; confirm mandate and contacts in System Settings before operational use.
agency,Halmashauri ya Manispaa ya Ilemela,,Government,Local Government Authority,Council / LGA,Regional/LGA Governance,,Mkuu wa Wilaya (DC),,,,,,"Mkuu wa Wilaya, Halmashauri ya Manispaa ya Ilemela, Mwanza, Tanzania.",,ORODHA YA WASHIRIKI.xlsx,TAWALA ZA MIKOA,381,Provided invitation workbook / TAWALA ZA MIKOA row 381,,Imported from the provided invitation/stakeholder workbook; confirm mandate and contacts in System Settings before operational use.
agency,Halmashauri ya Wilaya ya Kwimba,,Government,Local Government Authority,Council / LGA,Regional/LGA Governance,,Mkuu wa Wilaya (DC),,,,,,"Mkuu wa Wilaya, Halmashauri ya Wilaya ya Kwimba, Mwanza, Tanzania.",,ORODHA YA WASHIRIKI.xlsx,TAWALA ZA MIKOA,384,Provided invitation workbook / TAWALA ZA MIKOA row 384,,Imported from the provided invitation/stakeholder workbook; confirm mandate and contacts in System Settings before operational use.
agency,Halmashauri ya Wilaya ya Magu,,Government,Local Government Authority,Council / LGA,Regional/LGA Governance,,Mkuu wa Wilaya (DC),,,,,,"Mkuu wa Wilaya, Halmashauri ya Wilaya ya Magu, Mwanza, Tanzania.",,ORODHA YA WASHIRIKI.xlsx,TAWALA ZA MIKOA,387,Provided invitation workbook / TAWALA ZA MIKOA row 387,,Imported from the provided invitation/stakeholder workbook; confirm mandate and contacts in System Settings before operational use.
agency,Halmashauri ya Wilaya ya Misungwi,,Government,Local Government Authority,Council / LGA,Regional/LGA Governance,,Mkuu wa Wilaya (DC),,,,,,"Mkuu wa Wilaya, Halmashauri ya Wilaya ya Misungwi, Mwanza, Tanzania.",,ORODHA YA WASHIRIKI.xlsx,TAWALA ZA MIKOA,390,Provided invitation workbook / TAWALA ZA MIKOA row 390,,Imported from the provided invitation/stakeholder workbook; confirm mandate and contacts in System Settings before operational use.
agency,Halmashauri ya Wilaya ya Sengerema,,Government,Local Government Authority,Council / LGA,Regional/LGA Governance,,Mkuu wa Wilaya (DC),,,,,,"Mkuu wa Wilaya, Halmashauri ya Wilaya ya Sengerema, Mwanza, Tanzania.",,ORODHA YA WASHIRIKI.xlsx,TAWALA ZA MIKOA,393,Provided invitation workbook / TAWALA ZA MIKOA row 393,,Imported from the provided invitation/stakeholder workbook; confirm mandate and contacts in System Settings before operational use.
agency,Halmashauri ya Wilaya ya Ukerewe,,Government,Local Government Authority,Council / LGA,Regional/LGA Governance,,Mkuu wa Wilaya (DC),,,,,,"Mkuu wa Wilaya, Halmashauri ya Wilaya ya Ukerewe, Mwanza, Tanzania.",,ORODHA YA WASHIRIKI.xlsx,TAWALA ZA MIKOA,396,Provided invitation workbook / TAWALA ZA MIKOA row 396,,Imported from the provided invitation/stakeholder workbook; confirm mandate and contacts in System Settings before operational use.
agency,Halmashauri ya Wilaya ya Buchosa,,Government,Local Government Authority,Council / LGA,Regional/LGA Governance,,Mkuu wa Wilaya (DC),,,,,,"Mkuu wa Wilaya, Halmashauri ya Wilaya ya Buchosa, Mwanza, Tanzania.",,ORODHA YA WASHIRIKI.xlsx,TAWALA ZA MIKOA,399,Provided invitation workbook / TAWALA ZA MIKOA row 399,,Imported from the provided invitation/stakeholder workbook; confirm mandate and contacts in System Settings before operational use.
agency,Ofisi ya Mkuu wa Mkoa wa Njombe,,Government,Regional Administration,Regional secretariat / RC office,"Finance/Risk Financing, Regional/LGA Governance",,Mkuu wa Mkoa (RC),,,,,,"Mkuu wa Mkoa, Ofisi ya Mkuu wa Mkoa wa Njombe, Njombe, Tanzania.",,ORODHA YA WASHIRIKI.xlsx,TAWALA ZA MIKOA,403,Provided invitation workbook / TAWALA ZA MIKOA row 403,,Imported from the provided invitation/stakeholder workbook; confirm mandate and contacts in System Settings before operational use.
agency,Sekretarieti ya Mkoa wa Njombe,,Government,Regional Administration,Regional secretariat / RC office,"Finance/Risk Financing, Regional/LGA Governance",,Katibu Tawala wa Mkoa (RAS),,,,,,"Katibu Tawala wa Mkoa, Sekretarieti ya Mkoa wa Njombe, Njombe, Tanzania.",,ORODHA YA WASHIRIKI.xlsx,TAWALA ZA MIKOA,404,Provided invitation workbook / TAWALA ZA MIKOA row 404,,Imported from the provided invitation/stakeholder workbook; confirm mandate and contacts in System Settings before operational use.
agency,Halmashauri ya Mji wa Njombe,,Government,Local Government Authority,Council / LGA,Regional/LGA Governance,,Mkuu wa Wilaya (DC),,,,,,"Mkuu wa Wilaya, Halmashauri ya Mji wa Njombe, Njombe, Tanzania.",,ORODHA YA WASHIRIKI.xlsx,TAWALA ZA MIKOA,405,Provided invitation workbook / TAWALA ZA MIKOA row 405,,Imported from the provided invitation/stakeholder workbook; confirm mandate and contacts in System Settings before operational use.
agency,Halmashauri ya Wilaya ya Njombe,,Government,Local Government Authority,Council / LGA,Regional/LGA Governance,,Mkuu wa Wilaya (DC),,,,,,"Mkuu wa Wilaya, Halmashauri ya Wilaya ya Njombe, Njombe, Tanzania.",,ORODHA YA WASHIRIKI.xlsx,TAWALA ZA MIKOA,408,Provided invitation workbook / TAWALA ZA MIKOA row 408,,Imported from the provided invitation/stakeholder workbook; confirm mandate and contacts in System Settings before operational use.
agency,Halmashauri ya Mji wa Makambako,,Government,Local Government Authority,Council / LGA,Regional/LGA Governance,,Mkuu wa Wilaya (DC),,,,,,"Mkuu wa Wilaya, Halmashauri ya Mji wa Makambako, Njombe, Tanzania.",,ORODHA YA WASHIRIKI.xlsx,TAWALA ZA MIKOA,411,Provided invitation workbook / TAWALA ZA MIKOA row 411,,Imported from the provided invitation/stakeholder workbook; confirm mandate and contacts in System Settings before operational use.
agency,Halmashauri ya Wilaya ya Ludewa,,Government,Local Government Authority,Council / LGA,Regional/LGA Governance,,Mkuu wa Wilaya (DC),,,,,,"Mkuu wa Wilaya, Halmashauri ya Wilaya ya Ludewa, Njombe, Tanzania.",,ORODHA YA WASHIRIKI.xlsx,TAWALA ZA MIKOA,414,Provided invitation workbook / TAWALA ZA MIKOA row 414,,Imported from the provided invitation/stakeholder workbook; confirm mandate and contacts in System Settings before operational use.
agency,Halmashauri ya Wilaya ya Makete,,Government,Local Government Authority,Council / LGA,Regional/LGA Governance,,Mkuu wa Wilaya (DC),,,,,,"Mkuu wa Wilaya, Halmashauri ya Wilaya ya Makete, Njombe, Tanzania.",,ORODHA YA WASHIRIKI.xlsx,TAWALA ZA MIKOA,417,Provided invitation workbook / TAWALA ZA MIKOA row 417,,Imported from the provided invitation/stakeholder workbook; confirm mandate and contacts in System Settings before operational use.
agency,Halmashauri ya Wilaya ya Wanging'ombe,,Government,Local Government Authority,Council / LGA,Regional/LGA Governance,,Mkuu wa Wilaya (DC),,,,,,"Mkuu wa Wilaya, Halmashauri ya Wilaya ya Wanging'ombe, Njombe, Tanzania.",,ORODHA YA WASHIRIKI.xlsx,TAWALA ZA MIKOA,420,Provided invitation workbook / TAWALA ZA MIKOA row 420,,Imported from the provided invitation/stakeholder workbook; confirm mandate and contacts in System Settings before operational use.
agency,Ofisi ya Mkuu wa Mkoa wa Pwani,,Government,Regional Administration,Regional secretariat / RC office,"Finance/Risk Financing, Regional/LGA Governance",,Mkuu wa Mkoa (RC),,,,,,"Mkuu wa Mkoa, Ofisi ya Mkuu wa Mkoa wa Pwani, Pwani, Tanzania.",,ORODHA YA WASHIRIKI.xlsx,TAWALA ZA MIKOA,424,Provided invitation workbook / TAWALA ZA MIKOA row 424,,Imported from the provided invitation/stakeholder workbook; confirm mandate and contacts in System Settings before operational use.
agency,Sekretarieti ya Mkoa wa Pwani,,Government,Regional Administration,Regional secretariat / RC office,"Finance/Risk Financing, Regional/LGA Governance",,Katibu Tawala wa Mkoa (RAS),,,,,,"Katibu Tawala wa Mkoa, Sekretarieti ya Mkoa wa Pwani, Pwani, Tanzania.",,ORODHA YA WASHIRIKI.xlsx,TAWALA ZA MIKOA,425,Provided invitation workbook / TAWALA ZA MIKOA row 425,,Imported from the provided invitation/stakeholder workbook; confirm mandate and contacts in System Settings before operational use.
agency,Halmashauri ya Mji wa Kibaha,,Government,Local Government Authority,Council / LGA,Regional/LGA Governance,,Mkuu wa Wilaya (DC),,,,,,"Mkuu wa Wilaya, Halmashauri ya Mji wa Kibaha, Pwani, Tanzania.",,ORODHA YA WASHIRIKI.xlsx,TAWALA ZA MIKOA,426,Provided invitation workbook / TAWALA ZA MIKOA row 426,,Imported from the provided invitation/stakeholder workbook; confirm mandate and contacts in System Settings before operational use.
agency,Halmashauri ya Wilaya ya Kibaha,,Government,Local Government Authority,Council / LGA,Regional/LGA Governance,,Mkuu wa Wilaya (DC),,,,,,"Mkuu wa Wilaya, Halmashauri ya Wilaya ya Kibaha, Pwani, Tanzania.",,ORODHA YA WASHIRIKI.xlsx,TAWALA ZA MIKOA,429,Provided invitation workbook / TAWALA ZA MIKOA row 429,,Imported from the provided invitation/stakeholder workbook; confirm mandate and contacts in System Settings before operational use.
agency,Halmashauri ya Wilaya ya Bagamoyo,,Government,Local Government Authority,Council / LGA,Regional/LGA Governance,,Mkuu wa Wilaya (DC),,,,,,"Mkuu wa Wilaya, Halmashauri ya Wilaya ya Bagamoyo, Pwani, Tanzania.",,ORODHA YA WASHIRIKI.xlsx,TAWALA ZA MIKOA,432,Provided invitation workbook / TAWALA ZA MIKOA row 432,,Imported from the provided invitation/stakeholder workbook; confirm mandate and contacts in System Settings before operational use.
agency,Halmashauri ya Wilaya ya Kisarawe,,Government,Local Government Authority,Council / LGA,Regional/LGA Governance,,Mkuu wa Wilaya (DC),,,,,,"Mkuu wa Wilaya, Halmashauri ya Wilaya ya Kisarawe, Pwani, Tanzania.",,ORODHA YA WASHIRIKI.xlsx,TAWALA ZA MIKOA,435,Provided invitation workbook / TAWALA ZA MIKOA row 435,,Imported from the provided invitation/stakeholder workbook; confirm mandate and contacts in System Settings before operational use.
agency,Halmashauri ya Wilaya ya Mafia,,Government,Local Government Authority,Council / LGA,Regional/LGA Governance,,Mkuu wa Wilaya (DC),,,,,,"Mkuu wa Wilaya, Halmashauri ya Wilaya ya Mafia, Pwani, Tanzania.",,ORODHA YA WASHIRIKI.xlsx,TAWALA ZA MIKOA,438,Provided invitation workbook / TAWALA ZA MIKOA row 438,,Imported from the provided invitation/stakeholder workbook; confirm mandate and contacts in System Settings before operational use.
agency,Halmashauri ya Wilaya ya Mkuranga,,Government,Local Government Authority,Council / LGA,Regional/LGA Governance,,Mkuu wa Wilaya (DC),,,,,,"Mkuu wa Wilaya, Halmashauri ya Wilaya ya Mkuranga, Pwani, Tanzania.",,ORODHA YA WASHIRIKI.xlsx,TAWALA ZA MIKOA,441,Provided invitation workbook / TAWALA ZA MIKOA row 441,,Imported from the provided invitation/stakeholder workbook; confirm mandate and contacts in System Settings before operational use.
agency,Halmashauri ya Wilaya ya Rufiji,,Government,Local Government Authority,Council / LGA,Regional/LGA Governance,,Mkuu wa Wilaya (DC),,,,,,"Mkuu wa Wilaya, Halmashauri ya Wilaya ya Rufiji, Pwani, Tanzania.",,ORODHA YA WASHIRIKI.xlsx,TAWALA ZA MIKOA,444,Provided invitation workbook / TAWALA ZA MIKOA row 444,,Imported from the provided invitation/stakeholder workbook; confirm mandate and contacts in System Settings before operational use.
agency,Halmashauri ya Wilaya ya Chalinze,,Government,Local Government Authority,Council / LGA,Regional/LGA Governance,,Mkuu wa Wilaya (DC),,,,,,"Mkuu wa Wilaya, Halmashauri ya Wilaya ya Chalinze, Pwani, Tanzania.",,ORODHA YA WASHIRIKI.xlsx,TAWALA ZA MIKOA,447,Provided invitation workbook / TAWALA ZA MIKOA row 447,,Imported from the provided invitation/stakeholder workbook; confirm mandate and contacts in System Settings before operational use.
agency,Ofisi ya Mkuu wa Mkoa wa Rukwa,,Government,Regional Administration,Regional secretariat / RC office,"Finance/Risk Financing, Regional/LGA Governance",,Mkuu wa Mkoa (RC),,,,,,"Mkuu wa Mkoa, Ofisi ya Mkuu wa Mkoa wa Rukwa, Rukwa, Tanzania.",,ORODHA YA WASHIRIKI.xlsx,TAWALA ZA MIKOA,451,Provided invitation workbook / TAWALA ZA MIKOA row 451,,Imported from the provided invitation/stakeholder workbook; confirm mandate and contacts in System Settings before operational use.
agency,Sekretarieti ya Mkoa wa Rukwa,,Government,Regional Administration,Regional secretariat / RC office,"Finance/Risk Financing, Regional/LGA Governance",,Katibu Tawala wa Mkoa (RAS),,,,,,"Katibu Tawala wa Mkoa, Sekretarieti ya Mkoa wa Rukwa, Rukwa, Tanzania.",,ORODHA YA WASHIRIKI.xlsx,TAWALA ZA MIKOA,452,Provided invitation workbook / TAWALA ZA MIKOA row 452,,Imported from the provided invitation/stakeholder workbook; confirm mandate and contacts in System Settings before operational use.
agency,Halmashauri ya Manispaa ya Sumbawanga,,Government,Local Government Authority,Council / LGA,Regional/LGA Governance,,Mkuu wa Wilaya (DC),,,,,,"Mkuu wa Wilaya, Halmashauri ya Manispaa ya Sumbawanga, Rukwa, Tanzania.",,ORODHA YA WASHIRIKI.xlsx,TAWALA ZA MIKOA,453,Provided invitation workbook / TAWALA ZA MIKOA row 453,,Imported from the provided invitation/stakeholder workbook; confirm mandate and contacts in System Settings before operational use.
agency,Halmashauri ya Wilaya ya Sumbawanga,,Government,Local Government Authority,Council / LGA,Regional/LGA Governance,,Mkuu wa Wilaya (DC),,,,,,"Mkuu wa Wilaya, Halmashauri ya Wilaya ya Sumbawanga, Rukwa, Tanzania.",,ORODHA YA WASHIRIKI.xlsx,TAWALA ZA MIKOA,456,Provided invitation workbook / TAWALA ZA MIKOA row 456,,Imported from the provided invitation/stakeholder workbook; confirm mandate and contacts in System Settings before operational use.
agency,Halmashauri ya Wilaya ya Kalambo,,Government,Local Government Authority,Council / LGA,Regional/LGA Governance,,Mkuu wa Wilaya (DC),,,,,,"Mkuu wa Wilaya, Halmashauri ya Wilaya ya Kalambo, Rukwa, Tanzania.",,ORODHA YA WASHIRIKI.xlsx,TAWALA ZA MIKOA,459,Provided invitation workbook / TAWALA ZA MIKOA row 459,,Imported from the provided invitation/stakeholder workbook; confirm mandate and contacts in System Settings before operational use.
agency,Halmashauri ya Wilaya ya Nkasi,,Government,Local Government Authority,Council / LGA,Regional/LGA Governance,,Mkuu wa Wilaya (DC),,,,,,"Mkuu wa Wilaya, Halmashauri ya Wilaya ya Nkasi, Rukwa, Tanzania.",,ORODHA YA WASHIRIKI.xlsx,TAWALA ZA MIKOA,462,Provided invitation workbook / TAWALA ZA MIKOA row 462,,Imported from the provided invitation/stakeholder workbook; confirm mandate and contacts in System Settings before operational use.
agency,Ofisi ya Mkuu wa Mkoa wa Ruvuma,,Government,Regional Administration,Regional secretariat / RC office,"Finance/Risk Financing, Regional/LGA Governance",,Mkuu wa Mkoa (RC),,,,,,"Mkuu wa Mkoa, Ofisi ya Mkuu wa Mkoa wa Ruvuma, Ruvuma, Tanzania.",,ORODHA YA WASHIRIKI.xlsx,TAWALA ZA MIKOA,466,Provided invitation workbook / TAWALA ZA MIKOA row 466,,Imported from the provided invitation/stakeholder workbook; confirm mandate and contacts in System Settings before operational use.
agency,Sekretarieti ya Mkoa wa Ruvuma,,Government,Regional Administration,Regional secretariat / RC office,"Finance/Risk Financing, Regional/LGA Governance",,Katibu Tawala wa Mkoa (RAS),,,,,,"Katibu Tawala wa Mkoa, Sekretarieti ya Mkoa wa Ruvuma, Ruvuma, Tanzania.",,ORODHA YA WASHIRIKI.xlsx,TAWALA ZA MIKOA,467,Provided invitation workbook / TAWALA ZA MIKOA row 467,,Imported from the provided invitation/stakeholder workbook; confirm mandate and contacts in System Settings before operational use.
agency,Halmashauri ya Manispaa ya Songea,,Government,Local Government Authority,Council / LGA,Regional/LGA Governance,,Mkuu wa Wilaya (DC),,,,,,"Mkuu wa Wilaya, Halmashauri ya Manispaa ya Songea, Ruvuma, Tanzania.",,ORODHA YA WASHIRIKI.xlsx,TAWALA ZA MIKOA,468,Provided invitation workbook / TAWALA ZA MIKOA row 468,,Imported from the provided invitation/stakeholder workbook; confirm mandate and contacts in System Settings before operational use.
agency,Halmashauri ya Wilaya ya Songea,,Government,Local Government Authority,Council / LGA,Regional/LGA Governance,,Mkuu wa Wilaya (DC),,,,,,"Mkuu wa Wilaya, Halmashauri ya Wilaya ya Songea, Ruvuma, Tanzania.",,ORODHA YA WASHIRIKI.xlsx,TAWALA ZA MIKOA,471,Provided invitation workbook / TAWALA ZA MIKOA row 471,,Imported from the provided invitation/stakeholder workbook; confirm mandate and contacts in System Settings before operational use.
agency,Halmashauri ya Wilaya ya Mbinga,,Government,Local Government Authority,Council / LGA,Regional/LGA Governance,,Mkuu wa Wilaya (DC),,,,,,"Mkuu wa Wilaya, Halmashauri ya Wilaya ya Mbinga, Ruvuma, Tanzania.",,ORODHA YA WASHIRIKI.xlsx,TAWALA ZA MIKOA,474,Provided invitation workbook / TAWALA ZA MIKOA row 474,,Imported from the provided invitation/stakeholder workbook; confirm mandate and contacts in System Settings before operational use.
agency,Halmashauri ya Mji wa Mbinga,,Government,Local Government Authority,Council / LGA,Regional/LGA Governance,,Mkuu wa Wilaya (DC),,,,,,"Mkuu wa Wilaya, Halmashauri ya Mji wa Mbinga, Ruvuma, Tanzania.",,ORODHA YA WASHIRIKI.xlsx,TAWALA ZA MIKOA,477,Provided invitation workbook / TAWALA ZA MIKOA row 477,,Imported from the provided invitation/stakeholder workbook; confirm mandate and contacts in System Settings before operational use.
agency,Halmashauri ya Wilaya ya Madaba,,Government,Local Government Authority,Council / LGA,Regional/LGA Governance,,Mkuu wa Wilaya (DC),,,,,,"Mkuu wa Wilaya, Halmashauri ya Wilaya ya Madaba, Ruvuma, Tanzania.",,ORODHA YA WASHIRIKI.xlsx,TAWALA ZA MIKOA,480,Provided invitation workbook / TAWALA ZA MIKOA row 480,,Imported from the provided invitation/stakeholder workbook; confirm mandate and contacts in System Settings before operational use.
agency,Halmashauri ya Wilaya ya Namtumbo,,Government,Local Government Authority,Council / LGA,Regional/LGA Governance,,Mkuu wa Wilaya (DC),,,,,,"Mkuu wa Wilaya, Halmashauri ya Wilaya ya Namtumbo, Ruvuma, Tanzania.",,ORODHA YA WASHIRIKI.xlsx,TAWALA ZA MIKOA,483,Provided invitation workbook / TAWALA ZA MIKOA row 483,,Imported from the provided invitation/stakeholder workbook; confirm mandate and contacts in System Settings before operational use.
agency,Halmashauri ya Wilaya ya Nyasa,,Government,Local Government Authority,Council / LGA,Regional/LGA Governance,,Mkuu wa Wilaya (DC),,,,,,"Mkuu wa Wilaya, Halmashauri ya Wilaya ya Nyasa, Ruvuma, Tanzania.",,ORODHA YA WASHIRIKI.xlsx,TAWALA ZA MIKOA,486,Provided invitation workbook / TAWALA ZA MIKOA row 486,,Imported from the provided invitation/stakeholder workbook; confirm mandate and contacts in System Settings before operational use.
agency,Halmashauri ya Wilaya ya Tunduru,,Government,Local Government Authority,Council / LGA,Regional/LGA Governance,,Mkuu wa Wilaya (DC),,,,,,"Mkuu wa Wilaya, Halmashauri ya Wilaya ya Tunduru, Ruvuma, Tanzania.",,ORODHA YA WASHIRIKI.xlsx,TAWALA ZA MIKOA,489,Provided invitation workbook / TAWALA ZA MIKOA row 489,,Imported from the provided invitation/stakeholder workbook; confirm mandate and contacts in System Settings before operational use.
agency,Ofisi ya Mkuu wa Mkoa wa Shinyanga,,Government,Regional Administration,Regional secretariat / RC office,"Finance/Risk Financing, Regional/LGA Governance",,Mkuu wa Mkoa (RC),,,,,,"Mkuu wa Mkoa, Ofisi ya Mkuu wa Mkoa wa Shinyanga, Shinyanga, Tanzania.",,ORODHA YA WASHIRIKI.xlsx,TAWALA ZA MIKOA,493,Provided invitation workbook / TAWALA ZA MIKOA row 493,,Imported from the provided invitation/stakeholder workbook; confirm mandate and contacts in System Settings before operational use.
agency,Sekretarieti ya Mkoa wa Shinyanga,,Government,Regional Administration,Regional secretariat / RC office,"Finance/Risk Financing, Regional/LGA Governance",,Katibu Tawala wa Mkoa (RAS),,,,,,"Katibu Tawala wa Mkoa, Sekretarieti ya Mkoa wa Shinyanga, Shinyanga, Tanzania.",,ORODHA YA WASHIRIKI.xlsx,TAWALA ZA MIKOA,494,Provided invitation workbook / TAWALA ZA MIKOA row 494,,Imported from the provided invitation/stakeholder workbook; confirm mandate and contacts in System Settings before operational use.
agency,Halmashauri ya Manispaa ya Shinyanga,,Government,Local Government Authority,Council / LGA,Regional/LGA Governance,,Mkuu wa Wilaya (DC),,,,,,"Mkuu wa Wilaya, Halmashauri ya Manispaa ya Shinyanga, Shinyanga, Tanzania.",,ORODHA YA WASHIRIKI.xlsx,TAWALA ZA MIKOA,495,Provided invitation workbook / TAWALA ZA MIKOA row 495,,Imported from the provided invitation/stakeholder workbook; confirm mandate and contacts in System Settings before operational use.
agency,Halmashauri ya Wilaya ya Shinyanga,,Government,Local Government Authority,Council / LGA,Regional/LGA Governance,,Mkuu wa Wilaya (DC),,,,,,"Mkuu wa Wilaya, Halmashauri ya Wilaya ya Shinyanga, Shinyanga, Tanzania.",,ORODHA YA WASHIRIKI.xlsx,TAWALA ZA MIKOA,498,Provided invitation workbook / TAWALA ZA MIKOA row 498,,Imported from the provided invitation/stakeholder workbook; confirm mandate and contacts in System Settings before operational use.
agency,Halmashauri ya Wilaya ya Kahama,,Government,Local Government Authority,Council / LGA,Regional/LGA Governance,,Mkuu wa Wilaya (DC),,,,,,"Mkuu wa Wilaya, Halmashauri ya Wilaya ya Kahama, Shinyanga, Tanzania.",,ORODHA YA WASHIRIKI.xlsx,TAWALA ZA MIKOA,501,Provided invitation workbook / TAWALA ZA MIKOA row 501,,Imported from the provided invitation/stakeholder workbook; confirm mandate and contacts in System Settings before operational use.
agency,Halmashauri ya Mji wa Kahama,,Government,Local Government Authority,Council / LGA,Regional/LGA Governance,,Mkuu wa Wilaya (DC),,,,,,"Mkuu wa Wilaya, Halmashauri ya Mji wa Kahama, Shinyanga, Tanzania.",,ORODHA YA WASHIRIKI.xlsx,TAWALA ZA MIKOA,504,Provided invitation workbook / TAWALA ZA MIKOA row 504,,Imported from the provided invitation/stakeholder workbook; confirm mandate and contacts in System Settings before operational use.
agency,Halmashauri ya Wilaya ya Kishapu,,Government,Local Government Authority,Council / LGA,Regional/LGA Governance,,Mkuu wa Wilaya (DC),,,,,,"Mkuu wa Wilaya, Halmashauri ya Wilaya ya Kishapu, Shinyanga, Tanzania.",,ORODHA YA WASHIRIKI.xlsx,TAWALA ZA MIKOA,507,Provided invitation workbook / TAWALA ZA MIKOA row 507,,Imported from the provided invitation/stakeholder workbook; confirm mandate and contacts in System Settings before operational use.
agency,Halmashauri ya Wilaya ya Msalala,,Government,Local Government Authority,Council / LGA,Regional/LGA Governance,,Mkuu wa Wilaya (DC),,,,,,"Mkuu wa Wilaya, Halmashauri ya Wilaya ya Msalala, Shinyanga, Tanzania.",,ORODHA YA WASHIRIKI.xlsx,TAWALA ZA MIKOA,510,Provided invitation workbook / TAWALA ZA MIKOA row 510,,Imported from the provided invitation/stakeholder workbook; confirm mandate and contacts in System Settings before operational use.
agency,Halmashauri ya Wilaya ya Ushetu,,Government,Local Government Authority,Council / LGA,Regional/LGA Governance,,Mkuu wa Wilaya (DC),,,,,,"Mkuu wa Wilaya, Halmashauri ya Wilaya ya Ushetu, Shinyanga, Tanzania.",,ORODHA YA WASHIRIKI.xlsx,TAWALA ZA MIKOA,513,Provided invitation workbook / TAWALA ZA MIKOA row 513,,Imported from the provided invitation/stakeholder workbook; confirm mandate and contacts in System Settings before operational use.
agency,Ofisi ya Mkuu wa Mkoa wa Simiyu,,Government,Regional Administration,Regional secretariat / RC office,"Finance/Risk Financing, Regional/LGA Governance",,Mkuu wa Mkoa (RC),,,,,,"Mkuu wa Mkoa, Ofisi ya Mkuu wa Mkoa wa Simiyu, Simiyu, Tanzania.",,ORODHA YA WASHIRIKI.xlsx,TAWALA ZA MIKOA,517,Provided invitation workbook / TAWALA ZA MIKOA row 517,,Imported from the provided invitation/stakeholder workbook; confirm mandate and contacts in System Settings before operational use.
agency,Sekretarieti ya Mkoa wa Simiyu,,Government,Regional Administration,Regional secretariat / RC office,"Finance/Risk Financing, Regional/LGA Governance",,Katibu Tawala wa Mkoa (RAS),,,,,,"Katibu Tawala wa Mkoa, Sekretarieti ya Mkoa wa Simiyu, Simiyu, Tanzania.",,ORODHA YA WASHIRIKI.xlsx,TAWALA ZA MIKOA,518,Provided invitation workbook / TAWALA ZA MIKOA row 518,,Imported from the provided invitation/stakeholder workbook; confirm mandate and contacts in System Settings before operational use.
agency,Halmashauri ya Mji wa Bariadi,,Government,Local Government Authority,Council / LGA,Regional/LGA Governance,,Mkuu wa Wilaya (DC),,,,,,"Mkuu wa Wilaya, Halmashauri ya Mji wa Bariadi, Simiyu, Tanzania.",,ORODHA YA WASHIRIKI.xlsx,TAWALA ZA MIKOA,519,Provided invitation workbook / TAWALA ZA MIKOA row 519,,Imported from the provided invitation/stakeholder workbook; confirm mandate and contacts in System Settings before operational use.
agency,Halmashauri ya Wilaya ya Bariadi,,Government,Local Government Authority,Council / LGA,Regional/LGA Governance,,Mkuu wa Wilaya (DC),,,,,,"Mkuu wa Wilaya, Halmashauri ya Wilaya ya Bariadi, Simiyu, Tanzania.",,ORODHA YA WASHIRIKI.xlsx,TAWALA ZA MIKOA,522,Provided invitation workbook / TAWALA ZA MIKOA row 522,,Imported from the provided invitation/stakeholder workbook; confirm mandate and contacts in System Settings before operational use.
agency,Halmashauri ya Wilaya ya Busega,,Government,Local Government Authority,Council / LGA,Regional/LGA Governance,,Mkuu wa Wilaya (DC),,,,,,"Mkuu wa Wilaya, Halmashauri ya Wilaya ya Busega, Simiyu, Tanzania.",,ORODHA YA WASHIRIKI.xlsx,TAWALA ZA MIKOA,525,Provided invitation workbook / TAWALA ZA MIKOA row 525,,Imported from the provided invitation/stakeholder workbook; confirm mandate and contacts in System Settings before operational use.
agency,Halmashauri ya Wilaya ya Itilima,,Government,Local Government Authority,Council / LGA,Regional/LGA Governance,,Mkuu wa Wilaya (DC),,,,,,"Mkuu wa Wilaya, Halmashauri ya Wilaya ya Itilima, Simiyu, Tanzania.",,ORODHA YA WASHIRIKI.xlsx,TAWALA ZA MIKOA,528,Provided invitation workbook / TAWALA ZA MIKOA row 528,,Imported from the provided invitation/stakeholder workbook; confirm mandate and contacts in System Settings before operational use.
agency,Halmashauri ya Wilaya ya Maswa,,Government,Local Government Authority,Council / LGA,Regional/LGA Governance,,Mkuu wa Wilaya (DC),,,,,,"Mkuu wa Wilaya, Halmashauri ya Wilaya ya Maswa, Simiyu, Tanzania.",,ORODHA YA WASHIRIKI.xlsx,TAWALA ZA MIKOA,531,Provided invitation workbook / TAWALA ZA MIKOA row 531,,Imported from the provided invitation/stakeholder workbook; confirm mandate and contacts in System Settings before operational use.
agency,Halmashauri ya Wilaya ya Meatu,,Government,Local Government Authority,Council / LGA,Regional/LGA Governance,,Mkuu wa Wilaya (DC),,,,,,"Mkuu wa Wilaya, Halmashauri ya Wilaya ya Meatu, Simiyu, Tanzania.",,ORODHA YA WASHIRIKI.xlsx,TAWALA ZA MIKOA,534,Provided invitation workbook / TAWALA ZA MIKOA row 534,,Imported from the provided invitation/stakeholder workbook; confirm mandate and contacts in System Settings before operational use.
agency,Ofisi ya Mkuu wa Mkoa wa Singida,,Government,Regional Administration,Regional secretariat / RC office,"Finance/Risk Financing, Regional/LGA Governance",,Mkuu wa Mkoa (RC),,,,,,"Mkuu wa Mkoa, Ofisi ya Mkuu wa Mkoa wa Singida, Singida, Tanzania.",,ORODHA YA WASHIRIKI.xlsx,TAWALA ZA MIKOA,538,Provided invitation workbook / TAWALA ZA MIKOA row 538,,Imported from the provided invitation/stakeholder workbook; confirm mandate and contacts in System Settings before operational use.
agency,Sekretarieti ya Mkoa wa Singida,,Government,Regional Administration,Regional secretariat / RC office,"Finance/Risk Financing, Regional/LGA Governance",,Katibu Tawala wa Mkoa (RAS),,,,,,"Katibu Tawala wa Mkoa, Sekretarieti ya Mkoa wa Singida, Singida, Tanzania.",,ORODHA YA WASHIRIKI.xlsx,TAWALA ZA MIKOA,539,Provided invitation workbook / TAWALA ZA MIKOA row 539,,Imported from the provided invitation/stakeholder workbook; confirm mandate and contacts in System Settings before operational use.
agency,Halmashauri ya Manispaa ya Singida,,Government,Local Government Authority,Council / LGA,Regional/LGA Governance,,Mkuu wa Wilaya (DC),,,,,,"Mkuu wa Wilaya, Halmashauri ya Manispaa ya Singida, Singida, Tanzania.",,ORODHA YA WASHIRIKI.xlsx,TAWALA ZA MIKOA,540,Provided invitation workbook / TAWALA ZA MIKOA row 540,,Imported from the provided invitation/stakeholder workbook; confirm mandate and contacts in System Settings before operational use.
agency,Halmashauri ya Wilaya ya Singida,,Government,Local Government Authority,Council / LGA,Regional/LGA Governance,,Mkuu wa Wilaya (DC),,,,,,"Mkuu wa Wilaya, Halmashauri ya Wilaya ya Singida, Singida, Tanzania.",,ORODHA YA WASHIRIKI.xlsx,TAWALA ZA MIKOA,543,Provided invitation workbook / TAWALA ZA MIKOA row 543,,Imported from the provided invitation/stakeholder workbook; confirm mandate and contacts in System Settings before operational use.
agency,Halmashauri ya Wilaya ya Ikungi,,Government,Local Government Authority,Council / LGA,Regional/LGA Governance,,Mkuu wa Wilaya (DC),,,,,,"Mkuu wa Wilaya, Halmashauri ya Wilaya ya Ikungi, Singida, Tanzania.",,ORODHA YA WASHIRIKI.xlsx,TAWALA ZA MIKOA,546,Provided invitation workbook / TAWALA ZA MIKOA row 546,,Imported from the provided invitation/stakeholder workbook; confirm mandate and contacts in System Settings before operational use.
agency,Halmashauri ya Wilaya ya Iramba,,Government,Local Government Authority,Council / LGA,Regional/LGA Governance,,Mkuu wa Wilaya (DC),,,,,,"Mkuu wa Wilaya, Halmashauri ya Wilaya ya Iramba, Singida, Tanzania.",,ORODHA YA WASHIRIKI.xlsx,TAWALA ZA MIKOA,549,Provided invitation workbook / TAWALA ZA MIKOA row 549,,Imported from the provided invitation/stakeholder workbook; confirm mandate and contacts in System Settings before operational use.
agency,Halmashauri ya Wilaya ya Manyoni,,Government,Local Government Authority,Council / LGA,Regional/LGA Governance,,Mkuu wa Wilaya (DC),,,,,,"Mkuu wa Wilaya, Halmashauri ya Wilaya ya Manyoni, Singida, Tanzania.",,ORODHA YA WASHIRIKI.xlsx,TAWALA ZA MIKOA,552,Provided invitation workbook / TAWALA ZA MIKOA row 552,,Imported from the provided invitation/stakeholder workbook; confirm mandate and contacts in System Settings before operational use.
agency,Halmashauri ya Wilaya ya Mkalama,,Government,Local Government Authority,Council / LGA,Regional/LGA Governance,,Mkuu wa Wilaya (DC),,,,,,"Mkuu wa Wilaya, Halmashauri ya Wilaya ya Mkalama, Singida, Tanzania.",,ORODHA YA WASHIRIKI.xlsx,TAWALA ZA MIKOA,555,Provided invitation workbook / TAWALA ZA MIKOA row 555,,Imported from the provided invitation/stakeholder workbook; confirm mandate and contacts in System Settings before operational use.
agency,Halmashauri ya Mji wa Itigi,,Government,Local Government Authority,Council / LGA,Regional/LGA Governance,,Mkuu wa Wilaya (DC),,,,,,"Mkuu wa Wilaya, Halmashauri ya Mji wa Itigi, Singida, Tanzania.",,ORODHA YA WASHIRIKI.xlsx,TAWALA ZA MIKOA,558,Provided invitation workbook / TAWALA ZA MIKOA row 558,,Imported from the provided invitation/stakeholder workbook; confirm mandate and contacts in System Settings before operational use.
agency,Ofisi ya Mkuu wa Mkoa wa Songwe,,Government,Regional Administration,Regional secretariat / RC office,"Finance/Risk Financing, Regional/LGA Governance",,Mkuu wa Mkoa (RC),,,,,,"Mkuu wa Mkoa, Ofisi ya Mkuu wa Mkoa wa Songwe, Songwe, Tanzania.",,ORODHA YA WASHIRIKI.xlsx,TAWALA ZA MIKOA,562,Provided invitation workbook / TAWALA ZA MIKOA row 562,,Imported from the provided invitation/stakeholder workbook; confirm mandate and contacts in System Settings before operational use.
agency,Sekretarieti ya Mkoa wa Songwe,,Government,Regional Administration,Regional secretariat / RC office,"Finance/Risk Financing, Regional/LGA Governance",,Katibu Tawala wa Mkoa (RAS),,,,,,"Katibu Tawala wa Mkoa, Sekretarieti ya Mkoa wa Songwe, Songwe, Tanzania.",,ORODHA YA WASHIRIKI.xlsx,TAWALA ZA MIKOA,563,Provided invitation workbook / TAWALA ZA MIKOA row 563,,Imported from the provided invitation/stakeholder workbook; confirm mandate and contacts in System Settings before operational use.
agency,Halmashauri ya Mji wa Vwawa,,Government,Local Government Authority,Council / LGA,Regional/LGA Governance,,Mkuu wa Wilaya (DC),,,,,,"Mkuu wa Wilaya, Halmashauri ya Mji wa Vwawa, Songwe, Tanzania.",,ORODHA YA WASHIRIKI.xlsx,TAWALA ZA MIKOA,564,Provided invitation workbook / TAWALA ZA MIKOA row 564,,Imported from the provided invitation/stakeholder workbook; confirm mandate and contacts in System Settings before operational use.
agency,Halmashauri ya Wilaya ya Mbozi,,Government,Local Government Authority,Council / LGA,Regional/LGA Governance,,Mkuu wa Wilaya (DC),,,,,,"Mkuu wa Wilaya, Halmashauri ya Wilaya ya Mbozi, Songwe, Tanzania.",,ORODHA YA WASHIRIKI.xlsx,TAWALA ZA MIKOA,567,Provided invitation workbook / TAWALA ZA MIKOA row 567,,Imported from the provided invitation/stakeholder workbook; confirm mandate and contacts in System Settings before operational use.
agency,Halmashauri ya Wilaya ya Ileje,,Government,Local Government Authority,Council / LGA,Regional/LGA Governance,,Mkuu wa Wilaya (DC),,,,,,"Mkuu wa Wilaya, Halmashauri ya Wilaya ya Ileje, Songwe, Tanzania.",,ORODHA YA WASHIRIKI.xlsx,TAWALA ZA MIKOA,570,Provided invitation workbook / TAWALA ZA MIKOA row 570,,Imported from the provided invitation/stakeholder workbook; confirm mandate and contacts in System Settings before operational use.
agency,Halmashauri ya Wilaya ya Momba,,Government,Local Government Authority,Council / LGA,Regional/LGA Governance,,Mkuu wa Wilaya (DC),,,,,,"Mkuu wa Wilaya, Halmashauri ya Wilaya ya Momba, Songwe, Tanzania.",,ORODHA YA WASHIRIKI.xlsx,TAWALA ZA MIKOA,573,Provided invitation workbook / TAWALA ZA MIKOA row 573,,Imported from the provided invitation/stakeholder workbook; confirm mandate and contacts in System Settings before operational use.
agency,Halmashauri ya Wilaya ya Songwe,,Government,Local Government Authority,Council / LGA,Regional/LGA Governance,,Mkuu wa Wilaya (DC),,,,,,"Mkuu wa Wilaya, Halmashauri ya Wilaya ya Songwe, Songwe, Tanzania.",,ORODHA YA WASHIRIKI.xlsx,TAWALA ZA MIKOA,576,Provided invitation workbook / TAWALA ZA MIKOA row 576,,Imported from the provided invitation/stakeholder workbook; confirm mandate and contacts in System Settings before operational use.
agency,Ofisi ya Mkuu wa Mkoa wa Tabora,,Government,Regional Administration,Regional secretariat / RC office,"Finance/Risk Financing, Regional/LGA Governance",,Mkuu wa Mkoa (RC),,,,,,"Mkuu wa Mkoa, Ofisi ya Mkuu wa Mkoa wa Tabora, Tabora, Tanzania.",,ORODHA YA WASHIRIKI.xlsx,TAWALA ZA MIKOA,580,Provided invitation workbook / TAWALA ZA MIKOA row 580,,Imported from the provided invitation/stakeholder workbook; confirm mandate and contacts in System Settings before operational use.
agency,Sekretarieti ya Mkoa wa Tabora,,Government,Regional Administration,Regional secretariat / RC office,"Finance/Risk Financing, Regional/LGA Governance",,Katibu Tawala wa Mkoa (RAS),,,,,,"Katibu Tawala wa Mkoa, Sekretarieti ya Mkoa wa Tabora, Tabora, Tanzania.",,ORODHA YA WASHIRIKI.xlsx,TAWALA ZA MIKOA,581,Provided invitation workbook / TAWALA ZA MIKOA row 581,,Imported from the provided invitation/stakeholder workbook; confirm mandate and contacts in System Settings before operational use.
agency,Halmashauri ya Manispaa ya Tabora,,Government,Local Government Authority,Council / LGA,Regional/LGA Governance,,Mkuu wa Wilaya (DC),,,,,,"Mkuu wa Wilaya, Halmashauri ya Manispaa ya Tabora, Tabora, Tanzania.",,ORODHA YA WASHIRIKI.xlsx,TAWALA ZA MIKOA,582,Provided invitation workbook / TAWALA ZA MIKOA row 582,,Imported from the provided invitation/stakeholder workbook; confirm mandate and contacts in System Settings before operational use.
agency,Halmashauri ya Wilaya ya Tabora (Uyui),,Government,Local Government Authority,Council / LGA,Regional/LGA Governance,,Mkuu wa Wilaya (DC),,,,,,"Mkuu wa Wilaya, Halmashauri ya Wilaya ya Tabora (Uyui), Tabora, Tanzania.",,ORODHA YA WASHIRIKI.xlsx,TAWALA ZA MIKOA,585,Provided invitation workbook / TAWALA ZA MIKOA row 585,,Imported from the provided invitation/stakeholder workbook; confirm mandate and contacts in System Settings before operational use.
agency,Halmashauri ya Wilaya ya Igunga,,Government,Local Government Authority,Council / LGA,Regional/LGA Governance,,Mkuu wa Wilaya (DC),,,,,,"Mkuu wa Wilaya, Halmashauri ya Wilaya ya Igunga, Tabora, Tanzania.",,ORODHA YA WASHIRIKI.xlsx,TAWALA ZA MIKOA,588,Provided invitation workbook / TAWALA ZA MIKOA row 588,,Imported from the provided invitation/stakeholder workbook; confirm mandate and contacts in System Settings before operational use.
agency,Halmashauri ya Wilaya ya Kaliua,,Government,Local Government Authority,Council / LGA,Regional/LGA Governance,,Mkuu wa Wilaya (DC),,,,,,"Mkuu wa Wilaya, Halmashauri ya Wilaya ya Kaliua, Tabora, Tanzania.",,ORODHA YA WASHIRIKI.xlsx,TAWALA ZA MIKOA,591,Provided invitation workbook / TAWALA ZA MIKOA row 591,,Imported from the provided invitation/stakeholder workbook; confirm mandate and contacts in System Settings before operational use.
agency,Halmashauri ya Wilaya ya Nzega,,Government,Local Government Authority,Council / LGA,Regional/LGA Governance,,Mkuu wa Wilaya (DC),,,,,,"Mkuu wa Wilaya, Halmashauri ya Wilaya ya Nzega, Tabora, Tanzania.",,ORODHA YA WASHIRIKI.xlsx,TAWALA ZA MIKOA,594,Provided invitation workbook / TAWALA ZA MIKOA row 594,,Imported from the provided invitation/stakeholder workbook; confirm mandate and contacts in System Settings before operational use.
agency,Halmashauri ya Mji wa Nzega,,Government,Local Government Authority,Council / LGA,Regional/LGA Governance,,Mkuu wa Wilaya (DC),,,,,,"Mkuu wa Wilaya, Halmashauri ya Mji wa Nzega, Tabora, Tanzania.",,ORODHA YA WASHIRIKI.xlsx,TAWALA ZA MIKOA,597,Provided invitation workbook / TAWALA ZA MIKOA row 597,,Imported from the provided invitation/stakeholder workbook; confirm mandate and contacts in System Settings before operational use.
agency,Halmashauri ya Wilaya ya Sikonge,,Government,Local Government Authority,Council / LGA,Regional/LGA Governance,,Mkuu wa Wilaya (DC),,,,,,"Mkuu wa Wilaya, Halmashauri ya Wilaya ya Sikonge, Tabora, Tanzania.",,ORODHA YA WASHIRIKI.xlsx,TAWALA ZA MIKOA,600,Provided invitation workbook / TAWALA ZA MIKOA row 600,,Imported from the provided invitation/stakeholder workbook; confirm mandate and contacts in System Settings before operational use.
agency,Halmashauri ya Wilaya ya Urambo,,Government,Local Government Authority,Council / LGA,Regional/LGA Governance,,Mkuu wa Wilaya (DC),,,,,,"Mkuu wa Wilaya, Halmashauri ya Wilaya ya Urambo, Tabora, Tanzania.",,ORODHA YA WASHIRIKI.xlsx,TAWALA ZA MIKOA,603,Provided invitation workbook / TAWALA ZA MIKOA row 603,,Imported from the provided invitation/stakeholder workbook; confirm mandate and contacts in System Settings before operational use.
agency,Ofisi ya Mkuu wa Mkoa wa Tanga,,Government,Regional Administration,Regional secretariat / RC office,"Finance/Risk Financing, Regional/LGA Governance",,Mkuu wa Mkoa (RC),,,,,,"Mkuu wa Mkoa, Ofisi ya Mkuu wa Mkoa wa Tanga, Tanga, Tanzania.",,ORODHA YA WASHIRIKI.xlsx,TAWALA ZA MIKOA,607,Provided invitation workbook / TAWALA ZA MIKOA row 607,,Imported from the provided invitation/stakeholder workbook; confirm mandate and contacts in System Settings before operational use.
agency,Sekretarieti ya Mkoa wa Tanga,,Government,Regional Administration,Regional secretariat / RC office,"Finance/Risk Financing, Regional/LGA Governance",,Katibu Tawala wa Mkoa (RAS),,,,,,"Katibu Tawala wa Mkoa, Sekretarieti ya Mkoa wa Tanga, Tanga, Tanzania.",,ORODHA YA WASHIRIKI.xlsx,TAWALA ZA MIKOA,608,Provided invitation workbook / TAWALA ZA MIKOA row 608,,Imported from the provided invitation/stakeholder workbook; confirm mandate and contacts in System Settings before operational use.
agency,Halmashauri ya Jiji la Tanga,,Government,Local Government Authority,Council / LGA,Regional/LGA Governance,,Mkuu wa Wilaya (DC),,,,,,"Mkuu wa Wilaya, Halmashauri ya Jiji la Tanga, Tanga, Tanzania.",,ORODHA YA WASHIRIKI.xlsx,TAWALA ZA MIKOA,609,Provided invitation workbook / TAWALA ZA MIKOA row 609,,Imported from the provided invitation/stakeholder workbook; confirm mandate and contacts in System Settings before operational use.
agency,Halmashauri ya Wilaya ya Handeni,,Government,Local Government Authority,Council / LGA,Regional/LGA Governance,,Mkuu wa Wilaya (DC),,,,,,"Mkuu wa Wilaya, Halmashauri ya Wilaya ya Handeni, Tanga, Tanzania.",,ORODHA YA WASHIRIKI.xlsx,TAWALA ZA MIKOA,612,Provided invitation workbook / TAWALA ZA MIKOA row 612,,Imported from the provided invitation/stakeholder workbook; confirm mandate and contacts in System Settings before operational use.
agency,Halmashauri ya Mji wa Handeni,,Government,Local Government Authority,Council / LGA,Regional/LGA Governance,,Mkuu wa Wilaya (DC),,,,,,"Mkuu wa Wilaya, Halmashauri ya Mji wa Handeni, Tanga, Tanzania.",,ORODHA YA WASHIRIKI.xlsx,TAWALA ZA MIKOA,615,Provided invitation workbook / TAWALA ZA MIKOA row 615,,Imported from the provided invitation/stakeholder workbook; confirm mandate and contacts in System Settings before operational use.
agency,Halmashauri ya Wilaya ya Kilindi,,Government,Local Government Authority,Council / LGA,Regional/LGA Governance,,Mkuu wa Wilaya (DC),,,,,,"Mkuu wa Wilaya, Halmashauri ya Wilaya ya Kilindi, Tanga, Tanzania.",,ORODHA YA WASHIRIKI.xlsx,TAWALA ZA MIKOA,618,Provided invitation workbook / TAWALA ZA MIKOA row 618,,Imported from the provided invitation/stakeholder workbook; confirm mandate and contacts in System Settings before operational use.
agency,Halmashauri ya Wilaya ya Korogwe,,Government,Local Government Authority,Council / LGA,Regional/LGA Governance,,Mkuu wa Wilaya (DC),,,,,,"Mkuu wa Wilaya, Halmashauri ya Wilaya ya Korogwe, Tanga, Tanzania.",,ORODHA YA WASHIRIKI.xlsx,TAWALA ZA MIKOA,621,Provided invitation workbook / TAWALA ZA MIKOA row 621,,Imported from the provided invitation/stakeholder workbook; confirm mandate and contacts in System Settings before operational use.
agency,Halmashauri ya Mji wa Korogwe,,Government,Local Government Authority,Council / LGA,Regional/LGA Governance,,Mkuu wa Wilaya (DC),,,,,,"Mkuu wa Wilaya, Halmashauri ya Mji wa Korogwe, Tanga, Tanzania.",,ORODHA YA WASHIRIKI.xlsx,TAWALA ZA MIKOA,624,Provided invitation workbook / TAWALA ZA MIKOA row 624,,Imported from the provided invitation/stakeholder workbook; confirm mandate and contacts in System Settings before operational use.
agency,Halmashauri ya Wilaya ya Lushoto,,Government,Local Government Authority,Council / LGA,Regional/LGA Governance,,Mkuu wa Wilaya (DC),,,,,,"Mkuu wa Wilaya, Halmashauri ya Wilaya ya Lushoto, Tanga, Tanzania.",,ORODHA YA WASHIRIKI.xlsx,TAWALA ZA MIKOA,627,Provided invitation workbook / TAWALA ZA MIKOA row 627,,Imported from the provided invitation/stakeholder workbook; confirm mandate and contacts in System Settings before operational use.
agency,Halmashauri ya Wilaya ya Mkinga,,Government,Local Government Authority,Council / LGA,Regional/LGA Governance,,Mkuu wa Wilaya (DC),,,,,,"Mkuu wa Wilaya, Halmashauri ya Wilaya ya Mkinga, Tanga, Tanzania.",,ORODHA YA WASHIRIKI.xlsx,TAWALA ZA MIKOA,630,Provided invitation workbook / TAWALA ZA MIKOA row 630,,Imported from the provided invitation/stakeholder workbook; confirm mandate and contacts in System Settings before operational use.
agency,Halmashauri ya Wilaya ya Muheza,,Government,Local Government Authority,Council / LGA,Regional/LGA Governance,,Mkuu wa Wilaya (DC),,,,,,"Mkuu wa Wilaya, Halmashauri ya Wilaya ya Muheza, Tanga, Tanzania.",,ORODHA YA WASHIRIKI.xlsx,TAWALA ZA MIKOA,633,Provided invitation workbook / TAWALA ZA MIKOA row 633,,Imported from the provided invitation/stakeholder workbook; confirm mandate and contacts in System Settings before operational use.
agency,Halmashauri ya Wilaya ya Pangani,,Government,Local Government Authority,Council / LGA,Regional/LGA Governance,,Mkuu wa Wilaya (DC),,,,,,"Mkuu wa Wilaya, Halmashauri ya Wilaya ya Pangani, Tanga, Tanzania.",,ORODHA YA WASHIRIKI.xlsx,TAWALA ZA MIKOA,636,Provided invitation workbook / TAWALA ZA MIKOA row 636,,Imported from the provided invitation/stakeholder workbook; confirm mandate and contacts in System Settings before operational use.
agency,Halmashauri ya Wilaya ya Bumbuli,,Government,Local Government Authority,Council / LGA,Regional/LGA Governance,,Mkuu wa Wilaya (DC),,,,,,"Mkuu wa Wilaya, Halmashauri ya Wilaya ya Bumbuli, Tanga, Tanzania.",,ORODHA YA WASHIRIKI.xlsx,TAWALA ZA MIKOA,639,Provided invitation workbook / TAWALA ZA MIKOA row 639,,Imported from the provided invitation/stakeholder workbook; confirm mandate and contacts in System Settings before operational use.
stakeholder,UVCCM,,Community,Community / Civic Group,Mobilisation group,Social Protection/Special Groups,,Mratibu,,,,,,"Mratibu, UVCCM (Umoja wa Vijana wa CCM) Makao Makuu - Dodoma, Tanzania.",,ORODHA YA WASHIRIKI.xlsx,WADAU WENGINE,3,Provided invitation workbook / WADAU WENGINE row 3,,Imported from the provided invitation/stakeholder workbook; confirm mandate and contacts in System Settings before operational use.
stakeholder,Vijana wa Hamasa,,Community,Community / Civic Group,Mobilisation group,Social Protection/Special Groups,,Mratibu,,,,,,"Mratibu, Vijana wa Hamasa Dodoma, Tanzania.",,ORODHA YA WASHIRIKI.xlsx,WADAU WENGINE,4,Provided invitation workbook / WADAU WENGINE row 4,,Imported from the provided invitation/stakeholder workbook; confirm mandate and contacts in System Settings before operational use.
stakeholder,Wanachuo,,Community,Community / Civic Group,Mobilisation group,"Education/Research, Social Protection/Special Groups",,Mwakilishi,,,,,,"Mwakilishi, Wanachuo wa Vyuo Vikuu na Vyuo vya Elimu Dodoma, Tanzania.",,ORODHA YA WASHIRIKI.xlsx,WADAU WENGINE,5,Provided invitation workbook / WADAU WENGINE row 5,,Imported from the provided invitation/stakeholder workbook; confirm mandate and contacts in System Settings before operational use.
stakeholder,Wakina Mama wa Samia,,Community,Community / Civic Group,Mobilisation group,Social Protection/Special Groups,,Mratibu,,,,,,"Mratibu, Wakina Mama wa Samia Dodoma, Tanzania.",,ORODHA YA WASHIRIKI.xlsx,WADAU WENGINE,6,Provided invitation workbook / WADAU WENGINE row 6,,Imported from the provided invitation/stakeholder workbook; confirm mandate and contacts in System Settings before operational use.
stakeholder,JKT (Jeshi la Kujenga Taifa),,Community,Community / Civic Group,Mobilisation group,"Security/Response, Social Protection/Special Groups",,Kamanda,,,,,,"Kamanda, JKT - Jeshi la Kujenga Taifa Makao Makuu, Dodoma, Tanzania.",,ORODHA YA WASHIRIKI.xlsx,WADAU WENGINE,7,Provided invitation workbook / WADAU WENGINE row 7,,Imported from the provided invitation/stakeholder workbook; confirm mandate and contacts in System Settings before operational use.
stakeholder,Mama Lishe,,Community,Community / Civic Group,Mobilisation group,Social Protection/Special Groups,,Mwakilishi,,,,,,"Mwakilishi, Umoja wa Mama Lishe Dodoma, Tanzania.",,ORODHA YA WASHIRIKI.xlsx,WADAU WENGINE,8,Provided invitation workbook / WADAU WENGINE row 8,,Imported from the provided invitation/stakeholder workbook; confirm mandate and contacts in System Settings before operational use.
stakeholder,Wengineo (Wadau Wengine),,Community,Community / Civic Group,Mobilisation group,Social Protection/Special Groups,,Mwakilishi,,,,,,"Mwakilishi, Wadau Wengine Dodoma, Tanzania.",,ORODHA YA WASHIRIKI.xlsx,WADAU WENGINE,9,Provided invitation workbook / WADAU WENGINE row 9,,Imported from the provided invitation/stakeholder workbook; confirm mandate and contacts in System Settings before operational use.
stakeholder,WFP Tanzania,,NGO,NGO / Development Partner,Invitation list,Humanitarian/DRR,,Country Representative,,,,,Dar Es Salaam,P.O. Box 77778,,ORODHA YA WASHIRIKI.xlsx,Mialiko - NGO & Wadau,3,Provided invitation workbook / Mialiko - NGO & Wadau row 3,,Imported from the provided invitation/stakeholder workbook; confirm mandate and contacts in System Settings before operational use.
stakeholder,WHO Tanzania,,NGO,NGO / Development Partner,Invitation list,Health,,Country Representative,,,,,Dar Es Salaam,P.O. Box 9292,,ORODHA YA WASHIRIKI.xlsx,Mialiko - NGO & Wadau,4,Provided invitation workbook / Mialiko - NGO & Wadau row 4,,Imported from the provided invitation/stakeholder workbook; confirm mandate and contacts in System Settings before operational use.
stakeholder,FAO Tanzania,,NGO,NGO / Development Partner,Invitation list,Agriculture/Food Security,,Country Representative,,,,,Dar Es Salaam,P.O. Box 2,,ORODHA YA WASHIRIKI.xlsx,Mialiko - NGO & Wadau,5,Provided invitation workbook / Mialiko - NGO & Wadau row 5,,Imported from the provided invitation/stakeholder workbook; confirm mandate and contacts in System Settings before operational use.
stakeholder,UNICEF Tanzania,,NGO,NGO / Development Partner,Invitation list,Humanitarian/DRR,,Country Representative,,,,,Dar Es Salaam,P.O. Box 4076,,ORODHA YA WASHIRIKI.xlsx,Mialiko - NGO & Wadau,6,Provided invitation workbook / Mialiko - NGO & Wadau row 6,,Imported from the provided invitation/stakeholder workbook; confirm mandate and contacts in System Settings before operational use.
stakeholder,UNHCR Tanzania,,NGO,NGO / Development Partner,Invitation list,Humanitarian/DRR,,Country Representative,,,,,Dar Es Salaam,P.O. Box 9182,,ORODHA YA WASHIRIKI.xlsx,Mialiko - NGO & Wadau,7,Provided invitation workbook / Mialiko - NGO & Wadau row 7,,Imported from the provided invitation/stakeholder workbook; confirm mandate and contacts in System Settings before operational use.
stakeholder,UNFPA Tanzania,,NGO,NGO / Development Partner,Invitation list,Humanitarian/DRR,,Country Representative,,,,,Dar Es Salaam,"Plot 11 Barack Obama Road, Sea View P.O. Box 9182",,ORODHA YA WASHIRIKI.xlsx,Mialiko - NGO & Wadau,9,Provided invitation workbook / Mialiko - NGO & Wadau row 9,,Imported from the provided invitation/stakeholder workbook; confirm mandate and contacts in System Settings before operational use.
stakeholder,UNESCO,,NGO,NGO / Development Partner,Invitation list,Humanitarian/DRR,,Country Representative,,,,,Dar Es Salaam,"59 Mtwara Crescent,, Oysterbay P.O. Box 31473",,ORODHA YA WASHIRIKI.xlsx,Mialiko - NGO & Wadau,10,Provided invitation workbook / Mialiko - NGO & Wadau row 10,,Imported from the provided invitation/stakeholder workbook; confirm mandate and contacts in System Settings before operational use.
stakeholder,UNV Tanzania,,NGO,NGO / Development Partner,Invitation list,Humanitarian/DRR,,Country Coordinator,,,,,Dar Es Salaam,"182 Mzinga Way, Oysterbay P.O. Box 9182",,ORODHA YA WASHIRIKI.xlsx,Mialiko - NGO & Wadau,11,Provided invitation workbook / Mialiko - NGO & Wadau row 11,,Imported from the provided invitation/stakeholder workbook; confirm mandate and contacts in System Settings before operational use.
stakeholder,Medecins Sans Frontieres (MSF),MSF,NGO,NGO / Development Partner,Invitation list,"Health, Education/Research",,Director,,,,,Dar Es Salaam,"Plot 1736 Kahama, Hamza Aziz Street, Kahama Rd",,ORODHA YA WASHIRIKI.xlsx,Mialiko - NGO & Wadau,15,Provided invitation workbook / Mialiko - NGO & Wadau row 15,,Imported from the provided invitation/stakeholder workbook; confirm mandate and contacts in System Settings before operational use.
stakeholder,MDH,,NGO,NGO / Development Partner,Invitation list,Humanitarian/DRR,,Director,,,,,Dar Es Salaam,P.O. Box 79810,,ORODHA YA WASHIRIKI.xlsx,Mialiko - NGO & Wadau,20,Provided invitation workbook / Mialiko - NGO & Wadau row 20,,Imported from the provided invitation/stakeholder workbook; confirm mandate and contacts in System Settings before operational use.
stakeholder,CHAI,,NGO,NGO / Development Partner,Invitation list,Humanitarian/DRR,,Country Representative,,,,,Dar Es Salaam,,,ORODHA YA WASHIRIKI.xlsx,Mialiko - NGO & Wadau,22,Provided invitation workbook / Mialiko - NGO & Wadau row 22,,Imported from the provided invitation/stakeholder workbook; confirm mandate and contacts in System Settings before operational use.
stakeholder,FCDO,,NGO,NGO / Development Partner,Invitation list,Humanitarian/DRR,,Director of Development,,,,,Dar Es Salaam,P.O. Box 9200,,ORODHA YA WASHIRIKI.xlsx,Mialiko - NGO & Wadau,26,Provided invitation workbook / Mialiko - NGO & Wadau row 26,,Imported from the provided invitation/stakeholder workbook; confirm mandate and contacts in System Settings before operational use.
stakeholder,WMO,,NGO,NGO / Development Partner,Invitation list,Humanitarian/DRR,,Country Representative,,,,,Dar Es Salaam,,,ORODHA YA WASHIRIKI.xlsx,Mialiko - NGO & Wadau,27,Provided invitation workbook / Mialiko - NGO & Wadau row 27,,Imported from the provided invitation/stakeholder workbook; confirm mandate and contacts in System Settings before operational use.
stakeholder,UN Women,,NGO,NGO / Development Partner,Invitation list,Social Protection/Special Groups,,Country Representative,,,,,Dar Es Salaam,"Plot 1658, Rufiji Street, Masaki P.O. Box 2666",,ORODHA YA WASHIRIKI.xlsx,Mialiko - NGO & Wadau,32,Provided invitation workbook / Mialiko - NGO & Wadau row 32,,Imported from the provided invitation/stakeholder workbook; confirm mandate and contacts in System Settings before operational use.
stakeholder,International Labour Organization (ILO),ILO,NGO,NGO / Development Partner,Invitation list,Social Protection/Special Groups,,Country Representative,,,,,Dar Es Salaam,P.O. Box 9212,,ORODHA YA WASHIRIKI.xlsx,Mialiko - NGO & Wadau,33,Provided invitation workbook / Mialiko - NGO & Wadau row 33,,Imported from the provided invitation/stakeholder workbook; confirm mandate and contacts in System Settings before operational use.
stakeholder,SDC,,NGO,NGO / Development Partner,Invitation list,Humanitarian/DRR,,Country Representative,,,,,Dar Es Salaam,P.O. Box 2454,,ORODHA YA WASHIRIKI.xlsx,Mialiko - NGO & Wadau,37,Provided invitation workbook / Mialiko - NGO & Wadau row 37,,Imported from the provided invitation/stakeholder workbook; confirm mandate and contacts in System Settings before operational use.
stakeholder,AFDB Tanzania,,NGO,NGO / Development Partner,Invitation list,Humanitarian/DRR,,Country Representative,,,,,Dar Es Salaam,P.O. Box 6024,,ORODHA YA WASHIRIKI.xlsx,Mialiko - NGO & Wadau,41,Provided invitation workbook / Mialiko - NGO & Wadau row 41,,Imported from the provided invitation/stakeholder workbook; confirm mandate and contacts in System Settings before operational use.
stakeholder,Tanzania Red Cross Society,,NGO,NGO / Development Partner,Invitation list,Health,,Country Representative,,,,,Dar Es Salaam,"Mwai Kibaki Road, Plot 53, Mikocheni B P.O. Box 1133",,ORODHA YA WASHIRIKI.xlsx,Mialiko - NGO & Wadau,43,Provided invitation workbook / Mialiko - NGO & Wadau row 43,,Imported from the provided invitation/stakeholder workbook; confirm mandate and contacts in System Settings before operational use.
stakeholder,Tanganyika Christian Refugee Service (TCRS),TCRS,NGO,NGO / Development Partner,Invitation list,Humanitarian/DRR,,Country Representative,,,,,Dar Es Salaam,"Plot 436, Mwai Kibaki Road, Mikocheni A P.O. Box 3955",,ORODHA YA WASHIRIKI.xlsx,Mialiko - NGO & Wadau,44,Provided invitation workbook / Mialiko - NGO & Wadau row 44,,Imported from the provided invitation/stakeholder workbook; confirm mandate and contacts in System Settings before operational use.
stakeholder,Christian Council of Tanzania (CCT),CCT,NGO,NGO / Development Partner,Invitation list,Humanitarian/DRR,,General Secretary,,,,,Dodoma,"Church House, Hospital Road P.O. Box 1454",,ORODHA YA WASHIRIKI.xlsx,Mialiko - NGO & Wadau,45,Provided invitation workbook / Mialiko - NGO & Wadau row 45,,Imported from the provided invitation/stakeholder workbook; confirm mandate and contacts in System Settings before operational use.
stakeholder,Women Action Towards Economic Development (WATED),WATED,NGO,NGO / Development Partner,Invitation list,Social Protection/Special Groups,,Executive Director,,,,,Dar Es Salaam,,,ORODHA YA WASHIRIKI.xlsx,Mialiko - NGO & Wadau,47,Provided invitation workbook / Mialiko - NGO & Wadau row 47,,Imported from the provided invitation/stakeholder workbook; confirm mandate and contacts in System Settings before operational use.
stakeholder,TGNP Mtandao,,NGO,NGO / Development Partner,Invitation list,Humanitarian/DRR,,Coordinator,,,,,Dar Es Salaam,P.O. Box 8921,,ORODHA YA WASHIRIKI.xlsx,Mialiko - NGO & Wadau,57,Provided invitation workbook / Mialiko - NGO & Wadau row 57,,Imported from the provided invitation/stakeholder workbook; confirm mandate and contacts in System Settings before operational use.
stakeholder,HakiArdhi Tanzania,,NGO,NGO / Development Partner,Invitation list,Land Use/Urban Planning,,Executive Director,,,,,Dar Es Salaam,P.O. Box 75885,,ORODHA YA WASHIRIKI.xlsx,Mialiko - NGO & Wadau,62,Provided invitation workbook / Mialiko - NGO & Wadau row 62,,Imported from the provided invitation/stakeholder workbook; confirm mandate and contacts in System Settings before operational use.
stakeholder,Climate Action Network (CAN) Tanzania,CAN,NGO,NGO / Development Partner,Invitation list,Weather/Climate,,Executive Director,,,,,Dar Es Salaam,P.O. Box 32900,,ORODHA YA WASHIRIKI.xlsx,Mialiko - NGO & Wadau,64,Provided invitation workbook / Mialiko - NGO & Wadau row 64,,Imported from the provided invitation/stakeholder workbook; confirm mandate and contacts in System Settings before operational use.
stakeholder,55,,NGO,NGO / Development Partner,Invitation list,Humanitarian/DRR,,WENYE S.L.P (P.O. Box),,,,,,,,ORODHA YA WASHIRIKI.xlsx,Mialiko - NGO & Wadau,69,Provided invitation workbook / Mialiko - NGO & Wadau row 69,,Imported from the provided invitation/stakeholder workbook; confirm mandate and contacts in System Settings before operational use.
stakeholder,TIGO/ YAS Tanzania,,Private,Private Sector,Invitation list,Trade/Industry/Private Sector,,Mkurugenzi Mkuu,,,,,DAR ES SALAAM,P.O. Box 2929,,ORODHA YA WASHIRIKI.xlsx,Mialiko - Sekta Binafsi,12,Provided invitation workbook / Mialiko - Sekta Binafsi row 12,,Imported from the provided invitation/stakeholder workbook; confirm mandate and contacts in System Settings before operational use.
stakeholder,CRDB Bank,,Private,Private Sector,Invitation list,"Finance/Risk Financing, Trade/Industry/Private Sector",,Mkurugenzi Mkuu,,,,,DAR ES SALAAM,Azikiwe Street/ Ali Hassan Mwinyi Road P.O. Box 268,,ORODHA YA WASHIRIKI.xlsx,Mialiko - Sekta Binafsi,14,Provided invitation workbook / Mialiko - Sekta Binafsi row 14,,Imported from the provided invitation/stakeholder workbook; confirm mandate and contacts in System Settings before operational use.
stakeholder,NMB Bank,,Private,Private Sector,Invitation list,"Finance/Risk Financing, Trade/Industry/Private Sector",,Mkurugenzi Mkuu,,,,,DAR ES SALAAM,P.O. Box 9213,,ORODHA YA WASHIRIKI.xlsx,Mialiko - Sekta Binafsi,15,Provided invitation workbook / Mialiko - Sekta Binafsi row 15,,Imported from the provided invitation/stakeholder workbook; confirm mandate and contacts in System Settings before operational use.
stakeholder,NBC Bank,,Private,Private Sector,Invitation list,"Finance/Risk Financing, Trade/Industry/Private Sector",,Mkurugenzi Mkuu,,,,,DAR ES SALAAM,Sokoine Drive/ Azikiwe Street P.O. Box 1863,,ORODHA YA WASHIRIKI.xlsx,Mialiko - Sekta Binafsi,16,Provided invitation workbook / Mialiko - Sekta Binafsi row 16,,Imported from the provided invitation/stakeholder workbook; confirm mandate and contacts in System Settings before operational use.
stakeholder,TPB Bank (Tanzania Posta Bank),,Private,Private Sector,Invitation list,"Finance/Risk Financing, Trade/Industry/Private Sector",,Mkurugenzi Mkuu,,,,,DAR ES SALAAM,"TPB House, Maktaba Street P.O. Box 9300",,ORODHA YA WASHIRIKI.xlsx,Mialiko - Sekta Binafsi,26,Provided invitation workbook / Mialiko - Sekta Binafsi row 26,,Imported from the provided invitation/stakeholder workbook; confirm mandate and contacts in System Settings before operational use.
stakeholder,I & M Bank Tanzania,,Private,Private Sector,Invitation list,"Finance/Risk Financing, Trade/Industry/Private Sector",,Mkurugenzi Mkuu,,,,,DAR ES SALAAM,"Maktaba Square, Maktaba Street P.O. Box 1509",,ORODHA YA WASHIRIKI.xlsx,Mialiko - Sekta Binafsi,35,Provided invitation workbook / Mialiko - Sekta Binafsi row 35,,Imported from the provided invitation/stakeholder workbook; confirm mandate and contacts in System Settings before operational use.
stakeholder,Women Action Towards Economic Development,,Private,Private Sector,Invitation list,"Social Protection/Special Groups, Trade/Industry/Private Sector",,Mkurugenzi Mkuu,,,,,DAR ES SALAAM,,,ORODHA YA WASHIRIKI.xlsx,Mialiko - Sekta Binafsi,37,Provided invitation workbook / Mialiko - Sekta Binafsi row 37,,Imported from the provided invitation/stakeholder workbook; confirm mandate and contacts in System Settings before operational use.
stakeholder,Profile Development Initiatives,,Private,Private Sector,Invitation list,Trade/Industry/Private Sector,,Mkurugenzi Mkuu,,,,,DODOMA,P.O. Box 1228,,ORODHA YA WASHIRIKI.xlsx,Mialiko - Sekta Binafsi,38,Provided invitation workbook / Mialiko - Sekta Binafsi row 38,,Imported from the provided invitation/stakeholder workbook; confirm mandate and contacts in System Settings before operational use.
stakeholder,35,,Private,Private Sector,Invitation list,Trade/Industry/Private Sector,,WENYE S.L.P (P.O. Box),,,,,,,,ORODHA YA WASHIRIKI.xlsx,Mialiko - Sekta Binafsi,41,Provided invitation workbook / Mialiko - Sekta Binafsi row 41,,Imported from the provided invitation/stakeholder workbook; confirm mandate and contacts in System Settings before operational use.
stakeholder,Baraza la Kikristo Tanzania - CCT,,NGO,Faith-Based Organization,Invitation list,Cross-sector DRR,,Mwenyekiti,,,,,DODOMA,P.O. Box 1454,,ORODHA YA WASHIRIKI.xlsx,Mialiko - Taasisi za Kidini,3,Provided invitation workbook / Mialiko - Taasisi za Kidini row 3,,Imported from the provided invitation/stakeholder workbook; confirm mandate and contacts in System Settings before operational use.
stakeholder,Jimbo Kuu la Katoliki la Dar es Salaam,,NGO,Faith-Based Organization,Invitation list,Cross-sector DRR,,Askofu Mkuu,,,,,DAR ES SALAAM,P.O. Box 167,,ORODHA YA WASHIRIKI.xlsx,Mialiko - Taasisi za Kidini,4,Provided invitation workbook / Mialiko - Taasisi za Kidini row 4,,Imported from the provided invitation/stakeholder workbook; confirm mandate and contacts in System Settings before operational use.
stakeholder,Baraza la Maaskofu Katoliki Tanzania (TEC),TEC,NGO,Faith-Based Organization,Invitation list,Cross-sector DRR,,Katibu Mkuu,,,,,DAR ES SALAAM,P.O. Box 2133,,ORODHA YA WASHIRIKI.xlsx,Mialiko - Taasisi za Kidini,8,Provided invitation workbook / Mialiko - Taasisi za Kidini row 8,,Imported from the provided invitation/stakeholder workbook; confirm mandate and contacts in System Settings before operational use.
stakeholder,Kanisa la Kiinjili la Kilutheri Tanzania (KKKT),KKKT,NGO,Faith-Based Organization,Invitation list,Cross-sector DRR,,Katibu Mkuu,,,,,ARUSHA,P.O. Box 3033,,ORODHA YA WASHIRIKI.xlsx,Mialiko - Taasisi za Kidini,9,Provided invitation workbook / Mialiko - Taasisi za Kidini row 9,,Imported from the provided invitation/stakeholder workbook; confirm mandate and contacts in System Settings before operational use.
stakeholder,Kanisa la Anglikana Tanzania (ACT),ACT,NGO,Faith-Based Organization,Invitation list,Cross-sector DRR,,Katibu Mkuu,,,,,DODOMA,P.O. Box 899,,ORODHA YA WASHIRIKI.xlsx,Mialiko - Taasisi za Kidini,10,Provided invitation workbook / Mialiko - Taasisi za Kidini row 10,,Imported from the provided invitation/stakeholder workbook; confirm mandate and contacts in System Settings before operational use.
stakeholder,7,,NGO,Faith-Based Organization,Invitation list,Cross-sector DRR,,WENYE S.L.P (P.O. Box),,,,,,,,ORODHA YA WASHIRIKI.xlsx,Mialiko - Taasisi za Kidini,13,Provided invitation workbook / Mialiko - Taasisi za Kidini row 13,,Imported from the provided invitation/stakeholder workbook; confirm mandate and contacts in System Settings before operational use.
agency,Chuo Kikuu cha Kilimo cha Sokoine (SUA),SUA,Government,Academic and Research Institution,Invitation list,"Agriculture/Food Security, Education/Research",,Makamu Mkuu wa Chuo Kikuu,,,,,,3000 P.O. Box MOROGORO,,ORODHA YA WASHIRIKI.xlsx,Mialiko - Vyuo,3,Provided invitation workbook / Mialiko - Vyuo row 3,,Imported from the provided invitation/stakeholder workbook; confirm mandate and contacts in System Settings before operational use.
agency,Chuo Kikuu cha Afya na Sayansi Shirikishi Muhimbili (MUHAS),MUHAS,Government,Academic and Research Institution,Invitation list,"Health, Education/Research",,Makamu Mkuu wa Chuo,,,,,,65001 P.O. Box DAR ES SALAAM,,ORODHA YA WASHIRIKI.xlsx,Mialiko - Vyuo,7,Provided invitation workbook / Mialiko - Vyuo row 7,,Imported from the provided invitation/stakeholder workbook; confirm mandate and contacts in System Settings before operational use.
agency,Mamlaka ya Mafunzo ya Ufundi Stadi - (VETA),VETA,Government,Academic and Research Institution,Invitation list,Education/Research,,Mkurugenzi Mkuu,,,,,,802 P.O. Box DODOMA,,ORODHA YA WASHIRIKI.xlsx,Mialiko - Vyuo,12,Provided invitation workbook / Mialiko - Vyuo row 12,,Imported from the provided invitation/stakeholder workbook; confirm mandate and contacts in System Settings before operational use.
agency,Taasisi ya Usimamizi wa Fedha - IFM,,Government,Academic and Research Institution,Invitation list,"Education/Research, Finance/Risk Financing",,Mkuu wa Chuo,,,,,,3918 P.O. Box DAR ES SALAAM,,ORODHA YA WASHIRIKI.xlsx,Mialiko - Vyuo,18,Provided invitation workbook / Mialiko - Vyuo row 18,,Imported from the provided invitation/stakeholder workbook; confirm mandate and contacts in System Settings before operational use.
agency,Prime Minister's Office-Disaster Management Department,,Government,Government Institution,Department / agency / authority,Disaster Management Coordination,Maj Gen Michael Mumanga,"Director, Disaster Management, Prime Minister's Office",ps@pmo.go.tz,(+255) 262322480,,,Dodoma,"Permanent Secretary, Prime Minister's Office Government City, Dodoma. P. O. Box 980, 40412 Tanzania",https://www.pmo.go.tz,FINAL_DRR_Stakeholders_DATABASE_01092022 (2).xlsx, Departments and Agencies,4,Provided DRR stakeholder database / Departments and Agencies row 4,,Imported from the provided DRR stakeholder database; confirm mandate and contacts in System Settings before operational use.
agency,Tanzania Communication Regulatory Authority,,Government,Government Institution,Department / agency / authority,Communication/Media,Dr. Jabiri Kuwe Bakari (Director General),Director General,"dg@tcra.go.tz , barua@tcra.go.tz",(255)222199760,,,Dar es salaam,"Mawasiliano Towers, 20 Sam Nujoma Road, P.O. Box 474, 14414 Dar es Salaam",https://www.tcra.go.tz,FINAL_DRR_Stakeholders_DATABASE_01092022 (2).xlsx, Departments and Agencies,5,Provided DRR stakeholder database / Departments and Agencies row 5,,Imported from the provided DRR stakeholder database; confirm mandate and contacts in System Settings before operational use.
agency,Tanzania Meteorological Authority,,Government,Government Institution,Department / agency / authority,Weather/Climate,Dr. Agnes Kijazi (Director General),Director General,met@meteo.go.tz,(255)222460706-8,,,Dar es Salaam,"Morogoro Road, Ubungo Plaza Third Floor, P.O.Box 3056, 16102 Dar es Salaam",https://www.meteo.go.tz,FINAL_DRR_Stakeholders_DATABASE_01092022 (2).xlsx, Departments and Agencies,6,Provided DRR stakeholder database / Departments and Agencies row 6,,Imported from the provided DRR stakeholder database; confirm mandate and contacts in System Settings before operational use.
agency,Tanzania Ports Authority,,Government,Government Institution,Department / agency / authority,Infrastructure/Transport,,,dg@ports.go.tz,(255)221104011-5,,,Dar es salaam,"Bandari Tower- one Stop Centre. Plot No. 1/2, Sokoine Drive. P.O. Box 9184, 11105. Dar es salaam, Tanzania.",www.ports.go.tz,FINAL_DRR_Stakeholders_DATABASE_01092022 (2).xlsx, Departments and Agencies,7,Provided DRR stakeholder database / Departments and Agencies row 7,,Imported from the provided DRR stakeholder database; confirm mandate and contacts in System Settings before operational use.
agency,Tanzania Shipping Agencies Corporation (TASAC),TASAC,Government,Government Institution,Department / agency / authority,Cross-sector DRR,,,info@tasac.go.tz,(255) 22 2127313,,,Dar es salaam,"PSSSF Tower Building 8th Floor, Plot No. 20/21, Garden Avenue/Ohio Street, P.O. Box 989, 12103 Dar es Salaam, Tanzania Helpline ++255 22 2127314",www.tasac.go.tz,FINAL_DRR_Stakeholders_DATABASE_01092022 (2).xlsx, Departments and Agencies,8,Provided DRR stakeholder database / Departments and Agencies row 8,,Imported from the provided DRR stakeholder database; confirm mandate and contacts in System Settings before operational use.
agency,Tanzania Railway Corporation,,Government,Government Institution,Department / agency / authority,Infrastructure/Transport,John Tizeba (Risk Manager),Risk Manager,info@trc.co.tz,(255)222112695/0800110042,,,Dar es salaam,"Sokoine Drive. P. O Box 76959, 11107 Dar es salaam, Tanzania",www.trc.co.tz,FINAL_DRR_Stakeholders_DATABASE_01092022 (2).xlsx, Departments and Agencies,9,Provided DRR stakeholder database / Departments and Agencies row 9,,Imported from the provided DRR stakeholder database; confirm mandate and contacts in System Settings before operational use.
agency,TANROADS,,Government,Government Institution,Department / agency / authority,Infrastructure/Transport,Chief Executive Director,,tanroadshq@tanroads.go.tz,(255)222926001/6,,,Dar es salaam,"P.O Box 11364, 11101 10 Shaaban Robert Road/Garden Avenue, Dar es salaam, Tanzania.",https://www.tanroads.go.tz,FINAL_DRR_Stakeholders_DATABASE_01092022 (2).xlsx, Departments and Agencies,10,Provided DRR stakeholder database / Departments and Agencies row 10,,Imported from the provided DRR stakeholder database; confirm mandate and contacts in System Settings before operational use.
agency,Tanzania Airports Authority,,Government,Government Institution,Department / agency / authority,Infrastructure/Transport,Theresia Tengia (Inspector),Inspector,info@airports.go.tz,(255)222842402/3,,,Dar es salaam,"Julius Nyerere international Airport, Terminal 1. P. O Box 18000, 12106 Dar es salaam, Tanzania",www.taa.go.tz,FINAL_DRR_Stakeholders_DATABASE_01092022 (2).xlsx, Departments and Agencies,11,Provided DRR stakeholder database / Departments and Agencies row 11,,Imported from the provided DRR stakeholder database; confirm mandate and contacts in System Settings before operational use.
agency,Tanzania Civil Aviation Authority,,Government,Government Institution,Department / agency / authority,Humanitarian/DRR,Hamza S. Johari (Director General),Director General,tcaa@tcaa.go.tz /dg@tcss.go.tz,(255)222327000,,,Dar es salaam,"Aviation House, Nyerere/Kitunda Road Junction. P.O Box 2819, 12111 Dar es salaam, Tanzania",www.tcaa.go.tz,FINAL_DRR_Stakeholders_DATABASE_01092022 (2).xlsx, Departments and Agencies,12,Provided DRR stakeholder database / Departments and Agencies row 12,,Imported from the provided DRR stakeholder database; confirm mandate and contacts in System Settings before operational use.
agency,Government Chemist Laboratory Authority,,Government,Government Institution,Department / agency / authority,Cross-sector DRR,,,gcla@gcla.go.tz,(255)222113383/4,,,Dar es salaam,"5 Barack Obama drive. P. O Box 164, 11101 Dar es salaam, Tanzania",https://gcla.go.tz,FINAL_DRR_Stakeholders_DATABASE_01092022 (2).xlsx, Departments and Agencies,13,Provided DRR stakeholder database / Departments and Agencies row 13,,Imported from the provided DRR stakeholder database; confirm mandate and contacts in System Settings before operational use.
agency,TAZARA,,Government,Government Institution,Department / agency / authority,Cross-sector DRR,Eng. Bruno T. Ching'andu (Director),Director,mdhq@tazarasite.com,(255)739998855,,,Dar es salaam,"Nyerere Road, P. O Box 2834, 15103 Dar es salaam, Tanzania",https://www.tazarasite.com,FINAL_DRR_Stakeholders_DATABASE_01092022 (2).xlsx, Departments and Agencies,14,Provided DRR stakeholder database / Departments and Agencies row 14,,Imported from the provided DRR stakeholder database; confirm mandate and contacts in System Settings before operational use.
agency,Tanzania Police Force,,Government,Government Institution,Department / agency / authority,Security/Response,Samwel Mshana (ACP),ACP,info.phq@ppf.go.tz,(255)262323585/(255)786379677,,,Dodoma,"Police Headquarters, P.O Box 961, 40483 DODOMA,",https//www.polisi.go.tz,FINAL_DRR_Stakeholders_DATABASE_01092022 (2).xlsx, Departments and Agencies,15,Provided DRR stakeholder database / Departments and Agencies row 15,,Imported from the provided DRR stakeholder database; confirm mandate and contacts in System Settings before operational use.
agency,Geological Survey of Tanzania (GST),GST,Government,Government Institution,Department / agency / authority,Geology/Minerals,Dr. Ronaldo Massawe Gabriel Mbogoni,Director of Geological Services,"madini.do@gst.go.tz, or Gabriel.mbogoni@gst.go.tz","(+255)262323020/(+255)788310570, +255758636729 or (+255) 788310 570/ 754310570",,,Dodoma,"Geological Survey of Tanzania, P. O Box 903, 41110 Dodoma",www.gst.go.tz,FINAL_DRR_Stakeholders_DATABASE_01092022 (2).xlsx, Departments and Agencies,16,Provided DRR stakeholder database / Departments and Agencies row 16,,Imported from the provided DRR stakeholder database; confirm mandate and contacts in System Settings before operational use.
agency,Fire and Rescue Force,,Government,Government Institution,Department / agency / authority,Security/Response,DCF CHARO HASSAN MANGARE,AG. COMMISSIONER OF OPERATIONS,fire.rescue@frf.go.tz,(+255)262320043,,,Dodoma,"Commissioner General of Fire and Rescue Force, Fire and Rescue Force Headquarters, 1 Zimamoto Street, P.O. Box 1509, 41102 VIWANDANI, DODOMA",www.frf.go.tz,FINAL_DRR_Stakeholders_DATABASE_01092022 (2).xlsx, Departments and Agencies,17,Provided DRR stakeholder database / Departments and Agencies row 17,,Imported from the provided DRR stakeholder database; confirm mandate and contacts in System Settings before operational use.
agency,Tanzania people’s Defence Force (TPDF),TPDF,Government,Government Institution,Department / agency / authority,Security/Response,Shega Berdon Kubetta,,berdonhega@gmail.com / ps@modans.go.tz,"(+255)262350762/(+255)714422652, 255 737 962 064",,,Dodoma,"Tanzania People's Defence Forces, P.O.Box 194, 40487 Dodoma, Street : Miyuji, Msalato",www.modans.go.tz/https://www.tpdf.mil.tz,FINAL_DRR_Stakeholders_DATABASE_01092022 (2).xlsx, Departments and Agencies,18,Provided DRR stakeholder database / Departments and Agencies row 18,,Imported from the provided DRR stakeholder database; confirm mandate and contacts in System Settings before operational use.
agency,TARURA,,Government,Government Institution,Department / agency / authority,Infrastructure/Transport,Justine Lyatuu (CEO),CEO,ceo@tarura.go.tz,(+255)262322929/(255)713565274,,,Dodoma,"TARURA House, Government City- Mtumba. P.O Box 11042, 41207 Dodoma Tanzania",http://www.tarura.go.tz,FINAL_DRR_Stakeholders_DATABASE_01092022 (2).xlsx, Departments and Agencies,19,Provided DRR stakeholder database / Departments and Agencies row 19,,Imported from the provided DRR stakeholder database; confirm mandate and contacts in System Settings before operational use.
agency,Tanzania National Parks (TANAPA),TANAPA,Government,Government Institution,Department / agency / authority,Cross-sector DRR,William S. Mwakilema,Conservation Commissioner,cc@tanzaniaparks.go.tz,(+255)272970407/+255272970404/0405,,,Arusha,"Mwalimu J.K. Nyerere Conservation Centre, Barabara ya Dodoma, P.O. 3134, 23318 Arusha, Tanzania",www.tanzaniaparks.go.tz,FINAL_DRR_Stakeholders_DATABASE_01092022 (2).xlsx, Departments and Agencies,20,Provided DRR stakeholder database / Departments and Agencies row 20,,Imported from the provided DRR stakeholder database; confirm mandate and contacts in System Settings before operational use.
agency,President's Office - Public Service Management and Good Governance,,Government,Government Institution,Department / agency / authority,Cross-sector DRR,Issa M. Nyashilu,Urban Planner,ps@utumishi.go.tz,(+255)222118531-4,,,Dodoma,"Government City Mtumba, Utumishi street, P.O. BOX 670, 41207 DODOMA, Tanzania",www.utumishi.go.tz,FINAL_DRR_Stakeholders_DATABASE_01092022 (2).xlsx, Departments and Agencies,21,Provided DRR stakeholder database / Departments and Agencies row 21,,Imported from the provided DRR stakeholder database; confirm mandate and contacts in System Settings before operational use.
agency,Tanzania Forest Services (TFS) Agency,TFS,Government,Government Institution,Department / agency / authority,Environment/Natural Resources,,,mpingo@tfs.go.tz,(+255)222864249,,,Dar es salaam,"Ministry of Natural Resources and Tourism, Tanzania Forest Services (TFS) Agency. P.O Box 40832, 15103 Nyerere Road MPINGO HOUSE Dar es Salaam, Tanzania",www.tfs.go.tz,FINAL_DRR_Stakeholders_DATABASE_01092022 (2).xlsx, Departments and Agencies,22,Provided DRR stakeholder database / Departments and Agencies row 22,,Imported from the provided DRR stakeholder database; confirm mandate and contacts in System Settings before operational use.
agency,National Food Reserve Agency (NFRA),NFRA,Government,Government Institution,Department / agency / authority,Agriculture/Food Security,Permanent Secretary,,info@nfra.go.tz,(+255)262340015,,,Dodoma,"P. O Box 1050, 41114 Kizota Industrial Area, Dodoma Tanzania",www.nfra.go.tz,FINAL_DRR_Stakeholders_DATABASE_01092022 (2).xlsx, Departments and Agencies,23,Provided DRR stakeholder database / Departments and Agencies row 23,,Imported from the provided DRR stakeholder database; confirm mandate and contacts in System Settings before operational use.
agency,Tanzania Food and Nutrition Centre (TFNC),TFNC,Government,Government Institution,Department / agency / authority,Agriculture/Food Security,Dr.Germana Henry Leyna,Managing Director,info@tfnc.go.tz,(+255)222118137/ (+255)734366569,,,Dar es salaam,"22 Barack Obama Avenue P.O. Box 977, 11101 Dar es Salaam",https://www.tfnc.go.tz,FINAL_DRR_Stakeholders_DATABASE_01092022 (2).xlsx, Departments and Agencies,24,Provided DRR stakeholder database / Departments and Agencies row 24,,Imported from the provided DRR stakeholder database; confirm mandate and contacts in System Settings before operational use.
agency,Tanzania Electric Supply Company Limited (TANESCO),TANESCO,Government,Government Institution,Department / agency / authority,Energy,Mr. Maharage Chande,Managing Director,"communications.manager@tanesco.co.tz, md@tanesco.co.tz","(+255)748550000, (+255)0262323456/7",,,Dodoma,"Managing Director ,Plot No. 114, Block G, Dar es Salaam Road, P.O.Box 453, 41102 Dodoma.",http://www.tanesco.co.tz,FINAL_DRR_Stakeholders_DATABASE_01092022 (2).xlsx, Departments and Agencies,25,Provided DRR stakeholder database / Departments and Agencies row 25,,Imported from the provided DRR stakeholder database; confirm mandate and contacts in System Settings before operational use.
agency,Drilling and Dam Construction Agency,,Government,Government Institution,Department / agency / authority,Infrastructure/Transport,Chief Executive Director,,info@ddca.go.tz,(+255)222410299,,,Dar es salaam,"Ubungo, Off University Road, P.O Box 55658, 16103 Dar es Salaam, Tanzania",https://www.ddca.go.tz,FINAL_DRR_Stakeholders_DATABASE_01092022 (2).xlsx, Departments and Agencies,26,Provided DRR stakeholder database / Departments and Agencies row 26,,Imported from the provided DRR stakeholder database; confirm mandate and contacts in System Settings before operational use.
agency,Tanzania Tourist Board (TTB),TTB,Government,Government Institution,Department / agency / authority,Cross-sector DRR,Director General,,md@tanzaniatourism.go.tz / info@tanzaniatourism.go.tz,(+255)222664878/9,,,Dar es salaam,"Utalii House, Ali Hassan Mwinyi Road/Laibon Street- Near French Embassy. P. O. Box 2485, 14111 Dar es Salaam",www.tanzaniatouristboard.go.tz,FINAL_DRR_Stakeholders_DATABASE_01092022 (2).xlsx, Departments and Agencies,27,Provided DRR stakeholder database / Departments and Agencies row 27,,Imported from the provided DRR stakeholder database; confirm mandate and contacts in System Settings before operational use.
agency,"Tanzania Chamber of Commerce, Industry and Agriculture (TCCIA)",TCCIA,Government,Government Institution,Department / agency / authority,"Agriculture/Food Security, Trade/Industry/Private Sector",Executive Director,,hq@tccia.com,(+255) 222 119 437/+255 716 310 017,,,Dar es Salaam,"Tanzania Chamber of Commerce, Industry & Agriculture PSSSF HOUSE, Morogoro Road/Samora Avenue City Centre, Dar es Salaam P.O.BOX 9713, 11104 Dar es salaam",http://www.tccia.or.tz/,FINAL_DRR_Stakeholders_DATABASE_01092022 (2).xlsx, Departments and Agencies,28,Provided DRR stakeholder database / Departments and Agencies row 28,,Imported from the provided DRR stakeholder database; confirm mandate and contacts in System Settings before operational use.
agency,Sugar Board of Tanzania (SBT),SBT,Government,Government Institution,Department / agency / authority,Cross-sector DRR,Executive Director,,info@sbt.go.tz,(+255)222111523/7,,,Dar es salaam,"Sukari House, Ohio Street/Sokoine Drive. P. O Box 4355, 12104 Dar es Salaam, Tanzania",https://www.sbt.go.tz,FINAL_DRR_Stakeholders_DATABASE_01092022 (2).xlsx, Departments and Agencies,29,Provided DRR stakeholder database / Departments and Agencies row 29,,Imported from the provided DRR stakeholder database; confirm mandate and contacts in System Settings before operational use.
agency,National Environment Management Council (NEMC),NEMC,Government,Government Institution,Department / agency / authority,Environment/Natural Resources,Dr. Eng. Samuel Gwamaka Mafwenga,Director General,dg@nemc.or.tz/ Julias.salema@nemc.or.tz,(+255)222774852/ (+255)713608930,,,Dar es salaam,"Regent Estate Plot No.29/30, P.O Box 63154, 14112 Dar es Salaam, Tanzania",www.nemc.or.tz,FINAL_DRR_Stakeholders_DATABASE_01092022 (2).xlsx, Departments and Agencies,30,Provided DRR stakeholder database / Departments and Agencies row 30,,Imported from the provided DRR stakeholder database; confirm mandate and contacts in System Settings before operational use.
agency,Tanzania Veterinary Laboratory Agency (TVLA),TVLA,Government,Government Institution,Department / agency / authority,Livestock/Fisheries,Dr. Imna Malele,Senior Researcher,info@tvla.go.tz,(+255)222861152(+255)784407276,,,Dar es salaam,"Tanzania Veterinary Laboratory Agency HQ, 131 Nelson Mandela Road. P.O Box 9254, 15109 Dar es Salaam",www.tvla.go.tz,FINAL_DRR_Stakeholders_DATABASE_01092022 (2).xlsx, Departments and Agencies,31,Provided DRR stakeholder database / Departments and Agencies row 31,,Imported from the provided DRR stakeholder database; confirm mandate and contacts in System Settings before operational use.
agency,Tanzania Atomic Energy Commission (TAEC),TAEC,Government,Government Institution,Department / agency / authority,Energy,Abdallah Kileo,Research Engineer,"dg@taec.go.tz, abdallah.kileo.@taec.go.tz","+255272970050/51/52/53 / +255754361221, +255755492424, 0715604129",,,Arusha,"The Director General, P.O. Box 743, 23114 Arusha, Tanzania",https://www.taec.go.tz,FINAL_DRR_Stakeholders_DATABASE_01092022 (2).xlsx, Departments and Agencies,32,Provided DRR stakeholder database / Departments and Agencies row 32,,Imported from the provided DRR stakeholder database; confirm mandate and contacts in System Settings before operational use.
agency,e-government Authority,,Government,Government Institution,Department / agency / authority,Communication/Media,Felix Makundi,Project Management Specialist,info@ega.go.tz / barua@ega.go.tz / Felix.makundi@ega.go.tz,(+255)262961957 / (+255)222129868(+255)715340801,,,Dodoma,"Government City Mtumba, Mtandao Street. P.O Box 2833, 41207 Dodoma, Tanzania",https://www.ega.go.tz,FINAL_DRR_Stakeholders_DATABASE_01092022 (2).xlsx, Departments and Agencies,33,Provided DRR stakeholder database / Departments and Agencies row 33,,Imported from the provided DRR stakeholder database; confirm mandate and contacts in System Settings before operational use.
agency,Tanzania Petroleum Development Corporation (TPDC),TPDC,Government,Government Institution,Department / agency / authority,Cross-sector DRR,Managing Director,MD,info@tpdc.co.tz,(+255)262323519,,,Dodoma,"Director TPDC, PSSSF Kambarage Tower 8th Floor, Jakaya Kikwete Str. P.O. Box 1191, 41108 Dodoma",https://tpdc.co.tz,FINAL_DRR_Stakeholders_DATABASE_01092022 (2).xlsx, Departments and Agencies,34,Provided DRR stakeholder database / Departments and Agencies row 34,,Imported from the provided DRR stakeholder database; confirm mandate and contacts in System Settings before operational use.
agency,Architects and Quality Surveyors' Registration Board (AQSRB),AQSRB,Government,Government Institution,Department / agency / authority,Finance/Risk Financing,Registrar,,info@aqrb.go.tz,(+255)22 2110292 / (+255)222117535,,,Dar es salaam,"TETEX House, 2nd Floor Pamba Road, P.O.Box 72673, 11104 Dar es salaam",https://www.aqrb.go.tz,FINAL_DRR_Stakeholders_DATABASE_01092022 (2).xlsx, Departments and Agencies,35,Provided DRR stakeholder database / Departments and Agencies row 35,,Imported from the provided DRR stakeholder database; confirm mandate and contacts in System Settings before operational use.
agency,Tanzania Livestock Research Institute (TALIRI),TALIRI,Government,Government Institution,Department / agency / authority,"Livestock/Fisheries, Education/Research",Dr. Seleman N. Masola,Researcher,ndg@taliri.go.tz / hq@taliri.go.tzsmasola@gmail.com,(+255)262962377(+255)713483126 / (+255)784822924,,,Dodoma,"300 Government Quarters Street, block No.39. P.O Box 834, 41217 Dodoma",http://www.taliri.go.tz,FINAL_DRR_Stakeholders_DATABASE_01092022 (2).xlsx, Departments and Agencies,36,Provided DRR stakeholder database / Departments and Agencies row 36,,Imported from the provided DRR stakeholder database; confirm mandate and contacts in System Settings before operational use.
agency,Engineers Registration Board (ERB),ERB,Government,Government Institution,Department / agency / authority,Finance/Risk Financing,Eng. Eustadi Kikwasi,Enforcement Officer,registrar@erb.go.tz / info@erb.go.tz / eustad.kikwasi@yahoo.c,(+255)222122836 / (+255)222129087,,,Dar es salaam,"Tetex Building (2nd and 4th Floor). P.O.Box 14942, 11104 Dar es Salaam - Tanzania.",https://www.erb.go.tz,FINAL_DRR_Stakeholders_DATABASE_01092022 (2).xlsx, Departments and Agencies,37,Provided DRR stakeholder database / Departments and Agencies row 37,,Imported from the provided DRR stakeholder database; confirm mandate and contacts in System Settings before operational use.
agency,Tanzania Insurance Regulatory Authority TIRA,,Government,Government Institution,Department / agency / authority,Finance/Risk Financing,Emily Kiria,"Acting Director, Legal Enforcement",coi@tira.go.tz,(+255)262321180 / (+255)784805210,,,Dodoma,"LAPF Building, 5th floor, Plot No. 4/5, Makole street, P. O. Box 2987, 41105 Dodoma - Tanzania.",https://www.tira.go.tz,FINAL_DRR_Stakeholders_DATABASE_01092022 (2).xlsx, Departments and Agencies,38,Provided DRR stakeholder database / Departments and Agencies row 38,,Imported from the provided DRR stakeholder database; confirm mandate and contacts in System Settings before operational use.
agency,Marine Services Company Limited (MSCL),MSCL,Government,Government Institution,Department / agency / authority,Cross-sector DRR,Mr.Philemon Bagambilana,Acting Director,info@mscl.co.tz,(+255)282503079,,,Mwanza,"Director MSCL. P.O. Box 2385, 33334 Mwanza, Tanzania",https://www.mscl.co.tz,FINAL_DRR_Stakeholders_DATABASE_01092022 (2).xlsx, Departments and Agencies,39,Provided DRR stakeholder database / Departments and Agencies row 39,,Imported from the provided DRR stakeholder database; confirm mandate and contacts in System Settings before operational use.
agency,Occupational Health and Safety Authority (OSHA),OSHA,Government,Government Institution,Department / agency / authority,Health,,,info@osha.go.tz,(+255)222760548/(+255)222760552,,,Dar es salaam,"P. O Box 519, 14108 Dar es Salaam",https://www.osha.go.tz,FINAL_DRR_Stakeholders_DATABASE_01092022 (2).xlsx, Departments and Agencies,40,Provided DRR stakeholder database / Departments and Agencies row 40,,Imported from the provided DRR stakeholder database; confirm mandate and contacts in System Settings before operational use.
agency,Medical Stores Department,,Government,Government Institution,Department / agency / authority,Health,Mavere Tukai,Director General,info@msd.go.tz,(255) +255 22 2860890,,,Dar es salaam,"Director General, Medical Stores Department, Off Nyerere Road, Keko Mwanga, P. O. Box 9081, 15104 Dar es Salaam, Tanzania.",https://www.msd.go.tz,FINAL_DRR_Stakeholders_DATABASE_01092022 (2).xlsx, Departments and Agencies,41,Provided DRR stakeholder database / Departments and Agencies row 41,,Imported from the provided DRR stakeholder database; confirm mandate and contacts in System Settings before operational use.
agency,The Office of the Attorney General,,Government,Government Institution,Department / agency / authority,Cross-sector DRR,Attorney General,Attorney General,info@agctz.go.tz,(255) (0) 262 961 941/2,,,Dodoma,"The Office of Attorney General Government City - Mtumba, Attorney General Street, P.O Box 630, 41207 Dodoma Tanzania",https://www.agctz.go.tz,FINAL_DRR_Stakeholders_DATABASE_01092022 (2).xlsx, Departments and Agencies,42,Provided DRR stakeholder database / Departments and Agencies row 42,,Imported from the provided DRR stakeholder database; confirm mandate and contacts in System Settings before operational use.
agency,Ngorongoro Conservation Area Authority,,Government,Government Institution,Department / agency / authority,Humanitarian/DRR,Conservation Commissioner,Conservation Commissioner,cn@ncaa.go.tz,(255) 27 253 7019,,,Ngorongoro,"P.O. Box 1, 23101 Ngorongoro, Arusha, Tanzania",https://www.ncaa.go.tz,FINAL_DRR_Stakeholders_DATABASE_01092022 (2).xlsx, Departments and Agencies,43,Provided DRR stakeholder database / Departments and Agencies row 43,,Imported from the provided DRR stakeholder database; confirm mandate and contacts in System Settings before operational use.
agency,Tanzania Medicines and Medical Devices Authority (TMDA),TMDA,Government,Government Institution,Department / agency / authority,Health,Mr. Adam M. Fimbo,Director General,info@tmda.go.tz,(255) 22 2450512 / 2450751 / 2452108,,,Dodoma,"P.O. Box 1253, 41105 Dodoma",https://www.tmda.go.tz,FINAL_DRR_Stakeholders_DATABASE_01092022 (2).xlsx, Departments and Agencies,44,Provided DRR stakeholder database / Departments and Agencies row 44,,Imported from the provided DRR stakeholder database; confirm mandate and contacts in System Settings before operational use.
agency,State House Chief Secretary,,Government,Ministry,Ministry / Office,Cross-sector DRR,Chief Secretary,,cs@gov.go.tz,(255) 026-2961500/1,,,Dodoma,"1 Julius Nyerere Road, Chamwino, P.O.Box 1102, 40400 DODOMA",https://www.chiefsecretary.go.tz/,FINAL_DRR_Stakeholders_DATABASE_01092022 (2).xlsx,Ministries,3,Provided DRR stakeholder database / Ministries row 3,,Imported from the provided DRR stakeholder database; confirm mandate and contacts in System Settings before operational use.
agency,"Ministry of Information, Culture, Arts and Sports",,Government,Ministry,Ministry / Office,Infrastructure/Transport,Abdul Mpinda (Economist),,km@habari.go.tz,(+255)262322129,,,Dodoma,"P.O Box 25, Dodoma, 40481 Tanzania Mji wa Serikali Mtumba",https://www.habari.go.tz,FINAL_DRR_Stakeholders_DATABASE_01092022 (2).xlsx,Ministries,4,Provided DRR stakeholder database / Ministries row 4,,Imported from the provided DRR stakeholder database; confirm mandate and contacts in System Settings before operational use.
agency,Ministry of Health (MoH),,Government,Ministry,Ministry / Office,Health,Dr. Elias Kwesi (Ag. Director),,"elias.kwesi@afya.go.tz , ps@afya..go.tz",(255)714443930/+255262963341/42/46,,,Dodoma,"Government City, Afya Street P.O Box 743, 70466 Dodoma",www.jamii.go.tz,FINAL_DRR_Stakeholders_DATABASE_01092022 (2).xlsx,Ministries,5,Provided DRR stakeholder database / Ministries row 5,,Imported from the provided DRR stakeholder database; confirm mandate and contacts in System Settings before operational use.
agency,"Ministry of Community Development, Gender, Women and Special Groups",,Government,Ministry,Ministry / Office,Social Protection/Special Groups,Permanent Secretary,,ps@jamii.go.tz,+255 262963348,,,Dodoma,"Government City, Afya Street. P.O BOX 573, 40486 Dodoma",,FINAL_DRR_Stakeholders_DATABASE_01092022 (2).xlsx,Ministries,6,Provided DRR stakeholder database / Ministries row 6,,Imported from the provided DRR stakeholder database; confirm mandate and contacts in System Settings before operational use.
agency,Ministry of Water and Irrigation,,Government,Ministry,Ministry / Office,Water/WASH,Permanent Secretary,,ps@maji.go.tz,(+255)262322602,,,Dodoma,"Government City, Maji Street. P.O Box 456, 40473 Dodoma",https://www.maji.go.tz,FINAL_DRR_Stakeholders_DATABASE_01092022 (2).xlsx,Ministries,7,Provided DRR stakeholder database / Ministries row 7,,Imported from the provided DRR stakeholder database; confirm mandate and contacts in System Settings before operational use.
agency,Ministry of Agriculture,,Government,Ministry,Ministry / Office,Agriculture/Food Security,Permanent Secretary,,ps@kilimo.go.tz,,,,Dodoma,"Administration Department, Kilimo IV. P.O. Box 2182, 40471 Dodoma",www.kilimo.go.tz,FINAL_DRR_Stakeholders_DATABASE_01092022 (2).xlsx,Ministries,8,Provided DRR stakeholder database / Ministries row 8,,Imported from the provided DRR stakeholder database; confirm mandate and contacts in System Settings before operational use.
agency,Ministry of Livestock and Fisheries Development,,Government,Ministry,Ministry / Office,Livestock/Fisheries,Jumanne Mnyau (Information Officer),,"barua@mifugo.go.tz , barua@uvuvi.go.tz , mnyaujumanne@gmail.com",(+255)713327092/(+255)262322610(+255)713405091,,,Dodoma,"Permanent Secretary Livestock. Ministry of Livestock and Fisheries. P.O Box. 2870, 40487 Government City – Mtumba DODOMA.",https://www.mifugouvuvi.go.tz,FINAL_DRR_Stakeholders_DATABASE_01092022 (2).xlsx,Ministries,9,Provided DRR stakeholder database / Ministries row 9,,Imported from the provided DRR stakeholder database; confirm mandate and contacts in System Settings before operational use.
agency,The Office of Vice President- Division of Environment,,Government,Ministry,Ministry / Office,Environment/Natural Resources,Permanent Secretary,,"ps@vpo.go.tz , issa.nyashilu@vpo.go.tz",(+255)222163400-19/ (+255)754251452,,,Dodoma,"Permanent Secretary, Government City, P.O. Box. 2502, 40407 DODOMA.",www.vpo.go.tz,FINAL_DRR_Stakeholders_DATABASE_01092022 (2).xlsx,Ministries,11,Provided DRR stakeholder database / Ministries row 11,,Imported from the provided DRR stakeholder database; confirm mandate and contacts in System Settings before operational use.
agency,Ministry of Finance and Planning,,Government,Ministry,Ministry / Office,Finance/Risk Financing,Haika Mgonja (Economist),,ps@mof.go.tz,(+255)262160000/ (+255)657845197,,,Dodoma,"Permanent Secretary, Treasury Square Building, 18 Jakaya Kikwete Road P. O. Box 2802, 40468 Dodoma Tanzania",http://www.mof.go.tz,FINAL_DRR_Stakeholders_DATABASE_01092022 (2).xlsx,Ministries,12,Provided DRR stakeholder database / Ministries row 12,,Imported from the provided DRR stakeholder database; confirm mandate and contacts in System Settings before operational use.
agency,"Ministry of Industry, Trade and Investments",,Government,Ministry,Ministry / Office,"Finance/Risk Financing, Trade/Industry/Private Sector",Patrick J. Simkoko (Economist),,mail@mit.go.tz / feedback@mit.go.tz / p.simkoko@yahoo.com,(+255)262 963470,,,Dodoma,"Permanent secretary, Government City, PO BOX 2996, 40469 Dodoma",www.mit.go.tz,FINAL_DRR_Stakeholders_DATABASE_01092022 (2).xlsx,Ministries,13,Provided DRR stakeholder database / Ministries row 13,,Imported from the provided DRR stakeholder database; confirm mandate and contacts in System Settings before operational use.
agency,Ministry of Natural Resources and Tourism (MNRT),MNRT,Government,Ministry,Ministry / Office,Cross-sector DRR,Permanent Secretary,,ps@mnrt.go.tz / jsmgoo@gmail.com,(+255)262321566/ (+255)784483599,,,Dodoma,"Ministry of Natural Resources and Tourism, Prime Minister's Road, P.O.Box 1351, 40472, Dodoma, Tanzania",www.maliasili.go.tz,FINAL_DRR_Stakeholders_DATABASE_01092022 (2).xlsx,Ministries,14,Provided DRR stakeholder database / Ministries row 14,,Imported from the provided DRR stakeholder database; confirm mandate and contacts in System Settings before operational use.
agency,"Ministry of Lands, Housing and Human Settlements Developments (MoLHSD)",,Government,Ministry,Ministry / Office,Land Use/Urban Planning,Alpha Pastory Mangula (DRR Focal Person),,ps@lands.go.tz alpha.mangula2@lands.go.tz,(+255)2629633/09/13/14,,,Dodoma,"Ministry of Lands, Housing and Human Settlements Development P O Box 2908, 40477 Dodoma University of Dodoma Road, National Audit Office, 6th floor",https://www.lands.go.tz,FINAL_DRR_Stakeholders_DATABASE_01092022 (2).xlsx,Ministries,15,Provided DRR stakeholder database / Ministries row 15,,Imported from the provided DRR stakeholder database; confirm mandate and contacts in System Settings before operational use.
agency,"Ministry of Education, Science, Technology and Vocational Training",,Government,Ministry,Ministry / Office,"Education/Research, Finance/Risk Financing",Permanent Secretary,,,(+255)262963533,,,Dodoma,"Government city-Mtumba, Afya Street. P.O. Box 10, 40479 Dodoma",www.moe.go.tz,FINAL_DRR_Stakeholders_DATABASE_01092022 (2).xlsx,Ministries,16,Provided DRR stakeholder database / Ministries row 16,,Imported from the provided DRR stakeholder database; confirm mandate and contacts in System Settings before operational use.
agency,Ministry of Home Affairs (MoHA),,Government,Ministry,Ministry / Office,Security/Response,Permanent Secretary,,ps@moha.go.tz / gcu@moha.go.tz,(+255)262963501,,,Dodoma,"Government City, Mtumba . Habari/Afya Street. P.O Box 2916. 40483 DODOMA",www.moha.go.tz,FINAL_DRR_Stakeholders_DATABASE_01092022 (2).xlsx,Ministries,17,Provided DRR stakeholder database / Ministries row 17,,Imported from the provided DRR stakeholder database; confirm mandate and contacts in System Settings before operational use.
agency,"Ministry of Works , Transport and Communication (Transport sector)",,Government,Ministry,Ministry / Office,"Infrastructure/Transport, Finance/Risk Financing, Communication/Media",Permanent Secretary,,km@uchukuzi.go.tz / said.marussu@uchukuzi.go.tz,"(+255)26 2322702/3, (+255)713480589",,,Dodoma,"Moshi Street, P. o Box 638, 40475 Dodoma,",https://www.mwtc.go.tz,FINAL_DRR_Stakeholders_DATABASE_01092022 (2).xlsx,Ministries,18,Provided DRR stakeholder database / Ministries row 18,,Imported from the provided DRR stakeholder database; confirm mandate and contacts in System Settings before operational use.
agency,"Ministry of Works, Transport and Communications (Works Sector)",,Government,Ministry,Ministry / Office,"Infrastructure/Transport, Finance/Risk Financing, Communication/Media",Ladislaus M. Bigambo,,ps@mow.go.tz / ladislaus.bigambo@tanroads.go.tz,(+255)262322251 / (+255)713331345,,,Dodoma,"Moshi Street, P. o Box 2888, 40475 Dodoma.",https://www.mwt.go.tz,FINAL_DRR_Stakeholders_DATABASE_01092022 (2).xlsx,Ministries,19,Provided DRR stakeholder database / Ministries row 19,,Imported from the provided DRR stakeholder database; confirm mandate and contacts in System Settings before operational use.
agency,Ministry of Minerals,,Government,Ministry,Ministry / Office,Geology/Minerals,Permanent Secretary,,ps@madini.go.tz,(+255)26230051,,,Dodoma,"Kikuyu Avenue, P.O. Box 422, 40474 Dodoma",https://www.madini.go.tz,FINAL_DRR_Stakeholders_DATABASE_01092022 (2).xlsx,Ministries,21,Provided DRR stakeholder database / Ministries row 21,,Imported from the provided DRR stakeholder database; confirm mandate and contacts in System Settings before operational use.
agency,President's Office- Regional Administration and Local Government (PO-RALG),,Government,Ministry,Ministry / Office,"Finance/Risk Financing, Regional/LGA Governance",Johnson L.K. Nyingi (Ass. Director),,"ps@tamisemi.go.tz , Johnson.nyingi@tamisemi.go.tz",(+255)262321234 /(255)755550066,,,Dodoma,"P. O Box 1923, 41185 Dodoma",www.tamisemi.go.tz,FINAL_DRR_Stakeholders_DATABASE_01092022 (2).xlsx,Ministries,22,Provided DRR stakeholder database / Ministries row 22,,Imported from the provided DRR stakeholder database; confirm mandate and contacts in System Settings before operational use.
agency,Ministry of Foreign Affairs and East African Cooperation,,Government,Ministry,Ministry / Office,Foreign Affairs/International Cooperation,Permanent Secretary,,"nje@nje.go.tz, dodoma@nje.go.tz",(255) 26 2323 201-7,,,Dodoma,"Government City, Mtumba Area, Dodoma, Tanzania. P.O.Box 2933, 40466 Dodoma",https://www.foreign.go.tz/,FINAL_DRR_Stakeholders_DATABASE_01092022 (2).xlsx,Ministries,23,Provided DRR stakeholder database / Ministries row 23,,Imported from the provided DRR stakeholder database; confirm mandate and contacts in System Settings before operational use.
agency,"Prime Minister's Office-Policy, Parliament, Youth, Labour, Employment and Disabled",,Government,Ministry,Ministry / Office,"Social Protection/Special Groups, Disaster Management Coordination",Permanent Secretary,,ps@kazi.go.tz,(255) 026-2963450/0655544489(mobile),,,Dodoma,"Kazi Street, Government City, Mtumba, P.O. Box 2890, 40411 Dodoma, Tanzania,",https://www.kazi.go.tz,FINAL_DRR_Stakeholders_DATABASE_01092022 (2).xlsx,Ministries,24,Provided DRR stakeholder database / Ministries row 24,,Imported from the provided DRR stakeholder database; confirm mandate and contacts in System Settings before operational use.
agency,Ministry of Constitutional and Legal Affairs,,Government,Ministry,Ministry / Office,Legal/Governance,Permanent Secretary,,km@sheria.go.tz,(255) 26 2310021,,,Dodoma,"Government City, Mtumba Area, P.O.Box 315, 40484 Dodoma, Tanzania",https://www.sheria.go.tz,FINAL_DRR_Stakeholders_DATABASE_01092022 (2).xlsx,Ministries,25,Provided DRR stakeholder database / Ministries row 25,,Imported from the provided DRR stakeholder database; confirm mandate and contacts in System Settings before operational use.
agency,Ministry of Defence and National Service,,Government,Ministry,Ministry / Office,Security/Response,Permanent Secretary,,ps@modans.go.tz,(255) 262 350 762.,,,Dodoma,"GOVERNMENT CITY ,Ulinzi Street, Plot No. 6, Block ""AG"".P. O. Box. 2924, 40482, Dodoma, Tanzania",https://www.modans.go.tz/,FINAL_DRR_Stakeholders_DATABASE_01092022 (2).xlsx,Ministries,26,Provided DRR stakeholder database / Ministries row 26,,Imported from the provided DRR stakeholder database; confirm mandate and contacts in System Settings before operational use.
stakeholder,Tanzania Scouts Association,,NGO,NGO,Civil society / humanitarian,Humanitarian/DRR,Eline M. Kitaly,National Executive Commissioner,tscouts2002@gmail.com,(+255)222153342,,,Dar es Salaam,"P.O.Box 945, 11103 Karimjeee Scout Building, Malik Road plot no 1078 Upanga",https://www.scout.org/tanzania,FINAL_DRR_Stakeholders_DATABASE_01092022 (2).xlsx,National Organizations,2,Provided DRR stakeholder database / National Organizations row 2,,Imported from the provided DRR stakeholder database; confirm mandate and contacts in System Settings before operational use.
stakeholder,CARITAS/Tanzania Episcopal Conference(TEC),TEC,NGO,NGO,Civil society / humanitarian,Humanitarian/DRR,Marshal M. Pokonya,Director,caritas@tec.co.tz,(255)222851075,,,Dar es salaam,"TEC Kurasini, P.O Box 2133, 15109 Dar es salaam, Tanzania",www.tec.or.tz,FINAL_DRR_Stakeholders_DATABASE_01092022 (2).xlsx,National Organizations,3,Provided DRR stakeholder database / National Organizations row 3,,Imported from the provided DRR stakeholder database; confirm mandate and contacts in System Settings before operational use.
stakeholder,Tanganyika Christian Refugee Services,,NGO,NGO,Civil society / humanitarian,Humanitarian/DRR,Dr. Shangweli E. Chawewe,Director,mail@tcrs.co.tz,(255)222700580,,,Dar es salaam,"P. O Box 3955, 14112 plot 436 Mikocheni II, Mwai Kibaki Road. Dar es salaam, Tanzania",www.tcrs.co.tz,FINAL_DRR_Stakeholders_DATABASE_01092022 (2).xlsx,National Organizations,4,Provided DRR stakeholder database / National Organizations row 4,,Imported from the provided DRR stakeholder database; confirm mandate and contacts in System Settings before operational use.
stakeholder,Media Council of Tanzania (MCT),MCT,NGO,NGO,Civil society / humanitarian,Communication/Media,Kajubi D. Mukajanga,Executive Secretary,media@mct.or.tz,(+255)222775728/222771947; (+255)719494640/ (+255)767494826,,,Dar es salaam,"Josam House, Mikocheni Light Industrial Area, Block B, Room B12 Coca Cola Road, P. O. Box 10160, 14112 Dar es salaam, Tanzania",https://mtc.or.tz,FINAL_DRR_Stakeholders_DATABASE_01092022 (2).xlsx,National Organizations,6,Provided DRR stakeholder database / National Organizations row 6,,Imported from the provided DRR stakeholder database; confirm mandate and contacts in System Settings before operational use.
stakeholder,Confederation of Tanzania Industries (CTI),CTI,NGO,NGO,Civil society / humanitarian,Humanitarian/DRR,Mr Leodeger Tenga,Executive Director,cti@cti.co.tz,(+255)222114954/ (+255)222123802/ (+255)754404161,,,Dar es salaam,"9th Floor - NIC Investment House, Samora Avenue. P.O. Box 71783, 11101 Dar es Salaam, Tanzania",https://cti.co.tz,FINAL_DRR_Stakeholders_DATABASE_01092022 (2).xlsx,National Organizations,7,Provided DRR stakeholder database / National Organizations row 7,,Imported from the provided DRR stakeholder database; confirm mandate and contacts in System Settings before operational use.
stakeholder,Association of Consulting Engineers of Tanzania(ACET),ACET,NGO,NGO,Civil society / humanitarian,Humanitarian/DRR,Mr Baraka A. Ng'wala,Executive Director,info@acet.or.tz,(+255)222131137 / (+255)754766474,,,Dar es salaam,"4 the Floor, TEEX House along Pamba Road, P.O.Box 63, 11104 Dar es salaam , Tanzania.",https://acet.or.tz,FINAL_DRR_Stakeholders_DATABASE_01092022 (2).xlsx,National Organizations,8,Provided DRR stakeholder database / National Organizations row 8,,Imported from the provided DRR stakeholder database; confirm mandate and contacts in System Settings before operational use.
stakeholder,Association of Tanzania Employers (ATE),ATE,NGO,NGO,Civil society / humanitarian,Humanitarian/DRR,Dr. Aggrey K Mlimuka,Executive Director and CEO,info@ate.or.tz,+255(0)222780022 / +255(0)222780023,,,Dar es salaam,"Plot No. 692, Mikocheni B Coca Cola Road, P.O Box 2971, 14112 Dar es salaam, Tanzania.",https://www.ate.or.tz,FINAL_DRR_Stakeholders_DATABASE_01092022 (2).xlsx,National Organizations,9,Provided DRR stakeholder database / National Organizations row 9,,Imported from the provided DRR stakeholder database; confirm mandate and contacts in System Settings before operational use.
stakeholder,Medical Association of Tanzania (MAT),MAT,NGO,NGO,Civil society / humanitarian,Health,Dr. Shadrack Mwaibambe,President,info@mat.or.tz / doctorsmat@gmail.com,(+255)222151358/(+255)767599981 0655400823,,,Dar es salaam,"Upanga West MUHAS Complex, Ruvu Block. P.O Box 701, 11103 Dar es salaam Tanzania",http://www.mat.or.tz,FINAL_DRR_Stakeholders_DATABASE_01092022 (2).xlsx,National Organizations,10,Provided DRR stakeholder database / National Organizations row 10,,Imported from the provided DRR stakeholder database; confirm mandate and contacts in System Settings before operational use.
stakeholder,Tanganyika Farmers Association Ltd (TFA),TFA,NGO,NGO,Civil society / humanitarian,Humanitarian/DRR,Mr. Justine Shirima,Managing Director,info@tfa.co.tz,(+255)272544872,,,Arusha,"The Managing Director, Tanganyika Farmers’ Association Ltd. P.O. Box 3010, 23102 Arusha",www.tfa.co.tz,FINAL_DRR_Stakeholders_DATABASE_01092022 (2).xlsx,National Organizations,11,Provided DRR stakeholder database / National Organizations row 11,,Imported from the provided DRR stakeholder database; confirm mandate and contacts in System Settings before operational use.
stakeholder,Tanzania Refugee and Migration Network (TAREMINET),TAREMINET,NGO,NGO,Civil society / humanitarian,Humanitarian/DRR,,,info@tareminet.or.tz,(+255)222781176,,,Dar es salaam,"House No.13 Vinyaji Street, Off Coca-Cola road Mikocheni B. P. O Box 35167, 14112 Dar es salaam",https://www.tareminet.or.tz,FINAL_DRR_Stakeholders_DATABASE_01092022 (2).xlsx,National Organizations,12,Provided DRR stakeholder database / National Organizations row 12,,Imported from the provided DRR stakeholder database; confirm mandate and contacts in System Settings before operational use.
stakeholder,Suleiman Kova Security and Disaster Management Foundation (SUKOS- DMF),,NGO,NGO,Civil society / humanitarian,Security/Response,SULEIMANI H. KOVA C.P (Rtd),SUKOS Director,info@sukosdmkovafoundation.org / kovarahma@gmail.com,255(0)754034224 / +255(0)783451177,,,Dar es salaam,"Mwai Kibaki Road, Manhattan street block D, plot no. 343 Msasani Village. P. O Box 78545, 14111 Dar es salaam",https://www.sukosdmkovafoundation.org,FINAL_DRR_Stakeholders_DATABASE_01092022 (2).xlsx,National Organizations,14,Provided DRR stakeholder database / National Organizations row 14,,Imported from the provided DRR stakeholder database; confirm mandate and contacts in System Settings before operational use.
stakeholder,Association of Private Health Facilities In Tanzania (APHFTA),APHFTA,NGO,NGO,Civil society / humanitarian,"Health, Education/Research",,,info@aphfta.org,(+255)222184508/ (+255)222184667,,,Dar es salaam,"Plot No. 01, Lumumba/Makamba Street, P.O. Box 13234, 11104 Dar-es-salaam",https://www.aphfta.org,FINAL_DRR_Stakeholders_DATABASE_01092022 (2).xlsx,National Organizations,15,Provided DRR stakeholder database / National Organizations row 15,,Imported from the provided DRR stakeholder database; confirm mandate and contacts in System Settings before operational use.
stakeholder,National Muslim Council of Tanzania (BAKWATA),BAKWATA,Private,Private Sector,Partner,Trade/Industry/Private Sector,Sheikh Aboubakary Zubeiry,Chief Mufti,info@bakwata.or.tz,255888000000 / +255(0)782853257,,,Dar es salaam,"Togo Street, Kinondoni Manyanya, P.O. Box 21422, 14110 Dar es Salaam",https://www.bakwata.ot.tz,FINAL_DRR_Stakeholders_DATABASE_01092022 (2).xlsx,National Organizations,17,Provided DRR stakeholder database / National Organizations row 17,,Imported from the provided DRR stakeholder database; confirm mandate and contacts in System Settings before operational use.
stakeholder,Tanzania Association of Microfinance Institutions,,NGO,NGO,Civil society / humanitarian,Finance/Risk Financing,,,info@tamfi.com,(+255)764668331,,,Dar es salaam,"54A Uporoto Street. P.O. Box 950, 14112 Dar es Salaam",www.tamfi.co.tz,FINAL_DRR_Stakeholders_DATABASE_01092022 (2).xlsx,National Organizations,18,Provided DRR stakeholder database / National Organizations row 18,,Imported from the provided DRR stakeholder database; confirm mandate and contacts in System Settings before operational use.
stakeholder,Tanzania Bankers Association,,Private,Private Sector,Partner,"Finance/Risk Financing, Trade/Industry/Private Sector",,TBA Chairman,info@tanzaniabankers.org,(+255)222668221,,,Dar es salaam,"1st Floor, Faykat Tower, Plot No. 236, Ali Hassan Mwinyi Road, Kinondoni. P. O Box 70925, 14112 Dar es Salaam",www.tanzaniabankers.org,FINAL_DRR_Stakeholders_DATABASE_01092022 (2).xlsx,National Organizations,19,Provided DRR stakeholder database / National Organizations row 19,,Imported from the provided DRR stakeholder database; confirm mandate and contacts in System Settings before operational use.
stakeholder,Knight Support (T) Limited,,NGO,NGO,Civil society / humanitarian,Humanitarian/DRR,,,info@knightsupport.com,(+255)222618612/3/4/6,,,Dar es salaam,"Ali Hassan Mwinyi Road, P.O. Box 60532, 14112 Dar es salaam",http://www.knightsupport.com,FINAL_DRR_Stakeholders_DATABASE_01092022 (2).xlsx,National Organizations,20,Provided DRR stakeholder database / National Organizations row 20,,Imported from the provided DRR stakeholder database; confirm mandate and contacts in System Settings before operational use.
stakeholder,Automobile Association of Tanzania (AAT),AAT,NGO,NGO,Civil society / humanitarian,Humanitarian/DRR,Nizar r. Jivani,President,info@aatanzania.org,+255(0764950011 / +255(0)764950011,,,Dar es salaam,"Kilombelo/Islamic Street Plot No. 365 P.O Box 3004, 11101 50 Maktaba Street, Dar es Salaam",https://www.aatanzania.co.tz,FINAL_DRR_Stakeholders_DATABASE_01092022 (2).xlsx,National Organizations,21,Provided DRR stakeholder database / National Organizations row 21,,Imported from the provided DRR stakeholder database; confirm mandate and contacts in System Settings before operational use.
stakeholder,Hotels Association of Tanzania,,NGO,NGO,Civil society / humanitarian,Humanitarian/DRR,,,info@hat-tz.org,(+255)788558444/ (+255)786611090,,,Dar es salaam,"Utalii House, Ground Floor 1 Laibon Road, P.O. Box 23089, 14111 Dar es Salaam, Tanzania",http://www.hat-tz.org,FINAL_DRR_Stakeholders_DATABASE_01092022 (2).xlsx,National Organizations,22,Provided DRR stakeholder database / National Organizations row 22,,Imported from the provided DRR stakeholder database; confirm mandate and contacts in System Settings before operational use.
stakeholder,Journalists Environmental Association of Tanzania,,NGO,NGO,Civil society / humanitarian,Environment/Natural Resources,,,info@jet.or.tz / jetassociation@gmail.com,(+255)735200330 / (+255)754263965/ (+255)222182240,,,Dar es salaam,"Sinza Vatican, Plot No.151, Box 15674, 16102 Dar es salaam.",www.jet.or.tz,FINAL_DRR_Stakeholders_DATABASE_01092022 (2).xlsx,National Organizations,23,Provided DRR stakeholder database / National Organizations row 23,,Imported from the provided DRR stakeholder database; confirm mandate and contacts in System Settings before operational use.
stakeholder,Tanzania Truck Owners Association (TATOA),TATOA,NGO,NGO,Civil society / humanitarian,Humanitarian/DRR,,Chairperson,info@tatoa.co.tz,(+255)222863041 (+255)753337337,,,Dar es salaam,"40827 Chang'ombe, Mchicha Area, Nyerere Road, P.O. Box 40827, 15103 Dar es Salaam",https://www.tatoa.co.tz,FINAL_DRR_Stakeholders_DATABASE_01092022 (2).xlsx,National Organizations,24,Provided DRR stakeholder database / National Organizations row 24,,Imported from the provided DRR stakeholder database; confirm mandate and contacts in System Settings before operational use.
stakeholder,Tanzania Bus Owners Association,,NGO,NGO,Civil society / humanitarian,Humanitarian/DRR,,General Secretary,,(+255) 714 820 117,,,Dar es Salaam,"General Secretary TABOA P.O. BOX 5789, 16103 Rubada Building, Morogoro Road, Dar es Salaam",,FINAL_DRR_Stakeholders_DATABASE_01092022 (2).xlsx,National Organizations,25,Provided DRR stakeholder database / National Organizations row 25,,Imported from the provided DRR stakeholder database; confirm mandate and contacts in System Settings before operational use.
agency,University of Dar es Salaam Department of Geography,,Government,Academic and Research Institution,Training / research,"Education/Research, Finance/Risk Financing",Prof Christine Noe (Head of Department),,geog@udsm.ac.tz,(255)222410474,,,Dar es Salaam,"P.O.Box 35049, 16103 Dar es Salaam, Tanzania",https://www.udsm.ac.tz,FINAL_DRR_Stakeholders_DATABASE_01092022 (2).xlsx,Training &Research Institutions,2,Provided DRR stakeholder database / Training &Research Institutions row 2,,Imported from the provided DRR stakeholder database; confirm mandate and contacts in System Settings before operational use.
agency,"University of Dar es Salaam, Department of Geosciences",,Government,Academic and Research Institution,Training / research,"Education/Research, Finance/Risk Financing",Dr Kazimoto (Head of Department),,geosciences@udsm.ac.tz,(255)222410013,,,Dar es Salaam,"P.O.Box 35091, 16103 Dar es Salaam, Tanzania",www.udsm.ac.tz,FINAL_DRR_Stakeholders_DATABASE_01092022 (2).xlsx,Training &Research Institutions,3,Provided DRR stakeholder database / Training &Research Institutions row 3,,Imported from the provided DRR stakeholder database; confirm mandate and contacts in System Settings before operational use.
agency,Ardhi University Disaster Management Training Centre(DMTC),DMTC,Government,Academic and Research Institution,Training / research,Land Use/Urban Planning,Dr Nicholaus Fabian Mwageni (Director),,"nicholausmwageni2012@gmail.com , aru@aru.ac.tz",(255)222775052/255222775004,,,Dar es Salaam,"P.O.Box 35176, 14113 Dar es Salaam, Tanzania",www.aru.ac.tz,FINAL_DRR_Stakeholders_DATABASE_01092022 (2).xlsx,Training &Research Institutions,4,Provided DRR stakeholder database / Training &Research Institutions row 4,,Imported from the provided DRR stakeholder database; confirm mandate and contacts in System Settings before operational use.
agency,University of Dodoma (UDOM),UDOM,Government,Academic and Research Institution,Training / research,"Education/Research, Finance/Risk Financing",Prof. Lugano Kusiluka (Vice Chancellor),,vc@udom.ac.tz,(+255)262160220,,,Dodoma,"P.O Box 259, 41218 Dodoma, Tanzania",https//www.udom.ac.tz,FINAL_DRR_Stakeholders_DATABASE_01092022 (2).xlsx,Training &Research Institutions,5,Provided DRR stakeholder database / Training &Research Institutions row 5,,Imported from the provided DRR stakeholder database; confirm mandate and contacts in System Settings before operational use.
agency,National Institute for Medical Research (NIMRI),NIMRI,Government,Academic and Research Institution,Training / research,"Health, Education/Research, Finance/Risk Financing","Dr. Ndekya Maria Orio (Coordinator, Research Information, Technology and Communication)",,hq@nimr.or.tz / info@nimr.or.tz / ndekia@gmail.com,(+255)222121400/ (+255)0764417771,,,Dar es salaam,"3 Barack Obama Drive, P.O. Box 9653, 11101 Dar es Salaam, Tanzania",https://www.nimr.or.tz,FINAL_DRR_Stakeholders_DATABASE_01092022 (2).xlsx,Training &Research Institutions,6,Provided DRR stakeholder database / Training &Research Institutions row 6,,Imported from the provided DRR stakeholder database; confirm mandate and contacts in System Settings before operational use.
agency,Ifakara Health Institute (IHI),IHI,Government,Academic and Research Institution,Training / research,"Health, Education/Research, Finance/Risk Financing",Dr. Grace Mwangoka(Senior Research Scientist),,info@ihi.or.tz / gmwangoka@ihi.or.tz,(+255)222774756/(+255)713440435,,,Dar es salaam,"Plot 463, Kiko Avenue Mikocheni, P.O. Box 78 373, 14112 Dar es Salaam",https://www.ihi.or.tz,FINAL_DRR_Stakeholders_DATABASE_01092022 (2).xlsx,Training &Research Institutions,7,Provided DRR stakeholder database / Training &Research Institutions row 7,,Imported from the provided DRR stakeholder database; confirm mandate and contacts in System Settings before operational use.
agency,Muhimbili University of Health and Allied Sciences (MUHAS),MUHAS,Government,Academic and Research Institution,Training / research,"Health, Education/Research, Finance/Risk Financing",Dr. Deodatus Kakoko (Senior Lecturer),,webmaster@muhas.ac.tz / deodatuskakoko@gmail.com,(+255)222151596,,,Dar es salaam,"MUHAS, P.O. Box 65001, 11103 Dar es Salaam",https://www.muhas.ac.tz,FINAL_DRR_Stakeholders_DATABASE_01092022 (2).xlsx,Training &Research Institutions,8,Provided DRR stakeholder database / Training &Research Institutions row 8,,Imported from the provided DRR stakeholder database; confirm mandate and contacts in System Settings before operational use.
agency,Sokoine University of Agriculture (SUA),SUA,Government,Academic and Research Institution,Training / research,"Agriculture/Food Security, Education/Research, Finance/Risk Financing",Prof. Rudovick Kazwala,,sua@sua.ac.tz / kazwala@gmail.com,(+255)232603511/4 / (+255)754297441,,,Morogoro,"Sokoine University of Agriculture, P.O. Box 3000, 67125 Chuo Kikuu, Morogoro -Tanzania",https://www.sua.ac.tz,FINAL_DRR_Stakeholders_DATABASE_01092022 (2).xlsx,Training &Research Institutions,9,Provided DRR stakeholder database / Training &Research Institutions row 9,,Imported from the provided DRR stakeholder database; confirm mandate and contacts in System Settings before operational use.
stakeholder,Save the Children International,,International,Development Partner,International / multilateral,Social Protection/Special Groups,Bester Mulauzi,Country Director for Tanzania,info@savethechildren.or.tz,(+255)222701725,,,Dar es salaam,"P. O. Box 10414, 14112 Plot 257, Kiko Avenue, Mikocheni A, Mwai Kibaki Road, Dar Es Salaam",https://tanzania.savethechildren.net,FINAL_DRR_Stakeholders_DATABASE_01092022 (2).xlsx,International NGOs,4,Provided DRR stakeholder database / International NGOs row 4,,Imported from the provided DRR stakeholder database; confirm mandate and contacts in System Settings before operational use.
stakeholder,Africa One Health University Network (AFROHUN),AFROHUN,International,Development Partner,International / multilateral,"Health, Education/Research",Prof. Japhet Killewo,,jkillewo@yahoo.co.uk,(+255)782853257,,,,"MUHAS, P.O. Box 65001, 11103 Dar es Salaam",https://www.afrohun.org,FINAL_DRR_Stakeholders_DATABASE_01092022 (2).xlsx,International NGOs,5,Provided DRR stakeholder database / International NGOs row 5,,Imported from the provided DRR stakeholder database; confirm mandate and contacts in System Settings before operational use.
stakeholder,World Vision International,,International,Development Partner,International / multilateral,Humanitarian/DRR,Gilbert Kamanga,National Director,Gilbert_Kamanga@wvi.org / Victor_Katambala@wvi.org,(+255)272970136/ (+255)272970139/ (+255)272970144/5,,,Arusha,"Radio Tanzania Road, Off Njiro Road, Block C, Plot No. 181, Njiro,P.O. Box 6070, 23114 Arusha, Tanzania.",https://www.wvi.org,FINAL_DRR_Stakeholders_DATABASE_01092022 (2).xlsx,International NGOs,6,Provided DRR stakeholder database / International NGOs row 6,,Imported from the provided DRR stakeholder database; confirm mandate and contacts in System Settings before operational use.
agency,Dar es Salaam Region,,Government,Local Government Authority,Council / LGA,Regional/LGA Governance,Rehema Seif Madenge,Regional Administrative Secretary (RAS),ras@dsm.go.tz,"(255)222203158,",,,Dar es salaam,"Ofisi ya Mkuu wa Mkoa, 3 Barabara ya Rashid Kawawa, S.L.P. 5429, 12880 DAR ES SALAAM, Tanzania",www.dsm.go.tz,FINAL_DRR_Stakeholders_DATABASE_01092022 (2).xlsx,LGA,2,Provided DRR stakeholder database / LGA row 2,,Imported from the provided DRR stakeholder database; confirm mandate and contacts in System Settings before operational use.
agency,Kinondoni Municipal Council,,Government,Local Government Authority,Council / LGA,Regional/LGA Governance,Hanifa Suleimani Hamza,Municipal Director,md@kinondonimc.go.tz,(255) 22 2170173,,,Dar es salaam,"2 Morogoro Road, P.O.Box 31902, 14882 Dar es Salaam",https://www.kinondonimc.go.tz,FINAL_DRR_Stakeholders_DATABASE_01092022 (2).xlsx,LGA,3,Provided DRR stakeholder database / LGA row 3,,Imported from the provided DRR stakeholder database; confirm mandate and contacts in System Settings before operational use.
agency,Temeke Municipal Council,,Government,Local Government Authority,Council / LGA,Regional/LGA Governance,Elhuruma Mabelya,Municipal Director,temeke@temekemc.go.tz,(255) 22-2928132,,,Dar es salaam,"P.O.Box 46343, 15882 Dar-es-Salaam",https://www.temekemc.go.tz/,FINAL_DRR_Stakeholders_DATABASE_01092022 (2).xlsx,LGA,4,Provided DRR stakeholder database / LGA row 4,,Imported from the provided DRR stakeholder database; confirm mandate and contacts in System Settings before operational use.
agency,Ubungo Municipal Council,,Government,Local Government Authority,Council / LGA,Regional/LGA Governance,Municipal Director,Municipal Director,md@ubungomc.go.tz,(255) 22 2926341,,,Dar es salaam,"Kibamba Area, Morogoro Road, P. O. BOX 55068, 16882 Dar es Salaam",https://ubungomc.go.tz,FINAL_DRR_Stakeholders_DATABASE_01092022 (2).xlsx,LGA,5,Provided DRR stakeholder database / LGA row 5,,Imported from the provided DRR stakeholder database; confirm mandate and contacts in System Settings before operational use.
agency,Kigamboni Municipal Council,,Government,Local Government Authority,Council / LGA,Regional/LGA Governance,Erasto Kiwale,Municipal Director,info@kigambonimc.go.tz,(255) 222928468,,,Dar es salaam,"Gezaulole Somangila Ward, Kigamboni. P.O. Box 36009, 17882 Dar es Salaam",https://kigambonimc.go.tz/,FINAL_DRR_Stakeholders_DATABASE_01092022 (2).xlsx,LGA,6,Provided DRR stakeholder database / LGA row 6,,Imported from the provided DRR stakeholder database; confirm mandate and contacts in System Settings before operational use.
agency,Dar es Salaam City Council,,Government,Local Government Authority,Council / LGA,Regional/LGA Governance,Eng. Amani Mafuru,Ag. City Director,info@dcc.go.tz,(255) 2128800,,,Dar es salaam,"1 Morogoro Road, P.O.Box 20950, 11882 Dar es Salaam",http://www.dcc.go.tz/,FINAL_DRR_Stakeholders_DATABASE_01092022 (2).xlsx,LGA,7,Provided DRR stakeholder database / LGA row 7,,Imported from the provided DRR stakeholder database; confirm mandate and contacts in System Settings before operational use.
agency,Arusha Region,,Government,Local Government Authority,Council / LGA,Regional/LGA Governance,RAS,Regional Administrative Secretary (RAS),ras@arusha.go.tz,(255) 272544950,,,Arusha,"Ofisi ya Mkuu wa Mkoa P O Box 3050, 23180 Arusha, Tanzania",www.arusha.go.tz,FINAL_DRR_Stakeholders_DATABASE_01092022 (2).xlsx,LGA,8,Provided DRR stakeholder database / LGA row 8,,Imported from the provided DRR stakeholder database; confirm mandate and contacts in System Settings before operational use.
agency,Arusha District Council,,Government,Local Government Authority,Council / LGA,Regional/LGA Governance,District Executive Director (DED),District Executive Director (DED),ded@arushadc.go.tz,(255) 027 2502737,,,Arusha,"Sekei Road, P.O.Box 2330, 23382 Arusha",https://www.arushadc.go.tz/,FINAL_DRR_Stakeholders_DATABASE_01092022 (2).xlsx,LGA,9,Provided DRR stakeholder database / LGA row 9,,Imported from the provided DRR stakeholder database; confirm mandate and contacts in System Settings before operational use.
agency,Arusha City Council,,Government,Local Government Authority,Council / LGA,Regional/LGA Governance,City Director,City Director,cd@arushacc.go.tz,(255) 0272548072,,,Arusha,"20 Boma Street 23101, P.O.Box 3103, 23182 Arusha, Tanzania",https://www.arushacc.go.tz/,FINAL_DRR_Stakeholders_DATABASE_01092022 (2).xlsx,LGA,10,Provided DRR stakeholder database / LGA row 10,,Imported from the provided DRR stakeholder database; confirm mandate and contacts in System Settings before operational use.
agency,Meru District Council,,Government,Local Government Authority,Council / LGA,Regional/LGA Governance,District Executive Director (DED),District Executive Director (DED),ded@merudc.go.tz,(255) 272970482,,,Usa River,"P.O.Box 462, 23383 Usa River, Arusha, Tanzania",https://merudc.go.tz/,FINAL_DRR_Stakeholders_DATABASE_01092022 (2).xlsx,LGA,11,Provided DRR stakeholder database / LGA row 11,,Imported from the provided DRR stakeholder database; confirm mandate and contacts in System Settings before operational use.
agency,Monduli District Council,,Government,Local Government Authority,Council / LGA,Regional/LGA Governance,District Executive Director (DED),District Executive Director (DED),ded@mondulidc.go.tz,(255) 272538006,,,Monduli,"P.O.Box 1, 23482 Monduli, Tanzania",https://mondulidc.go.tz/,FINAL_DRR_Stakeholders_DATABASE_01092022 (2).xlsx,LGA,12,Provided DRR stakeholder database / LGA row 12,,Imported from the provided DRR stakeholder database; confirm mandate and contacts in System Settings before operational use.
agency,Karatu District Council,,Government,Local Government Authority,Council / LGA,Regional/LGA Governance,District Executive Director (DED),District Executive Director (DED),ded@karatudc.go.tz,(255) 272970648,,,Karatu,"P.O.Box 190, 23682 Karatu, Tanzania",https://karatudc.go.tz/,FINAL_DRR_Stakeholders_DATABASE_01092022 (2).xlsx,LGA,13,Provided DRR stakeholder database / LGA row 13,,Imported from the provided DRR stakeholder database; confirm mandate and contacts in System Settings before operational use.
agency,Longido District Council,,Government,Local Government Authority,Council / LGA,Regional/LGA Governance,District Executive Director (DED),District Executive Director (DED),ded@longidodc.go.tz,(255) 272539603,,,Longido,"Arusha- Namanga Road, P.O.Box 84, 23582 Longido, Tanzania",https://longidodc.go.tz/,FINAL_DRR_Stakeholders_DATABASE_01092022 (2).xlsx,LGA,14,Provided DRR stakeholder database / LGA row 14,,Imported from the provided DRR stakeholder database; confirm mandate and contacts in System Settings before operational use.
agency,Ngorongoro District Council,,Government,Local Government Authority,Council / LGA,Regional/LGA Governance,District Executive Director (DED),District Executive Director (DED),ded@ngorongorodc.go.tz,(255) 272535051/752317054(Mobile),,,Loliondo,"P.O.Box 1, 23782 Loliondo, Tanzania",https://ngorongorodc.go.tz/,FINAL_DRR_Stakeholders_DATABASE_01092022 (2).xlsx,LGA,15,Provided DRR stakeholder database / LGA row 15,,Imported from the provided DRR stakeholder database; confirm mandate and contacts in System Settings before operational use.
agency,Dodoma Region,,Government,Local Government Authority,Council / LGA,Regional/LGA Governance,RAS,Regional Administrative Secretary (RAS),ras@dodoma.go.tz,(255) 26 232 4343/232,,,Dodoma,"Ofisi ya Mkuu wa Mkoa P. O Box 914, 41180 Dodoma, Tanzania",www.dodoma.go.tz,FINAL_DRR_Stakeholders_DATABASE_01092022 (2).xlsx,LGA,16,Provided DRR stakeholder database / LGA row 16,,Imported from the provided DRR stakeholder database; confirm mandate and contacts in System Settings before operational use.
agency,Bahi District Council,,Government,Local Government Authority,Council / LGA,Regional/LGA Governance,District Executive Director (DED),District Executive Director (DED),ded@bahidc.go.tz,(255) 26 2961400/767 421 327 (mobile),,,Bahi,"P.O.Box 2993, 41382 Dodoma, Tanzania",https://bahidc.go.tz/,FINAL_DRR_Stakeholders_DATABASE_01092022 (2).xlsx,LGA,17,Provided DRR stakeholder database / LGA row 17,,Imported from the provided DRR stakeholder database; confirm mandate and contacts in System Settings before operational use.
agency,Chamwino District Council,,Government,Local Government Authority,Council / LGA,Regional/LGA Governance,District Executive Director (DED),District Executive Director (DED),ded@chamwinodc.go.tz,(255) 026 296 1511,,,Chamwino,"P.O.Box 1126, 41482 Dodoma, Tanzania",http://chamwinodc.go.tz/,FINAL_DRR_Stakeholders_DATABASE_01092022 (2).xlsx,LGA,18,Provided DRR stakeholder database / LGA row 18,,Imported from the provided DRR stakeholder database; confirm mandate and contacts in System Settings before operational use.
agency,Chemba District Council,,Government,Local Government Authority,Council / LGA,Regional/LGA Governance,District Executive Director (DED),District Executive Director (DED),ded@chembadc.go.tz,(255) 0262360175/0765980765 (mobile),,,Chemba,"P.O.Box 830, 41882 Chemba, Tanzania",https://chembadc.go.tz/,FINAL_DRR_Stakeholders_DATABASE_01092022 (2).xlsx,LGA,19,Provided DRR stakeholder database / LGA row 19,,Imported from the provided DRR stakeholder database; confirm mandate and contacts in System Settings before operational use.
agency,Kondoa District Council,,Government,Local Government Authority,Council / LGA,Regional/LGA Governance,District Executive Director (DED),District Executive Director (DED),ded@kondoadc.go.tz,(255) 0262360313,,,Kondoa,"P.O.Box 1, 41783 Kondoa, Tanzania",https://kondoadc.go.tz,FINAL_DRR_Stakeholders_DATABASE_01092022 (2).xlsx,LGA,20,Provided DRR stakeholder database / LGA row 20,,Imported from the provided DRR stakeholder database; confirm mandate and contacts in System Settings before operational use.
agency,Kongwa District Council,,Government,Local Government Authority,Council / LGA,Regional/LGA Governance,District Executive Director (DED),District Executive Director (DED),ded@kongwadc.go.tz,(255) 26 2370031 /737 798 222 (Mobile),,,Kongwa,"P.O.Box 57, 41582 Kongwa, Dodoma",https://kongwadc.go.tz/,FINAL_DRR_Stakeholders_DATABASE_01092022 (2).xlsx,LGA,21,Provided DRR stakeholder database / LGA row 21,,Imported from the provided DRR stakeholder database; confirm mandate and contacts in System Settings before operational use.
agency,Mpwapwa District Council,,Government,Local Government Authority,Council / LGA,Regional/LGA Governance,District Executive Director (DED),District Executive Director (DED),info@mpwapwadc.go.tz,(255) 26 2320122/2320 / 688639341 (mobile),,,Mpwapwa,"P.O.Box 12, 41682 Mpwapwa, Dodoma",https://mpwapwadc.go.tz/,FINAL_DRR_Stakeholders_DATABASE_01092022 (2).xlsx,LGA,22,Provided DRR stakeholder database / LGA row 22,,Imported from the provided DRR stakeholder database; confirm mandate and contacts in System Settings before operational use.
agency,Kondoa Town District Council,,Government,Local Government Authority,Council / LGA,Regional/LGA Governance,Town Council Director,Town Director,td@kondoatc.go.tz,(255) 712264912,,,Kondoa,"Kwapakacha street, P.O.Box 711, 41782 Kondoa",https://kondoatc.go.tz/,FINAL_DRR_Stakeholders_DATABASE_01092022 (2).xlsx,LGA,23,Provided DRR stakeholder database / LGA row 23,,Imported from the provided DRR stakeholder database; confirm mandate and contacts in System Settings before operational use.
agency,Dodoma City Council,,Government,Local Government Authority,Council / LGA,Regional/LGA Governance,City Director,City Director,cd@dodomacc.go.tz,(255) 26 232 4817,,,Dodoma,"3 CDA street, P.O.Box 1249, 41182 Dodoma, Tanzania",https://dodomamc.go.tz/,FINAL_DRR_Stakeholders_DATABASE_01092022 (2).xlsx,LGA,24,Provided DRR stakeholder database / LGA row 24,,Imported from the provided DRR stakeholder database; confirm mandate and contacts in System Settings before operational use.
agency,Kilimanjaro Region,,Government,Local Government Authority,Council / LGA,Regional/LGA Governance,RAS,Regional Administrative Secretary (RAS),ras@kilimanjaro.go.tz,(255) 027 2758248/027 2751,,,Moshi,"Ofisi ya Mkuu wa Mkoa P.O.Box 3070, 25180 Moshi, Tanzania",www.kilimanjaro.go.tz,FINAL_DRR_Stakeholders_DATABASE_01092022 (2).xlsx,LGA,25,Provided DRR stakeholder database / LGA row 25,,Imported from the provided DRR stakeholder database; confirm mandate and contacts in System Settings before operational use.
agency,Hai District Council,,Government,Local Government Authority,Council / LGA,Regional/LGA Governance,District Executive Director (DED),District Executive Director (DED),ded@haidc.go.tz,(255) 0272758441,,,Hai,"P.O.Box 27, 25382 Hai, Tanzania",www.haidc.go.tz,FINAL_DRR_Stakeholders_DATABASE_01092022 (2).xlsx,LGA,26,Provided DRR stakeholder database / LGA row 26,,Imported from the provided DRR stakeholder database; confirm mandate and contacts in System Settings before operational use.
agency,Moshi District Council,,Government,Local Government Authority,Council / LGA,Regional/LGA Governance,District Executive Director (DED),District Executive Director (DED),nfo@moshidc.go.tz,(255) 2751865,,,Moshi,"P.O.Box 3003, 25183 Moshi, Tanzania",https://moshidc.go.tz/,FINAL_DRR_Stakeholders_DATABASE_01092022 (2).xlsx,LGA,27,Provided DRR stakeholder database / LGA row 27,,Imported from the provided DRR stakeholder database; confirm mandate and contacts in System Settings before operational use.
agency,Moshi Municipal Council,,Government,Local Government Authority,Council / LGA,Regional/LGA Governance,Municipal Director,Municipal Director,md@moshimc.go.tz,(255) 0272752906/027274371/4 (mobile),,,Moshi,"P.O.Box 318, 25182 Moshi, Tanzania",https://moshimc.go.tz/,FINAL_DRR_Stakeholders_DATABASE_01092022 (2).xlsx,LGA,28,Provided DRR stakeholder database / LGA row 28,,Imported from the provided DRR stakeholder database; confirm mandate and contacts in System Settings before operational use.
agency,Mwanga District Council,,Government,Local Government Authority,Council / LGA,Regional/LGA Governance,District Executive Director (DED),District Executive Director (DED),ded@mwangadc.go.tz,(255) 272974343 / 272974343(Mobile),,,Mwanga,"P.O.Box 176, 25582 Mwanga, Kilimanjaro, Tanzania",https://mwangadc.go.tz,FINAL_DRR_Stakeholders_DATABASE_01092022 (2).xlsx,LGA,29,Provided DRR stakeholder database / LGA row 29,,Imported from the provided DRR stakeholder database; confirm mandate and contacts in System Settings before operational use.
agency,Same District Council,,Government,Local Government Authority,Council / LGA,Regional/LGA Governance,District Executive Director (DED),District Executive Director (DED),ded@samedc.go.tz,(255) 27 2758034/717657681,,,Same,"P.O.Box 138 Same, 25682 Kilimanjaro, Tanzania",https://samedc.go.tz,FINAL_DRR_Stakeholders_DATABASE_01092022 (2).xlsx,LGA,30,Provided DRR stakeholder database / LGA row 30,,Imported from the provided DRR stakeholder database; confirm mandate and contacts in System Settings before operational use.
agency,Siha District Council,,Government,Local Government Authority,Council / LGA,Regional/LGA Governance,District Executive Director (DED),District Executive Director (DED),ded@sihadc.go.tz,(255) 272-970677 /757504743,,,Sanya Juu,"P.O.Box 129, 25482 Sanya Juu, Siha, Kilimanjaro",https://sihadc.go.tz,FINAL_DRR_Stakeholders_DATABASE_01092022 (2).xlsx,LGA,31,Provided DRR stakeholder database / LGA row 31,,Imported from the provided DRR stakeholder database; confirm mandate and contacts in System Settings before operational use.
agency,Rombo District Council,,Government,Local Government Authority,Council / LGA,Regional/LGA Governance,District Executive Director (DED),District Executive Director (DED),nfo.ded@rombodc.go.tz,(255) 2757101 /2757101 (mobile),,,Mkuu,"Mkuu Bomani Street, P.O.Box 52, 25782 Mkuu Rombo, Tanzania",https://rombodc.go.tz/,FINAL_DRR_Stakeholders_DATABASE_01092022 (2).xlsx,LGA,32,Provided DRR stakeholder database / LGA row 32,,Imported from the provided DRR stakeholder database; confirm mandate and contacts in System Settings before operational use.
agency,Tanga Region,,Government,Local Government Authority,Council / LGA,Regional/LGA Governance,RAS,Regional Administrative Secretary (RAS),ras.tanga@tamisemi.go.tz,(255) 027 2642421,,,Tanga,"Ofisi ya Mkuu wa Mkoa P.O.Box 5095 Tanga, 21180 Tanzania",www.tanga.go.tz,FINAL_DRR_Stakeholders_DATABASE_01092022 (2).xlsx,LGA,33,Provided DRR stakeholder database / LGA row 33,,Imported from the provided DRR stakeholder database; confirm mandate and contacts in System Settings before operational use.
agency,Pangani District Council,,Government,Local Government Authority,Council / LGA,Regional/LGA Governance,District Executive Director (DED),District Executive Director (DED),ded@panganidc.go.tz,(255) 27 2630058 /0658100588/062289307 (mobile),,,Pangani,"P.O.Box 89, 21382 Pangani, Tanga Tanzania",https://panganidc.go.tz,FINAL_DRR_Stakeholders_DATABASE_01092022 (2).xlsx,LGA,34,Provided DRR stakeholder database / LGA row 34,,Imported from the provided DRR stakeholder database; confirm mandate and contacts in System Settings before operational use.
agency,Mkinga District Council,,Government,Local Government Authority,Council / LGA,Regional/LGA Governance,District Executive Director (DED),District Executive Director (DED),info@mkingadc.go.tz,(255) 27 2977200 / 0684625299,,,Tanga,"Kasera, Tanga-Horohoro Road, P.O.Box 6005, 21582 Tanga, Tanzania",https://mkingadc.go.tz/,FINAL_DRR_Stakeholders_DATABASE_01092022 (2).xlsx,LGA,35,Provided DRR stakeholder database / LGA row 35,,Imported from the provided DRR stakeholder database; confirm mandate and contacts in System Settings before operational use.
agency,Muheza District Council,,Government,Local Government Authority,Council / LGA,Regional/LGA Governance,District Executive Director (DED),District Executive Director (DED),ded@muhezadc.go.tz,(255) 272977545 / 0655415152 (mobile),,,Muheza,"Muheza Mjini, Bomani. P.O.Box 20, 21482 Muheza",https://muhezadc.go.tz,FINAL_DRR_Stakeholders_DATABASE_01092022 (2).xlsx,LGA,36,Provided DRR stakeholder database / LGA row 36,,Imported from the provided DRR stakeholder database; confirm mandate and contacts in System Settings before operational use.
agency,Tanga City Council,,Government,Local Government Authority,Council / LGA,Regional/LGA Governance,City Director,City Director,info@tangacc.go.tz,(255) 0272643068,,,Tanga,"Independent Avenue, P.O.Box 178, 21182 Tanga, Tanzania",https://tangacc.go.tz,FINAL_DRR_Stakeholders_DATABASE_01092022 (2).xlsx,LGA,37,Provided DRR stakeholder database / LGA row 37,,Imported from the provided DRR stakeholder database; confirm mandate and contacts in System Settings before operational use.
agency,Korogwe District Council,,Government,Local Government Authority,Council / LGA,Regional/LGA Governance,District Executive Director (DED),District Executive Director (DED),ded@korogwedc.go.tz,(255) 027 2650017/2650061,,,Korogwe,"P.O.Box 584, 21683 Korogwe, Tanga",https://korogwedc.go.tz,FINAL_DRR_Stakeholders_DATABASE_01092022 (2).xlsx,LGA,38,Provided DRR stakeholder database / LGA row 38,,Imported from the provided DRR stakeholder database; confirm mandate and contacts in System Settings before operational use.
agency,Korogwe Town Council,,Government,Local Government Authority,Council / LGA,Regional/LGA Governance,Town Council Director,Town Director,info@korogwetc.go.tz,(255) 0272650050,,,Korogwe,"P.O.Box 615, 21682 Korogwe, Tanga",https://korogwetc.go.tz,FINAL_DRR_Stakeholders_DATABASE_01092022 (2).xlsx,LGA,39,Provided DRR stakeholder database / LGA row 39,,Imported from the provided DRR stakeholder database; confirm mandate and contacts in System Settings before operational use.
agency,Handeni District Council,,Government,Local Government Authority,Council / LGA,Regional/LGA Governance,,,ded@handenidc.go.tz,(255) 0272977402,,,Handeni,"P.O.Box 355, 21883 Handeni, Tanga",https://handenidc.go.tz,FINAL_DRR_Stakeholders_DATABASE_01092022 (2).xlsx,LGA,40,Provided DRR stakeholder database / LGA row 40,,Imported from the provided DRR stakeholder database; confirm mandate and contacts in System Settings before operational use.
agency,Handeni Town Council,,Government,Local Government Authority,Council / LGA,Regional/LGA Governance,Town Council Director,Town Director,td@handenitc.go.tz,(255) 027-2641807,,,Handeni,"Korogwe-Handeni Road, P.O.Box 51, 21882 Handeni, Tanga",https://handenitc.go.tz,FINAL_DRR_Stakeholders_DATABASE_01092022 (2).xlsx,LGA,41,Provided DRR stakeholder database / LGA row 41,,Imported from the provided DRR stakeholder database; confirm mandate and contacts in System Settings before operational use.
agency,Kilindi District Council,,Government,Local Government Authority,Council / LGA,Regional/LGA Governance,District Executive Director (DED),District Executive Director (DED),ded@kilindidc.go.tz,(255) 27 2977306,,,Songe,"P.O.Box 18, 21982 Songe, Kilindi",https://kilindidc.go.tz,FINAL_DRR_Stakeholders_DATABASE_01092022 (2).xlsx,LGA,42,Provided DRR stakeholder database / LGA row 42,,Imported from the provided DRR stakeholder database; confirm mandate and contacts in System Settings before operational use.
agency,Lushoto District Council,,Government,Local Government Authority,Council / LGA,Regional/LGA Governance,District Executive Director (DED),District Executive Director (DED),ded@lushotodc.go.tz,(255) (027) 2977216/ 755 723 374,,,Lushoto,"P.O.Box 32, 21782 Lushoto",https://lushotodc.go.tz,FINAL_DRR_Stakeholders_DATABASE_01092022 (2).xlsx,LGA,43,Provided DRR stakeholder database / LGA row 43,,Imported from the provided DRR stakeholder database; confirm mandate and contacts in System Settings before operational use.
agency,Morogoro Region,,Government,Local Government Authority,Council / LGA,Regional/LGA Governance,RAS,Regional Administrative Secretary (RAS),ras.morogoro@tamisemi.go.tz,(255) 0232934305/762303024 (mobile),,,Morogoro,"Ofisi ya Mkuu wa Mkoa P.O. Box 650, 67180 Morogoro, Tanzania",www.morogoro.go.tz,FINAL_DRR_Stakeholders_DATABASE_01092022 (2).xlsx,LGA,44,Provided DRR stakeholder database / LGA row 44,,Imported from the provided DRR stakeholder database; confirm mandate and contacts in System Settings before operational use.
agency,Morogoro Municipal,,Government,Local Government Authority,Council / LGA,Regional/LGA Governance,Municipal Director,Municipal Director,info@morogoromc.go.tz,(255) 0232614727/0734-039300 (mobile),,,Morogoro,"P.O.Box 166, 67182 Morogoro, Tanzania",https://morogoromc.go.tz,FINAL_DRR_Stakeholders_DATABASE_01092022 (2).xlsx,LGA,45,Provided DRR stakeholder database / LGA row 45,,Imported from the provided DRR stakeholder database; confirm mandate and contacts in System Settings before operational use.
agency,Morogoro District Council,,Government,Local Government Authority,Council / LGA,Regional/LGA Governance,District Executive Director (DED),District Executive Director (DED),ded@morogorodc.go.tz,(255) 23 2935458,,,Morogoro,"Mvuha Area, Mvuha - Magogoni Road, P.O.Box 1880, 67183 Morogoro, Tanzania",https://morogorodc.go.tz,FINAL_DRR_Stakeholders_DATABASE_01092022 (2).xlsx,LGA,46,Provided DRR stakeholder database / LGA row 46,,Imported from the provided DRR stakeholder database; confirm mandate and contacts in System Settings before operational use.
agency,Mvomero District Council,,Government,Local Government Authority,Council / LGA,Regional/LGA Governance,District Executive Director (DED),District Executive Director (DED),ded@mvomerodc.go.tz,(255) 23 293 4348,,,Morogoro,"Wami Sokoine, Dakawa, Mvomero, P.O.Box 663, 67382 Morogoro, Tanzania",https://mvomerodc.go.tz,FINAL_DRR_Stakeholders_DATABASE_01092022 (2).xlsx,LGA,47,Provided DRR stakeholder database / LGA row 47,,Imported from the provided DRR stakeholder database; confirm mandate and contacts in System Settings before operational use.
agency,Gairo District Council,,Government,Local Government Authority,Council / LGA,Regional/LGA Governance,District Executive Director (DED),District Executive Director (DED),ded@gairodc.go.tz,(255) 232935454/0767498981 (mobile),,,Gairo,"Malimbika Street, P.O.Box 40, 67782 Gairo",https://gairodc.go.tz/,FINAL_DRR_Stakeholders_DATABASE_01092022 (2).xlsx,LGA,48,Provided DRR stakeholder database / LGA row 48,,Imported from the provided DRR stakeholder database; confirm mandate and contacts in System Settings before operational use.
agency,Ulanga District Council,,Government,Local Government Authority,Council / LGA,Regional/LGA Governance,District Executive Director (DED),District Executive Director (DED),ded@ulangadc.go.tz,(255) 0232626340,,,Ulanga,"P.O.Box 22, 67682 Ulanga, Morogoro",https://ulangadc.go.tz,FINAL_DRR_Stakeholders_DATABASE_01092022 (2).xlsx,LGA,49,Provided DRR stakeholder database / LGA row 49,,Imported from the provided DRR stakeholder database; confirm mandate and contacts in System Settings before operational use.
agency,Malinyi District Council,,Government,Local Government Authority,Council / LGA,Regional/LGA Governance,District Executive Director (DED),District Executive Director (DED),ded@malinyidc.go.tz,(255) 0643111999,,,Malinyi,"Misegese Area, P.O.Box 18, 67882 Malinyi, Morogoro",https://malinyidc.go.t,FINAL_DRR_Stakeholders_DATABASE_01092022 (2).xlsx,LGA,50,Provided DRR stakeholder database / LGA row 50,,Imported from the provided DRR stakeholder database; confirm mandate and contacts in System Settings before operational use.
agency,Kilombero District Council,,Government,Local Government Authority,Council / LGA,Regional/LGA Governance,District Executive Director (DED),District Executive Director (DED),ded@kilomberodc.go.tz,(255) 023 293 1523,,,Ifakara,"Mngeta, Itongoa village, P.O.Box 263, 67583 Ifakara, Kilombero",https://kilomberodc.go.tz,FINAL_DRR_Stakeholders_DATABASE_01092022 (2).xlsx,LGA,51,Provided DRR stakeholder database / LGA row 51,,Imported from the provided DRR stakeholder database; confirm mandate and contacts in System Settings before operational use.
agency,Ifakara Town council,,Government,Local Government Authority,Council / LGA,Regional/LGA Governance,Town Council Director,Town Director,info@ifakaratc.go.tz,(255) 028 2931523,,,Ifakara,"P.O.Box 433, 67582 Ifakara",https://ifakaratc.go.tz/,FINAL_DRR_Stakeholders_DATABASE_01092022 (2).xlsx,LGA,52,Provided DRR stakeholder database / LGA row 52,,Imported from the provided DRR stakeholder database; confirm mandate and contacts in System Settings before operational use.
agency,Kilosa District Council,,Government,Local Government Authority,Council / LGA,Regional/LGA Governance,District Executive Director (DED),District Executive Director (DED),ded@kilosadc.go.tz,(255) 023 2623093,,,Kilosa,"P.O.Box 65, 67482 Kilosa",https://kilosadc.go.tz,FINAL_DRR_Stakeholders_DATABASE_01092022 (2).xlsx,LGA,53,Provided DRR stakeholder database / LGA row 53,,Imported from the provided DRR stakeholder database; confirm mandate and contacts in System Settings before operational use.
agency,Coast Region,,Government,Regional Administration,Regional secretariat,"Finance/Risk Financing, Regional/LGA Governance",RAS,Regional Administrative Secretary (RAS),barua@pwani.go.tz,(255) 023 2402287/2402500 /023 2402287/2402500 (mobile),,,Kibaha,"Ofisi ya Mkuu wa Mkoa P.O.Box 30080, 61180 Kibaha , Tanzania",www.pwani.go.tz,FINAL_DRR_Stakeholders_DATABASE_01092022 (2).xlsx,LGA,54,Provided DRR stakeholder database / LGA row 54,,Imported from the provided DRR stakeholder database; confirm mandate and contacts in System Settings before operational use.
agency,Kibaha Town council,,Government,Local Government Authority,Council / LGA,Regional/LGA Governance,Town Council Director,Town Director,td.kibaha@pwani.go.tz,(255) 023 240 2938,,,Kibaha,"P.O.Box 30112, 61182 Kibaha, Tanzania",https://kibahatc.go.tz,FINAL_DRR_Stakeholders_DATABASE_01092022 (2).xlsx,LGA,55,Provided DRR stakeholder database / LGA row 55,,Imported from the provided DRR stakeholder database; confirm mandate and contacts in System Settings before operational use.
agency,Kibaha District Council,,Government,Local Government Authority,Council / LGA,Regional/LGA Governance,District Executive Director (DED),District Executive Director (DED),ded.kibaha@pwani.go.tz,(255) 23240224,,,Kibaha,"P.O.Box 30153, 61183 Kibaha, Tanzania",https://kibahadc.go.tz,FINAL_DRR_Stakeholders_DATABASE_01092022 (2).xlsx,LGA,56,Provided DRR stakeholder database / LGA row 56,,Imported from the provided DRR stakeholder database; confirm mandate and contacts in System Settings before operational use.
agency,Kisarawe District Council,,Government,Local Government Authority,Council / LGA,Regional/LGA Governance,District Executive Director (DED),District Executive Director (DED),ded@kisarawedc.go.tz,(255) 023 2401045/0784930892 (mobile),,,Kisarawe,"Bomani Road, Kisarawe. P.O.Box 28001, 61482 Kisarawe, Pwani",https://kisarawedc.go.tz,FINAL_DRR_Stakeholders_DATABASE_01092022 (2).xlsx,LGA,57,Provided DRR stakeholder database / LGA row 57,,Imported from the provided DRR stakeholder database; confirm mandate and contacts in System Settings before operational use.
agency,Mafia District Council,,Government,Local Government Authority,Council / LGA,Regional/LGA Governance,District Executive Director (DED),District Executive Director (DED),ded@mafiadc.go.tz,(255) 0232010199,,,Mafia,"Kilindoni, Bomani Street. P.O.Box 85, 61782 Mafia.",https://mafiadc.go.tz,FINAL_DRR_Stakeholders_DATABASE_01092022 (2).xlsx,LGA,58,Provided DRR stakeholder database / LGA row 58,,Imported from the provided DRR stakeholder database; confirm mandate and contacts in System Settings before operational use.
agency,Mkuranga District Council,,Government,Local Government Authority,Council / LGA,Regional/LGA Governance,District Executive Director (DED),District Executive Director (DED),ded@mkurangadc.go.tz,(255) 232110038/784494689 (mobile),,,Mkuranga,"P.O.Box 10, 61582 Mkuranga, Pwani",https://mkurangadc.go.tz,FINAL_DRR_Stakeholders_DATABASE_01092022 (2).xlsx,LGA,59,Provided DRR stakeholder database / LGA row 59,,Imported from the provided DRR stakeholder database; confirm mandate and contacts in System Settings before operational use.
agency,Rufiji District Council,,Government,Local Government Authority,Council / LGA,Regional/LGA Governance,District Executive Director (DED),District Executive Director (DED),ded@rufijidc.go.tz,(255) 0232010304,,,Utete,"P.O.Box 28, 61682 Utete, Rufiji.",https://rufijidc.go.t,FINAL_DRR_Stakeholders_DATABASE_01092022 (2).xlsx,LGA,60,Provided DRR stakeholder database / LGA row 60,,Imported from the provided DRR stakeholder database; confirm mandate and contacts in System Settings before operational use.
agency,Kibiti District Council,,Government,Local Government Authority,Council / LGA,Regional/LGA Governance,District Executive Director (DED),District Executive Director (DED),ded@kibitidc.go.tz,(255) 023-2010926/023-2010926(mobile),,,Kibiti,"P.O.Box 33, 61882 Kibiti, Pwani",https://kibitidc.go.tz,FINAL_DRR_Stakeholders_DATABASE_01092022 (2).xlsx,LGA,61,Provided DRR stakeholder database / LGA row 61,,Imported from the provided DRR stakeholder database; confirm mandate and contacts in System Settings before operational use.
agency,ChalinzeDistrict Council,,Government,Local Government Authority,Council / LGA,Regional/LGA Governance,District Executive Director (DED),District Executive Director (DED),ded@chalinzedc.go.tz,(255) 232935403,,,Chalinze,"P.O.Box 65, 61383 Lugoba Chalinze",https://chalinzedc.go.tz,FINAL_DRR_Stakeholders_DATABASE_01092022 (2).xlsx,LGA,62,Provided DRR stakeholder database / LGA row 62,,Imported from the provided DRR stakeholder database; confirm mandate and contacts in System Settings before operational use.
agency,Bagamoyo District Council,,Government,Local Government Authority,Council / LGA,Regional/LGA Governance,,,ded.bagamoyo@pwani.go.tz,(255) 0232440164,,,Bagamoyo,"P.O.Box 59, 61382 Bagamoyo",https://bagamoyodc.go.tz,FINAL_DRR_Stakeholders_DATABASE_01092022 (2).xlsx,LGA,63,Provided DRR stakeholder database / LGA row 63,,Imported from the provided DRR stakeholder database; confirm mandate and contacts in System Settings before operational use.
agency,Lindi Region,,Government,Local Government Authority,Council / LGA,Regional/LGA Governance,RAS,Regional Administrative Secretary (RAS),ras.lindi@tamisemi.go.tz,(255) 023-220-2098,,,Lindi,"Ofisi ya Mkuu wa Mkoa P.O Box 1054, 65180 Lindi, Tanzania",www.lindi.go.tz,FINAL_DRR_Stakeholders_DATABASE_01092022 (2).xlsx,LGA,64,Provided DRR stakeholder database / LGA row 64,,Imported from the provided DRR stakeholder database; confirm mandate and contacts in System Settings before operational use.
agency,Kilwa District Council,,Government,Local Government Authority,Council / LGA,Regional/LGA Governance,District Executive Director (DED),District Executive Director,ded@kilwadc.go.tz,(255) 23 201 3241/65/0672581557 (Mobile),,,Kilwa,"P.O BOX 160, 65482 Kilwa, Masoko, Tanzania",https://kilwadc.go.tz,FINAL_DRR_Stakeholders_DATABASE_01092022 (2).xlsx,LGA,65,Provided DRR stakeholder database / LGA row 65,,Imported from the provided DRR stakeholder database; confirm mandate and contacts in System Settings before operational use.
agency,Lindi Municipal Council,,Government,Local Government Authority,Council / LGA,Regional/LGA Governance,Municipal Director,Municipal Director,nfo@lindimc.go.tz,(255) 232202164/717469888 (Mobile),,,Lindi,"P.O BOX 1070, 65182 Lindi, Tanzania",https://lindimc.go.tz,FINAL_DRR_Stakeholders_DATABASE_01092022 (2).xlsx,LGA,66,Provided DRR stakeholder database / LGA row 66,,Imported from the provided DRR stakeholder database; confirm mandate and contacts in System Settings before operational use.
agency,Lindi District Council,,Government,Local Government Authority,Council / LGA,Regional/LGA Governance,District Executive Director (DED),District Executive Director (DED),ded@lindidc.go.tz,(255) 0222061,,,Lindi,"P.O BOX 328, 65183 Lindi Dc, Tanzania",http://www.lindidc.go.tz,FINAL_DRR_Stakeholders_DATABASE_01092022 (2).xlsx,LGA,67,Provided DRR stakeholder database / LGA row 67,,Imported from the provided DRR stakeholder database; confirm mandate and contacts in System Settings before operational use.
agency,Liwale District Council,,Government,Local Government Authority,Council / LGA,Regional/LGA Governance,District Executive Director (DED),District Executive Director (DED),ded@liwaledc.go.tz,(255) 023 2937043,,,Lindi,"P.O. BOX 23, 65582 Liwale, Tanzania",https://liwaledc.go.tz,FINAL_DRR_Stakeholders_DATABASE_01092022 (2).xlsx,LGA,68,Provided DRR stakeholder database / LGA row 68,,Imported from the provided DRR stakeholder database; confirm mandate and contacts in System Settings before operational use.
agency,Nachingwea District Council,,Government,Local Government Authority,Council / LGA,Regional/LGA Governance,District Executive Director (DED),District Executive Director (DED),ded@nachingweadc.go.tz,(255) 329333112,,,Lindi,"P. O. Box 291, 65382 Nachingwea, Tanzania",https://nachingweadc.go.tz,FINAL_DRR_Stakeholders_DATABASE_01092022 (2).xlsx,LGA,69,Provided DRR stakeholder database / LGA row 69,,Imported from the provided DRR stakeholder database; confirm mandate and contacts in System Settings before operational use.
agency,Ruangwa District Council,,Government,Local Government Authority,Council / LGA,Regional/LGA Governance,District Executive Director (DED),District Executive Director (DED),ded@ruangwadc.go.tz,732932312 (Mobile),,,Lindi,"P.O BOX 51, 65682 Ruangwa, Tanzania",https://ruangwadc.go.tz,FINAL_DRR_Stakeholders_DATABASE_01092022 (2).xlsx,LGA,70,Provided DRR stakeholder database / LGA row 70,,Imported from the provided DRR stakeholder database; confirm mandate and contacts in System Settings before operational use.
agency,Regional Commissioner Mtwara,,Government,Local Government Authority,Council / LGA,Regional/LGA Governance,RAS,Regional Administrative Secretary (RAS),ras@mtwara.go.tz,(255) 023 2333014/ 023 2333014 (mobile),Regional Commissioner Mtwara,,Mtwara,"Ofisi ya Mkuu wa Mkoa P.O.Box 544, 63180 Mtwara, Tanzania",www.mtwara.go.tz,FINAL_DRR_Stakeholders_DATABASE_01092022 (2).xlsx,LGA,71,Provided DRR stakeholder database / LGA row 71,,Imported from the provided DRR stakeholder database; confirm mandate and contacts in System Settings before operational use.
agency,Mtwara Municipal Council,,Government,Local Government Authority,Council / LGA,Regional/LGA Governance,Municipal Director,Municipal Director,md@mtwaramikindanimc.go.tz,(255) 0232333102,,,Mtwara,"P.O BOX 92, 63182 Mtwara-Mikindani, Tanzania",https://mtwaramikindanimc.go.tz,FINAL_DRR_Stakeholders_DATABASE_01092022 (2).xlsx,LGA,72,Provided DRR stakeholder database / LGA row 72,,Imported from the provided DRR stakeholder database; confirm mandate and contacts in System Settings before operational use.
agency,Mtwara District Council,,Government,Local Government Authority,Council / LGA,Regional/LGA Governance,District Executive Director (DED),District Executive Director (DED),mtwaradc@mtwara.go.tz,(255) 0232333928,,,Mtwara,"P.O BOX 528, 63183 Mtwara, Tanzania",https://mtwaradc.go.tz,FINAL_DRR_Stakeholders_DATABASE_01092022 (2).xlsx,LGA,73,Provided DRR stakeholder database / LGA row 73,,Imported from the provided DRR stakeholder database; confirm mandate and contacts in System Settings before operational use.
agency,Tandahimba District Council,,Government,Local Government Authority,Council / LGA,Regional/LGA Governance,District Executive Director (DED),District Executive Director (DED),ded@tandahimbadc.go.tz,(255) 23 2410030,,,Mtwara,"P.O.BOX 03, 63382 Tandahimba, Tanzania",https://tandahimbadc.go.tz,FINAL_DRR_Stakeholders_DATABASE_01092022 (2).xlsx,LGA,74,Provided DRR stakeholder database / LGA row 74,,Imported from the provided DRR stakeholder database; confirm mandate and contacts in System Settings before operational use.
agency,Newala District Council,,Government,Local Government Authority,Council / LGA,Regional/LGA Governance,District Executive Director (DED),District Executive Director (DED),ded@newaladc.go.tz,(255) 232410251,,,Mtwara,"P.O.BOX 16, 63483 Newala, Tanzania",https://newaladc.go.tz,FINAL_DRR_Stakeholders_DATABASE_01092022 (2).xlsx,LGA,75,Provided DRR stakeholder database / LGA row 75,,Imported from the provided DRR stakeholder database; confirm mandate and contacts in System Settings before operational use.
agency,Masasi District Council,,Government,Local Government Authority,Council / LGA,Regional/LGA Governance,District Executive Director (DED),District Executive Director (DED),ded@masasidc.go.tz,(255) 0232510031,,,Mtwara,"P. O BOX 60,63583 Masasi-Bomani, Tanzania",https://masasidc.go.tz,FINAL_DRR_Stakeholders_DATABASE_01092022 (2).xlsx,LGA,76,Provided DRR stakeholder database / LGA row 76,,Imported from the provided DRR stakeholder database; confirm mandate and contacts in System Settings before operational use.
agency,Nanyumbu District Council,,Government,Local Government Authority,Council / LGA,Regional/LGA Governance,District Executive Director (DED),District Executive Director (DED),nfo@nanyumbudc.go.tz,(255) 0232934112/3,,,Mtwara,"P.O BOX 246, 63683 Nanyumbu, Tanzania",https://nanyumbudc.go.tz,FINAL_DRR_Stakeholders_DATABASE_01092022 (2).xlsx,LGA,77,Provided DRR stakeholder database / LGA row 77,,Imported from the provided DRR stakeholder database; confirm mandate and contacts in System Settings before operational use.
agency,Newala Town Council,,Government,Local Government Authority,Council / LGA,Regional/LGA Governance,Town Director,Town Director,info@newalatc.go.tz,(255) 023 2935398/ 0684439199 (Mobile),,,Newala,"P.O.BOX 39, 63482 Newala, Mtwara",https://newalatc.go.tz,FINAL_DRR_Stakeholders_DATABASE_01092022 (2).xlsx,LGA,78,Provided DRR stakeholder database / LGA row 78,,Imported from the provided DRR stakeholder database; confirm mandate and contacts in System Settings before operational use.
agency,Nanyamba Town Council,,Government,Local Government Authority,Council / LGA,Regional/LGA Governance,Town Director,Town Director,td@nanyambatc.go.tz,,,,Nanyamba,"P.O.BOX 1490, 63682 Nanyamba, Mtwara",https://nanyambatc.go.tz,FINAL_DRR_Stakeholders_DATABASE_01092022 (2).xlsx,LGA,79,Provided DRR stakeholder database / LGA row 79,,Imported from the provided DRR stakeholder database; confirm mandate and contacts in System Settings before operational use.
agency,Regional commisioner Ruvuma,,Government,Local Government Authority,Council / LGA,Regional/LGA Governance,RAS,Regional Administrative Secretary (RAS),ras.ruvuma@tamisemi.go.tz,"(255) 0252602256 /0252602256 (mobile), 0252602144 (fax)",Regional commisioner Ruvuma,,Songea,"Ofisi ya Mkuu wa Mkoa P.O.Box 74, 57180 Songea, Tanzania",www.ruvuma.go.tz,FINAL_DRR_Stakeholders_DATABASE_01092022 (2).xlsx,LGA,80,Provided DRR stakeholder database / LGA row 80,,Imported from the provided DRR stakeholder database; confirm mandate and contacts in System Settings before operational use.
agency,Madaba District Council,,Government,Local Government Authority,Council / LGA,Regional/LGA Governance,District Executive Director (DED),District Executive Director (DED),info@madabadc.go.tz,(255) 0252951052,,,Ruvuma,"P.O.BOX 10, 57186 Madaba-Ruvuma, Tanzania",https://madabadc.go.tz,FINAL_DRR_Stakeholders_DATABASE_01092022 (2).xlsx,LGA,81,Provided DRR stakeholder database / LGA row 81,,Imported from the provided DRR stakeholder database; confirm mandate and contacts in System Settings before operational use.
agency,Mbinga District Council,,Government,Local Government Authority,Council / LGA,Regional/LGA Governance,District Executive Director (DED),District Executive Director (DED),ded@mbingadc.go.tz,(255) 2640005/ 0754533018 (Mobile),,,Mbinga,"P.O. BOX 194, 57483 Mbinga-Ruvuma, Tanzania",https://mbingadc.go.tz,FINAL_DRR_Stakeholders_DATABASE_01092022 (2).xlsx,LGA,82,Provided DRR stakeholder database / LGA row 82,,Imported from the provided DRR stakeholder database; confirm mandate and contacts in System Settings before operational use.
agency,Mbinga Town Council,,Government,Local Government Authority,Council / LGA,Regional/LGA Governance,Town Director,Town Director,td@mbingatc.go.tz,(225) 2640664,,,Mbinga,"P.O.BOX 135, 57482 Mbinga, Tanzania",https://mbingatc.go.tz,FINAL_DRR_Stakeholders_DATABASE_01092022 (2).xlsx,LGA,83,Provided DRR stakeholder database / LGA row 83,,Imported from the provided DRR stakeholder database; confirm mandate and contacts in System Settings before operational use.
agency,Nyasa District Council,,Government,Local Government Authority,Council / LGA,Regional/LGA Governance,District Executive Director (DED),District Executive Director (DED),ps.ded@nyasadc.go.tz,(255) 0252952003,,,Ruvuma,"P.O BOX 90, 57582 Mbamba bay, Nyasa, Tanzania",https://nyasadc.go.tz,FINAL_DRR_Stakeholders_DATABASE_01092022 (2).xlsx,LGA,84,Provided DRR stakeholder database / LGA row 84,,Imported from the provided DRR stakeholder database; confirm mandate and contacts in System Settings before operational use.
agency,Namtumbo District Council,,Government,Local Government Authority,Council / LGA,Regional/LGA Governance,District Executive Director (DED),District Executive Director (DED),ded@namtumbodc.go.tz,(255) 252675008/0765142640(Mobile),,,Ruvuma,"P.O BOX 55, 57382 Namtumbo, Tanzania",https://namtumbodc.go.tz,FINAL_DRR_Stakeholders_DATABASE_01092022 (2).xlsx,LGA,85,Provided DRR stakeholder database / LGA row 85,,Imported from the provided DRR stakeholder database; confirm mandate and contacts in System Settings before operational use.
agency,Songea District Council,,Government,Local Government Authority,Council / LGA,Regional/LGA Governance,District Executive Director (DED),District Executive Director (DED),dedsongea@songeadc.go.tz,,,,Songea,"P.O BOX 995, 57183 Songea, Tanzania",https://songeadc.go.tz,FINAL_DRR_Stakeholders_DATABASE_01092022 (2).xlsx,LGA,86,Provided DRR stakeholder database / LGA row 86,,Imported from the provided DRR stakeholder database; confirm mandate and contacts in System Settings before operational use.
agency,Songea Municipal Council,,Government,Local Government Authority,Council / LGA,Regional/LGA Governance,Municipal Director,Municipal Director,info@songeamc.go.tz,(255) 025 2602970,,,Songea,"P O BOX 14, 57182 Songea, Tanzania",https://songeamc.go.tz,FINAL_DRR_Stakeholders_DATABASE_01092022 (2).xlsx,LGA,87,Provided DRR stakeholder database / LGA row 87,,Imported from the provided DRR stakeholder database; confirm mandate and contacts in System Settings before operational use.
agency,Tunduru District Council,,Government,Local Government Authority,Council / LGA,Regional/LGA Governance,District Executive Director (DED),District Executive Director (DED),info@tundurudc.go.tz,(255) 025 2680004,,,Ruvuma,"P O BOX 275, 57682 Tunduru, Tanzania",https://tundurudc.go.tz,FINAL_DRR_Stakeholders_DATABASE_01092022 (2).xlsx,LGA,88,Provided DRR stakeholder database / LGA row 88,,Imported from the provided DRR stakeholder database; confirm mandate and contacts in System Settings before operational use.
agency,Regional commissioner Iringa,,Government,Local Government Authority,Council / LGA,Regional/LGA Governance,RAS,Regional Administrative Secretary (RAS),as@iringa.go.tz,(255) 262 702 715,Regional commissioner Iringa,,Iringa,"Ofisi ya Mkuu wa Mkoa P.O.Box 858, 51180 Iringa, Tanzania",www.iringa.go.tz,FINAL_DRR_Stakeholders_DATABASE_01092022 (2).xlsx,LGA,90,Provided DRR stakeholder database / LGA row 90,,Imported from the provided DRR stakeholder database; confirm mandate and contacts in System Settings before operational use.
agency,Iringa Municipal Council,,Government,Local Government Authority,Council / LGA,Regional/LGA Governance,Municipal Director,Municipal Director,md@iringamc.go.tz,(255) 2702647,,,Iringa,"P.O.Box 162, 51182 Iringa, Tanzania",https://iringamc.go.tz,FINAL_DRR_Stakeholders_DATABASE_01092022 (2).xlsx,LGA,91,Provided DRR stakeholder database / LGA row 91,,Imported from the provided DRR stakeholder database; confirm mandate and contacts in System Settings before operational use.
agency,Mafinga Town Council,,Government,Local Government Authority,Council / LGA,Regional/LGA Governance,Town director,Town Director,td@mafingatc.go.tz,(255) 262 772 393,,,Mafinga,"P.O BOX 76, 51483 Mafinga, Tanzania",https://mafingatc.go.tz,FINAL_DRR_Stakeholders_DATABASE_01092022 (2).xlsx,LGA,92,Provided DRR stakeholder database / LGA row 92,,Imported from the provided DRR stakeholder database; confirm mandate and contacts in System Settings before operational use.
agency,Iringa District Council,,Government,Local Government Authority,Council / LGA,Regional/LGA Governance,District Executive Director (DED),District Executive Director (DED),ded@iringadc.go.tz,(255) 0262702828/2702585/ 0767778106 (Mobile),,,Iringa,"P.O BOX 108, 51183 Iringa, Tanzania",https://iringadc.go.tz,FINAL_DRR_Stakeholders_DATABASE_01092022 (2).xlsx,LGA,93,Provided DRR stakeholder database / LGA row 93,,Imported from the provided DRR stakeholder database; confirm mandate and contacts in System Settings before operational use.
agency,Kilolo District Council,,Government,Local Government Authority,Council / LGA,Regional/LGA Governance,District Executive Director (DED),District Executive Director (DED),ded@kilolodc.go.tz,(255) 0262968010,,,Iringa,"P.O BOX 2324, 51382 Kilolo, Tanzania",https://kilolodc.go.tz,FINAL_DRR_Stakeholders_DATABASE_01092022 (2).xlsx,LGA,94,Provided DRR stakeholder database / LGA row 94,,Imported from the provided DRR stakeholder database; confirm mandate and contacts in System Settings before operational use.
agency,Mufindi District Council,,Government,Local Government Authority,Council / LGA,Regional/LGA Governance,District Executive Director (DED),District Executive Director (DED),ded@mufindidc.go.tz,(255) 0262772614,,,Iringa,"P.O BOX 223, 51482 Mufindi, Tanzania",https://mufindidc.go.tz,FINAL_DRR_Stakeholders_DATABASE_01092022 (2).xlsx,LGA,95,Provided DRR stakeholder database / LGA row 95,,Imported from the provided DRR stakeholder database; confirm mandate and contacts in System Settings before operational use.
agency,Regional commissioner Mbeya,,Government,Local Government Authority,Council / LGA,Regional/LGA Governance,RAS,Regional Administrative Secretary (RAS),ras@mbeya.go.tz,(255) 025 2503034,Regional commissioner Mbeya,,Mbeya,"Ofisi ya Mkuu wa Mkoa P. O.Box 754, 53180 Mbeya Tanzania",www.mbeya.go.tz,FINAL_DRR_Stakeholders_DATABASE_01092022 (2).xlsx,LGA,97,Provided DRR stakeholder database / LGA row 97,,Imported from the provided DRR stakeholder database; confirm mandate and contacts in System Settings before operational use.
agency,Kyela District Council,,Government,Local Government Authority,Council / LGA,Regional/LGA Governance,District Executive Director (DED),District Executive Director (DED),ded@kyeladc.go.tz,(255) 0252540035/7,,,Mbeya,"P.O BOX 320, 53782 Kyela, Tanzania",https://kyeladc.go.tz,FINAL_DRR_Stakeholders_DATABASE_01092022 (2).xlsx,LGA,98,Provided DRR stakeholder database / LGA row 98,,Imported from the provided DRR stakeholder database; confirm mandate and contacts in System Settings before operational use.
agency,Busokelo District Council,,Government,Local Government Authority,Council / LGA,Regional/LGA Governance,District Executive Director (DED),District Executive Director (DED),ded@busokelodc.go.tz,+255 737 205 318 (Mobile),,,Mbeya,"P.O BOX 2, 53583 Tukuyu, Tanzania",https://busokelodc.go.tz,FINAL_DRR_Stakeholders_DATABASE_01092022 (2).xlsx,LGA,99,Provided DRR stakeholder database / LGA row 99,,Imported from the provided DRR stakeholder database; confirm mandate and contacts in System Settings before operational use.
agency,Mbeya City Council,,Government,Local Government Authority,Council / LGA,Regional/LGA Governance,City Director,City Director,cd@mbeyacc.go.tz,(255)25252502372/ +255 25 2502563(Mobile),,,Mbeya,"P.O BOX 149, 53182 Mbeya, tanzania",https://mbeyacc.go.tz,FINAL_DRR_Stakeholders_DATABASE_01092022 (2).xlsx,LGA,100,Provided DRR stakeholder database / LGA row 100,,Imported from the provided DRR stakeholder database; confirm mandate and contacts in System Settings before operational use.
agency,Chunya District Council,,Government,Local Government Authority,Council / LGA,Regional/LGA Governance,District Executive Director (DED),District Executive Director (DED),ded@chunyadc.go.tz,(255) 025 2520121,,,Mbeya,"P.O BOX 73, 53882 Chunya, Tanzania",https://chunyadc.go.tz,FINAL_DRR_Stakeholders_DATABASE_01092022 (2).xlsx,LGA,101,Provided DRR stakeholder database / LGA row 101,,Imported from the provided DRR stakeholder database; confirm mandate and contacts in System Settings before operational use.
agency,Rungwe District Council,,Government,Local Government Authority,Council / LGA,Regional/LGA Governance,District Executive Director (DED),District Executive Director (DED),ded@rungwedc.go.tz,(255) 0252552586,,,Mbeya,"P.O BOX 148, 53582 Rungwe, Tanzania",https://rungwedc.go.tz,FINAL_DRR_Stakeholders_DATABASE_01092022 (2).xlsx,LGA,102,Provided DRR stakeholder database / LGA row 102,,Imported from the provided DRR stakeholder database; confirm mandate and contacts in System Settings before operational use.
agency,Mbarali District Council,,Government,Local Government Authority,Council / LGA,Regional/LGA Governance,District Executive Director (DED),District Executive Director (DED),ded@mbaralidc.go.tz,(255) 252957440/252957447/ +255784 906 216 (Mobile),,,Mbeya,"P.O BOX 237, 53682 Rujewa Mbeya, tanzania",https://mbaralidc.go.tz,FINAL_DRR_Stakeholders_DATABASE_01092022 (2).xlsx,LGA,103,Provided DRR stakeholder database / LGA row 103,,Imported from the provided DRR stakeholder database; confirm mandate and contacts in System Settings before operational use.
agency,Mbeya District Council,,Government,Local Government Authority,Council / LGA,Regional/LGA Governance,District Executive Director (DED),District Executive Director (DED),ded@mbeyadc.go.tz/info@mbeyadc.go.tz,(255)0252502260/ 0762210758(Mobile),,,Mbeya,"P.O BOX 599, 53183 Mbeya, Tanzania",https://mbeyadc.go.tz,FINAL_DRR_Stakeholders_DATABASE_01092022 (2).xlsx,LGA,104,Provided DRR stakeholder database / LGA row 104,,Imported from the provided DRR stakeholder database; confirm mandate and contacts in System Settings before operational use.
agency,Regional commissioner Singida,,Government,Local Government Authority,Council / LGA,Regional/LGA Governance,RAS,Regional Administrative Secretary (RAS),ras@singida.go.tz,"(255) 2502170, 2502089 /2502170, 2502089 (mobile)",Regional commissioner Singida,,Singida,"Ofisi ya Mkuu wa Mkoa P.O.Box 5, 43180 Singida, Tanzania",www.singida.go.tz,FINAL_DRR_Stakeholders_DATABASE_01092022 (2).xlsx,LGA,105,Provided DRR stakeholder database / LGA row 105,,Imported from the provided DRR stakeholder database; confirm mandate and contacts in System Settings before operational use.
agency,Ikungi District Council,,Government,Local Government Authority,Council / LGA,Regional/LGA Governance,District Executive Director (DED),District Executive Director (DED),ded.ikungidc@singida.go.tz,(255) 262964037/6,,,Singida,"P.O BOX 42, 43682 Singida, Tanzania",https://ikungidc.go.tz,FINAL_DRR_Stakeholders_DATABASE_01092022 (2).xlsx,LGA,106,Provided DRR stakeholder database / LGA row 106,,Imported from the provided DRR stakeholder database; confirm mandate and contacts in System Settings before operational use.
agency,Iramba District Council,,Government,Local Government Authority,Council / LGA,Regional/LGA Governance,District Executive Director (DED),District Executive Director (DED),ded.irambadc@singida.go.tz,(255) 026 2532253/ 0262533001(Mobile),,,Iramba,"P.O BOX 155, 43382 KIOMBOI-IRAMBA",https://irambadc.go.tz,FINAL_DRR_Stakeholders_DATABASE_01092022 (2).xlsx,LGA,107,Provided DRR stakeholder database / LGA row 107,,Imported from the provided DRR stakeholder database; confirm mandate and contacts in System Settings before operational use.
agency,Itigi District Council,,Government,Local Government Authority,Council / LGA,Regional/LGA Governance,District Executive Director (DED),District Executive Director (DED),ded.itigidc@singida.go.tz,(255) 37235630/ 0757226612(Mobile),,,Singida,"P.O BOX 70, 43483 Itigi, Tanzania",https://itigidc.go.tz,FINAL_DRR_Stakeholders_DATABASE_01092022 (2).xlsx,LGA,108,Provided DRR stakeholder database / LGA row 108,,Imported from the provided DRR stakeholder database; confirm mandate and contacts in System Settings before operational use.
agency,Manyoni District Council,,Government,Local Government Authority,Council / LGA,Regional/LGA Governance,District Executive Director (DED),District Executive Director (DED),"ded.manyonidc@singida.go.tz, ded@manyonidc.go.tz",(255) 26 2540136/ +255 712 028027(Mobile),,,Singida,"P.O BOX 60, 43482 Manyoni, Tanzania",https://manyonidc.go.tz,FINAL_DRR_Stakeholders_DATABASE_01092022 (2).xlsx,LGA,109,Provided DRR stakeholder database / LGA row 109,,Imported from the provided DRR stakeholder database; confirm mandate and contacts in System Settings before operational use.
agency,Mkalama District Council,,Government,Local Government Authority,Council / LGA,Regional/LGA Governance,District Executive Director (DED),District Executive Director (DED),ded@mkalamadc.go.tz,(255) 0262964005/+255 758 954 045(Mobile),,,Singida,"P.O BOX 1007, 43582 Mkalama,Tanzania",https://mkalamadc.go.tz,FINAL_DRR_Stakeholders_DATABASE_01092022 (2).xlsx,LGA,110,Provided DRR stakeholder database / LGA row 110,,Imported from the provided DRR stakeholder database; confirm mandate and contacts in System Settings before operational use.
agency,Singida District Council,,Government,Local Government Authority,Council / LGA,Regional/LGA Governance,District Executive Director (DED),District Executive Director (DED),ded.singidadc@singida.go.tz,(255) 26502252,,,Singida,"P.O BOX 27, 43183 Singida, Tanzania",https://singidadc.go.tz,FINAL_DRR_Stakeholders_DATABASE_01092022 (2).xlsx,LGA,111,Provided DRR stakeholder database / LGA row 111,,Imported from the provided DRR stakeholder database; confirm mandate and contacts in System Settings before operational use.
agency,Singida Municipal Council,,Government,Local Government Authority,Council / LGA,Regional/LGA Governance,Municipal Director,Municipal Director,md.singidamc@singida.go.tz,(255)26250 2179/236,,,Singida,"P.O BOX 236, 43182 Singida, Tanzania",https://singidamc.go.tz,FINAL_DRR_Stakeholders_DATABASE_01092022 (2).xlsx,LGA,112,Provided DRR stakeholder database / LGA row 112,,Imported from the provided DRR stakeholder database; confirm mandate and contacts in System Settings before operational use.
agency,Regional commissioner Tabora,,Government,Local Government Authority,Council / LGA,Regional/LGA Governance,RAS,Regional Administrative Secretary (RAS),ras.tabora@tamisemi.go.tz,(255) 026 2604058,Regional commissioner Tabora,,Tabora,"Ofisi ya Mkuu wa Mkoa P.O.Box 25, 45180 Tabora, Tanzania",www.tabora.go.tz,FINAL_DRR_Stakeholders_DATABASE_01092022 (2).xlsx,LGA,114,Provided DRR stakeholder database / LGA row 114,,Imported from the provided DRR stakeholder database; confirm mandate and contacts in System Settings before operational use.
agency,Tabora District Council,,Government,Local Government Authority,Council / LGA,Regional/LGA Governance,District Executive Director (DED),District Executive Director (DED),ded@uyuidc.go.tz,(255) 26 296 6008 /766616985,,,Tabora,"P.O.Box 610, 45282 Uyui Tabora",https://www.taboradc.go.tz/,FINAL_DRR_Stakeholders_DATABASE_01092022 (2).xlsx,LGA,115,Provided DRR stakeholder database / LGA row 115,,Imported from the provided DRR stakeholder database; confirm mandate and contacts in System Settings before operational use.
agency,Tabora Municipal Council,,Government,Local Government Authority,Council / LGA,Regional/LGA Governance,Municipal Director,Municipal Director,md@taboramc.go.tz,(255) 026-2604315/6088/ 0784705044(Mobile),,,Tabora,"P.O BOX 174, 45182 Tabora, Tanzania",https://taboramc.go.tz,FINAL_DRR_Stakeholders_DATABASE_01092022 (2).xlsx,LGA,116,Provided DRR stakeholder database / LGA row 116,,Imported from the provided DRR stakeholder database; confirm mandate and contacts in System Settings before operational use.
agency,Igunga District Council,,Government,Local Government Authority,Council / LGA,Regional/LGA Governance,District Executive Director (DED),District Executive Director (DED),ded@igungadc.go.tz,(255) 0262650019,,,Igunga,"P.O BOX 19, 45682 Igunga, Tanzania",https://igungadc.go.tz,FINAL_DRR_Stakeholders_DATABASE_01092022 (2).xlsx,LGA,117,Provided DRR stakeholder database / LGA row 117,,Imported from the provided DRR stakeholder database; confirm mandate and contacts in System Settings before operational use.
agency,Kaliua District Council,,Government,Local Government Authority,Council / LGA,Regional/LGA Governance,District Executive Director (DED),District Executive Director (DED),ded@kaliuadc.go.tz,(255)262965676/9,,,Tabora,"P.O BOX 83 Kaliua, 45782 Tanzania",https://kaliuadc.go.tz,FINAL_DRR_Stakeholders_DATABASE_01092022 (2).xlsx,LGA,118,Provided DRR stakeholder database / LGA row 118,,Imported from the provided DRR stakeholder database; confirm mandate and contacts in System Settings before operational use.
agency,Urambo District Council,,Government,Local Government Authority,Council / LGA,Regional/LGA Governance,District Executive Director (DED),District Executive Director (DED),ded@urambodc.go.tz,(255) 262 965 824/0784828287(Mobile),,,Tabora,"P.O BIOX 170, 45582 Urambo, Tabora",https://urambodc.go.tz,FINAL_DRR_Stakeholders_DATABASE_01092022 (2).xlsx,LGA,119,Provided DRR stakeholder database / LGA row 119,,Imported from the provided DRR stakeholder database; confirm mandate and contacts in System Settings before operational use.
agency,Nzega Town Council,,Government,Local Government Authority,Council / LGA,Regional/LGA Governance,Town Director,Town Director,td@nzegatc.go.tz,(255) 677003373,,,Nzega,"P.O BOX 256, 45482 Nzega, Tabora",https://nzegatc.go.tz,FINAL_DRR_Stakeholders_DATABASE_01092022 (2).xlsx,LGA,120,Provided DRR stakeholder database / LGA row 120,,Imported from the provided DRR stakeholder database; confirm mandate and contacts in System Settings before operational use.
agency,Nzega District Council,,Government,Local Government Authority,Council / LGA,Regional/LGA Governance,Municipal Director,Municipal Director,md@nzegadc.go.tz,(255) 0262692349/ 0784364828(Mobile),,,Nzega,"P.O BOX 4, 45483 Nzega, Tanzania",https://nzegadc.go.tz,FINAL_DRR_Stakeholders_DATABASE_01092022 (2).xlsx,LGA,121,Provided DRR stakeholder database / LGA row 121,,Imported from the provided DRR stakeholder database; confirm mandate and contacts in System Settings before operational use.
agency,Sikonge District Council,,Government,Local Government Authority,Council / LGA,Regional/LGA Governance,District Executive Director (DED),District Executive Director (DED),ded@sikongedc.go.tz,(255) 262965732,,,Tabora,"P.O BOX 70, 45382 Sikonge, Tabora",https://sikongedc.go.tz,FINAL_DRR_Stakeholders_DATABASE_01092022 (2).xlsx,LGA,122,Provided DRR stakeholder database / LGA row 122,,Imported from the provided DRR stakeholder database; confirm mandate and contacts in System Settings before operational use.
agency,Regional commissioner Rukwa,,Government,Local Government Authority,Council / LGA,Regional/LGA Governance,RAS,Regional Administrative Secretary (RAS),ras@rukwa.go.tz,(255) 025 280 2137,Regional commissioner Rukwa,,Sumbawanga,"Ofisi ya Mkuu wa Mkoa P.O.Box 128, 55180 Sumbawanga",www.rukwa.go.tz,FINAL_DRR_Stakeholders_DATABASE_01092022 (2).xlsx,LGA,124,Provided DRR stakeholder database / LGA row 124,,Imported from the provided DRR stakeholder database; confirm mandate and contacts in System Settings before operational use.
agency,Sumbawanga Municipal Council,,Government,Local Government Authority,Council / LGA,Regional/LGA Governance,Municipal Director,Municipal Director,md@sumbawangamc.go.tz,(255)252802163/ +255 735519681(Mobile),,,Sumbawanga,"P.O.BOX 187, 55182 Sumbawanga, Tanzania",https://sumbawangamc.go.tz,FINAL_DRR_Stakeholders_DATABASE_01092022 (2).xlsx,LGA,125,Provided DRR stakeholder database / LGA row 125,,Imported from the provided DRR stakeholder database; confirm mandate and contacts in System Settings before operational use.
agency,Sumbawanga District Council,,Government,Local Government Authority,Council / LGA,Regional/LGA Governance,District Executive Director (DED),District Executive Director (DED),ded@sumbawangadc.go.tz,(255)0252802133 /0755023952 (Mobile),,,Sumbawanga,"P.O.BOX 229, 55183 Sumbawanga, Tanzania",https://sumbawangadc.go.tz,FINAL_DRR_Stakeholders_DATABASE_01092022 (2).xlsx,LGA,126,Provided DRR stakeholder database / LGA row 126,,Imported from the provided DRR stakeholder database; confirm mandate and contacts in System Settings before operational use.
agency,Nkasi District Council,,Government,Local Government Authority,Council / LGA,Regional/LGA Governance,District Executive Director (DED),District Executive Director (DED),ded@nkasidc.go.tz,(255)252830006,,,Sumbawanga,"P.O BOX 2, 55382 Namanyere - Nkasi, Tanzania",https://nkasidc.go.tz,FINAL_DRR_Stakeholders_DATABASE_01092022 (2).xlsx,LGA,127,Provided DRR stakeholder database / LGA row 127,,Imported from the provided DRR stakeholder database; confirm mandate and contacts in System Settings before operational use.
agency,Kalambo District Council,,Government,Local Government Authority,Council / LGA,Regional/LGA Governance,District Executive Director (DED),District Executive Director (DED),ded@kalambodc.go.tz,(255) 025-2955212/+255 622 858 482(Mobile),,,Rukwa,"P.O BOX 03, 55482 Matai, Kalambo, Rukwa",https://kalambodc.go.tz,FINAL_DRR_Stakeholders_DATABASE_01092022 (2).xlsx,LGA,128,Provided DRR stakeholder database / LGA row 128,,Imported from the provided DRR stakeholder database; confirm mandate and contacts in System Settings before operational use.
agency,Regional commissioner Kigoma,,Government,Local Government Authority,Council / LGA,Regional/LGA Governance,RAS,Regional Administrative Secretary (RAS),ras@kigoma.go.tz,(255) 0282802330/738192977,Regional commissioner Kigoma,,Kigoma,"Ofisi ya Mkuu wa Mkoa P.O.Box 125, 47180 Kigoma, Tanzania",www.kigoma.co.tz,FINAL_DRR_Stakeholders_DATABASE_01092022 (2).xlsx,LGA,129,Provided DRR stakeholder database / LGA row 129,,Imported from the provided DRR stakeholder database; confirm mandate and contacts in System Settings before operational use.
agency,Kigoma Ujiji Municipal Council,,Government,Local Government Authority,Council / LGA,Regional/LGA Governance,Municipal Director,Municipal Director,municipal@kigomaujijimc.go.tz ictsecurity@kigomaujijimc.go.tz,(255) 28 2802535/+255765660847(Mobile),,,Kigoma,"P.O BOX 44, 47182 Kigoma, Tanzania",https://kigomaujijimc.go.tz,FINAL_DRR_Stakeholders_DATABASE_01092022 (2).xlsx,LGA,130,Provided DRR stakeholder database / LGA row 130,,Imported from the provided DRR stakeholder database; confirm mandate and contacts in System Settings before operational use.
agency,Buhigwe District Council,,Government,Local Government Authority,Council / LGA,Regional/LGA Governance,District Executive Director (DED),District Executive Director (DED),ded@buhigwedc.go.tz,(255) 0282988460/0625 538 457(Mobile),,,Kigoma,"P.O BOX 443 47582 Buhigwe, Tanzania",https://buhigwedc.go.tz,FINAL_DRR_Stakeholders_DATABASE_01092022 (2).xlsx,LGA,131,Provided DRR stakeholder database / LGA row 131,,Imported from the provided DRR stakeholder database; confirm mandate and contacts in System Settings before operational use.
agency,Kasulu District Council,,Government,Local Government Authority,Council / LGA,Regional/LGA Governance,District Executive Director (DED),District Executive Director (DED),ded@kasuludc.go.tz,(255)0282810339/+255-028-2810339 (Mobile),,,Kasulu,"P.O BOX 97, 47383 Kasulu, Tanzania",https://kasuludc.go.tz,FINAL_DRR_Stakeholders_DATABASE_01092022 (2).xlsx,LGA,132,Provided DRR stakeholder database / LGA row 132,,Imported from the provided DRR stakeholder database; confirm mandate and contacts in System Settings before operational use.
agency,Kibondo District Council,,Government,Local Government Authority,Council / LGA,Regional/LGA Governance,District Executive Director (DED),District Executive Director (DED),ded@kibondodc.go.tz,(255)028 282 0084,,,Kibondo,"P.O.BOX 43, 47482 Kibondo, Tanzania",https://kibondodc.go.tz,FINAL_DRR_Stakeholders_DATABASE_01092022 (2).xlsx,LGA,133,Provided DRR stakeholder database / LGA row 133,,Imported from the provided DRR stakeholder database; confirm mandate and contacts in System Settings before operational use.
agency,Uvinza District Council,,Government,Local Government Authority,Council / LGA,Regional/LGA Governance,District Executive Director (DED),District Executive Director (DED),ded@uvinzadc.go.tz,(255)0282988503/ 0757894484(Mobile),,,Kigoma,"P.O BOX 12, 47682 Uvinza, Tanzania",https://uvinzadc.go.tz,FINAL_DRR_Stakeholders_DATABASE_01092022 (2).xlsx,LGA,134,Provided DRR stakeholder database / LGA row 134,,Imported from the provided DRR stakeholder database; confirm mandate and contacts in System Settings before operational use.
agency,Kakonko District Council,,Government,Local Government Authority,Council / LGA,Regional/LGA Governance,District Executive Director (DED),District Executive Director (DED),ded@kakonkodc.go.tz,(255)0282988881,,,Kigoma,"P.O.BOX 3, 47782 Kakonko, Tanzania",https://kakonkodc.go.tz,FINAL_DRR_Stakeholders_DATABASE_01092022 (2).xlsx,LGA,135,Provided DRR stakeholder database / LGA row 135,,Imported from the provided DRR stakeholder database; confirm mandate and contacts in System Settings before operational use.
agency,Kigoma District Council,,Government,Local Government Authority,Council / LGA,Regional/LGA Governance,District Executive Director (DED),District Executive Director (DED),ded@kigomadc.go.tz,(255)0282804865,,,Kigoma,"P.O BOX 332, 47183 Kigoma, Tanzania",https://kigomadc.go.tz,FINAL_DRR_Stakeholders_DATABASE_01092022 (2).xlsx,LGA,136,Provided DRR stakeholder database / LGA row 136,,Imported from the provided DRR stakeholder database; confirm mandate and contacts in System Settings before operational use.
agency,Kasulu Town Council,,Government,Local Government Authority,Council / LGA,Regional/LGA Governance,Tiown Director,Town Director,td@kasulutc.go.tz,(255)0282810335/ 0784997037(Mobile),,,Kasulu,"P.O.BOX 475, 47382 Kasulu, Tanzania",https://kasulutc.go.tz,FINAL_DRR_Stakeholders_DATABASE_01092022 (2).xlsx,LGA,137,Provided DRR stakeholder database / LGA row 137,,Imported from the provided DRR stakeholder database; confirm mandate and contacts in System Settings before operational use.
agency,Regional commissioner Shinyanga,,Government,Local Government Authority,Council / LGA,Regional/LGA Governance,RAS,Regional Administrative Secretary (RAS),ras@shinyanga.go.tz,(255) 28 2762222,Regional commissioner Shinyanga,,Shinyanga,"Ofisi ya Mkuu wa Mkoa P.O.Box 320, 37180 Shinyanga, Tanzania",www.shinyanga.go.tz,FINAL_DRR_Stakeholders_DATABASE_01092022 (2).xlsx,LGA,138,Provided DRR stakeholder database / LGA row 138,,Imported from the provided DRR stakeholder database; confirm mandate and contacts in System Settings before operational use.
agency,Shinyanga Municipal Council,,Government,Local Government Authority,Council / LGA,Regional/LGA Governance,Municipal Director,Municipal Director,md@shinyangamc.go.tz,(255)282763213/ 0767042958(Mobile),,,Shinyanga,"P.O BOX 28, 37182 Shinyanga, Tanzanaia",https://shinyangamc.go.tz,FINAL_DRR_Stakeholders_DATABASE_01092022 (2).xlsx,LGA,139,Provided DRR stakeholder database / LGA row 139,,Imported from the provided DRR stakeholder database; confirm mandate and contacts in System Settings before operational use.
agency,Shinyanga District Council,,Government,Local Government Authority,Council / LGA,Regional/LGA Governance,District Executive Director (DED),District Executive Director (DED),info@shinyangadc.go.tz/ded@shinyangadc.go.tz,(255)0282986382,,,Shinyanga,"P.O BOX 113, 37183 Shinyanga, Tanzania",https://shinyangadc.go.tz/,FINAL_DRR_Stakeholders_DATABASE_01092022 (2).xlsx,LGA,140,Provided DRR stakeholder database / LGA row 140,,Imported from the provided DRR stakeholder database; confirm mandate and contacts in System Settings before operational use.
agency,Kishapu District Council,,Government,Local Government Authority,Council / LGA,Regional/LGA Governance,District Executive Director (DED),District Executive Director (DED),info@kishapudc.go.tz/ded.kishapudc@shinyanga.go.tz,(255)282770020,,,Shinyanga,"P.O BOX 1288, 37582 Kishapu, Tanzania",https://kishapudc.go.tz,FINAL_DRR_Stakeholders_DATABASE_01092022 (2).xlsx,LGA,141,Provided DRR stakeholder database / LGA row 141,,Imported from the provided DRR stakeholder database; confirm mandate and contacts in System Settings before operational use.
agency,Kahama Town Council,,Government,Local Government Authority,Council / LGA,Regional/LGA Governance,Town Director,Town Director,ras@shinyanga.go.tz,(255)282762222,,,Kahama,"P.O BOX 320, 37383 Kahama, Shinyanga",https://shinyanga.go.tz,FINAL_DRR_Stakeholders_DATABASE_01092022 (2).xlsx,LGA,142,Provided DRR stakeholder database / LGA row 142,,Imported from the provided DRR stakeholder database; confirm mandate and contacts in System Settings before operational use.
agency,Ushetu District Council,,Government,Local Government Authority,Council / LGA,Regional/LGA Governance,,,ded@ushetudc.go.tz/www.ushetudc.go.tz,(255)282710110/ 0739348024(Mobile),,,Kahama,"P.O BOX 50, 37382 Ushetu, Kahama",https://ushetudc.go.tz,FINAL_DRR_Stakeholders_DATABASE_01092022 (2).xlsx,LGA,143,Provided DRR stakeholder database / LGA row 143,,Imported from the provided DRR stakeholder database; confirm mandate and contacts in System Settings before operational use.
agency,Msalala District Council,,Government,Local Government Authority,Council / LGA,Regional/LGA Governance,District Executive Director (DED),District Executive Director (DED),ded@msalaladc.go.tz,(255)2710182,,,Kahama,"P.O.BOX 16, 37386 Msalala, Kahama",https://msalaladc.go.tz,FINAL_DRR_Stakeholders_DATABASE_01092022 (2).xlsx,LGA,144,Provided DRR stakeholder database / LGA row 144,,Imported from the provided DRR stakeholder database; confirm mandate and contacts in System Settings before operational use.
agency,Regional commissioner Kagera,,Government,Local Government Authority,Council / LGA,Regional/LGA Governance,RAS,Regional Administrative Secretary (RAS),ras.kagera@tamisemi.go.tz,(255) 28 2220215/17,Regional commissioner Kagera,,Bukoba,"Ofisi ya Mkuu wa Mkoa P.O.Box 299, 35180 Bukoba, Tanzania",www.kagera.go.tz,FINAL_DRR_Stakeholders_DATABASE_01092022 (2).xlsx,LGA,145,Provided DRR stakeholder database / LGA row 145,,Imported from the provided DRR stakeholder database; confirm mandate and contacts in System Settings before operational use.
agency,Bukoba District Council,,Government,Local Government Authority,Council / LGA,Regional/LGA Governance,District Executive Director (DED),District Executive Director (DED),ded@bukobadc.go.tz,(255) 0282220287,,,Bukoba,"P.O.BOX 491, 35183 Bukoba, Kagera",https://bukobadc.go.tz,FINAL_DRR_Stakeholders_DATABASE_01092022 (2).xlsx,LGA,146,Provided DRR stakeholder database / LGA row 146,,Imported from the provided DRR stakeholder database; confirm mandate and contacts in System Settings before operational use.
agency,Bukoba Municipal Council,,Government,Local Government Authority,Council / LGA,Regional/LGA Governance,Municipal Director,Municipal Director,md@bukobamc.go.tz,(255)28 2220226,,,Bukoba,"P.O.BOX 284, 35182 Bukoba, Tanzania",https://bukobamc.go.tz,FINAL_DRR_Stakeholders_DATABASE_01092022 (2).xlsx,LGA,147,Provided DRR stakeholder database / LGA row 147,,Imported from the provided DRR stakeholder database; confirm mandate and contacts in System Settings before operational use.
agency,Biharamulo District Council,,Government,Local Government Authority,Council / LGA,Regional/LGA Governance,District Executive Director (DED),District Executive Director (DED),ded@biharamulodc.go.tz,(255) 0282223403,,,Bukoba,"P.O BOX 70, 35682 Biharamulo, Tanzania",https://biharamulodc.go.tz,FINAL_DRR_Stakeholders_DATABASE_01092022 (2).xlsx,LGA,148,Provided DRR stakeholder database / LGA row 148,,Imported from the provided DRR stakeholder database; confirm mandate and contacts in System Settings before operational use.
agency,Karagwe District Council,,Government,Local Government Authority,Council / LGA,Regional/LGA Governance,District Executive Director (DED),District Executive Director (DED),ded@karagwedc.go.tz ded.karagwedc@kagera.go.tz,(255) 0282227148/0754653409 (Mobile),,,Bukoba,"P.O BOX 20, 35482 Karagwe, Tanzania",http://karagwedc.go.tz,FINAL_DRR_Stakeholders_DATABASE_01092022 (2).xlsx,LGA,149,Provided DRR stakeholder database / LGA row 149,,Imported from the provided DRR stakeholder database; confirm mandate and contacts in System Settings before operational use.
agency,Kyerwa District Council,,Government,Local Government Authority,Council / LGA,Regional/LGA Governance,District Executive Director (DED),District Executive Director (DED),ded@kyerwadc.go.tz,(255) 686397972/ +255 754 422 746(Mobile),,,Bukoba,"P.O BOX 72, 35882 Kyerwa, Tanzania",https://kyerwadc.go.tz,FINAL_DRR_Stakeholders_DATABASE_01092022 (2).xlsx,LGA,150,Provided DRR stakeholder database / LGA row 150,,Imported from the provided DRR stakeholder database; confirm mandate and contacts in System Settings before operational use.
agency,Missenyi District Council,,Government,Local Government Authority,Council / LGA,Regional/LGA Governance,District Executive Director (DED),District Executive Director (DED),ded@missenyidc.go.tz,(255) 32983531,,,Bukoba,"P.O.BOX 38, 35382 Kyaka Missenyi, Tanzania",https://missenyidc.go.tz,FINAL_DRR_Stakeholders_DATABASE_01092022 (2).xlsx,LGA,151,Provided DRR stakeholder database / LGA row 151,,Imported from the provided DRR stakeholder database; confirm mandate and contacts in System Settings before operational use.
agency,Muleba District Council,,Government,Local Government Authority,Council / LGA,Regional/LGA Governance,District Executive Director (DED),District Executive Director (DED),ded@mulebadc.go.tz,255 (28) 222-4013/ +255-756-350-183(Mobile),,,Kagera,"P.O BOX 131, 35582 Muleba, Kagera",https://mulebadc.go.tz,FINAL_DRR_Stakeholders_DATABASE_01092022 (2).xlsx,LGA,152,Provided DRR stakeholder database / LGA row 152,,Imported from the provided DRR stakeholder database; confirm mandate and contacts in System Settings before operational use.
agency,Ngara District Council,,Government,Local Government Authority,Council / LGA,Regional/LGA Governance,District Executive Director (DED),District Executive Director (DED),ded@ngaradc.go.tz,(255)282226016,,,Kagera,"P.O.BOX 30, 35782 Ngara, Kagera",https://ngaradc.go.tz,FINAL_DRR_Stakeholders_DATABASE_01092022 (2).xlsx,LGA,153,Provided DRR stakeholder database / LGA row 153,,Imported from the provided DRR stakeholder database; confirm mandate and contacts in System Settings before operational use.
agency,Regional commissioner Mwanza,,Government,Local Government Authority,Council / LGA,Regional/LGA Governance,RAS,Regional Administrative Secretary (RAS),ras.mwanza@tamisemi.go.tz,(255) 028-2501037,Regional commissioner Mwanza,,Mwanza,"Ofisi ya Mkuu wa Mkoa P.O.Box 119, 33180 Mwanza, Tanzania",www.mwanza.go.tz,FINAL_DRR_Stakeholders_DATABASE_01092022 (2).xlsx,LGA,154,Provided DRR stakeholder database / LGA row 154,,Imported from the provided DRR stakeholder database; confirm mandate and contacts in System Settings before operational use.
agency,Mwanza City Council,,Government,Local Government Authority,Council / LGA,Regional/LGA Governance,City Director,City Director,cd@mwanzacc.go.tz,(255) 282501375/ 0768520195 (Mobile),,,Mwanza,"P.O BOX 1333, 33182 Mwanza, Tanzania",https://mwanzacc.go.tz,FINAL_DRR_Stakeholders_DATABASE_01092022 (2).xlsx,LGA,155,Provided DRR stakeholder database / LGA row 155,,Imported from the provided DRR stakeholder database; confirm mandate and contacts in System Settings before operational use.
agency,Ilemela Municipal Council,,Government,Local Government Authority,Council / LGA,Regional/LGA Governance,Municipal Director,Municipal Director,md@ilemelamc.go.tz,(255) 28736200910,,,Mwanza,"P.O BOX 735, 33282 Mwanza, Tanzania",https://ilemelamc.go.tz,FINAL_DRR_Stakeholders_DATABASE_01092022 (2).xlsx,LGA,156,Provided DRR stakeholder database / LGA row 156,,Imported from the provided DRR stakeholder database; confirm mandate and contacts in System Settings before operational use.
agency,Magu District Council,,Government,Local Government Authority,Council / LGA,Regional/LGA Governance,District Executive Director (DED),District Executive Director (DED),ded@magudc.go.tz,(255) 0282530035/2530003,,,Mwanza,"P.O BOX 200, 33482 Magu, Tanzania",https://magudc.go.tz,FINAL_DRR_Stakeholders_DATABASE_01092022 (2).xlsx,LGA,157,Provided DRR stakeholder database / LGA row 157,,Imported from the provided DRR stakeholder database; confirm mandate and contacts in System Settings before operational use.
agency,Sengerema District Council,,Government,Local Government Authority,Council / LGA,Regional/LGA Governance,District Executive Director (DED),District Executive Director (DED),ded@sengeremadc.go.tz,(255) 0282590162/ 0688223308 (Mobile),,,Sengerema,"P.O BOX 175, 33382 Sengerema, Tanzania",https://sengeremadc.go.tz,FINAL_DRR_Stakeholders_DATABASE_01092022 (2).xlsx,LGA,158,Provided DRR stakeholder database / LGA row 158,,Imported from the provided DRR stakeholder database; confirm mandate and contacts in System Settings before operational use.
agency,Misungwi District Council,,Government,Local Government Authority,Council / LGA,Regional/LGA Governance,District Executive Director (DED),District Executive Director (DED),habari@misungwidc.go.tz,(255) 282983268,,,Mwanza,"P.O BOX 20, 33582 Misungwi, Tanzania",https://misungwidc.go.tz,FINAL_DRR_Stakeholders_DATABASE_01092022 (2).xlsx,LGA,159,Provided DRR stakeholder database / LGA row 159,,Imported from the provided DRR stakeholder database; confirm mandate and contacts in System Settings before operational use.
agency,Kwimba District Council,,Government,Local Government Authority,Council / LGA,Regional/LGA Governance,District Executive Director (DED),District Executive Director (DED),dbckwimba@pccb.go.tz,113/ 0787573780,,,Mwanza,"P.O BOX 82, 33882 Ngudu, Kwimba",https://kwimbadc.go.tz,FINAL_DRR_Stakeholders_DATABASE_01092022 (2).xlsx,LGA,160,Provided DRR stakeholder database / LGA row 160,,Imported from the provided DRR stakeholder database; confirm mandate and contacts in System Settings before operational use.
agency,Ukerewe District Council,,Government,Local Government Authority,Council / LGA,Regional/LGA Governance,District Executive Director (DED),District Executive Director (DED),ps@ukerewedc.go.tz,(255) 282515056/ +255685304 646(Mobile),,,Mwanza,"P.O BOX 41, 33682 Nansio Ukerewe",https://ukerewedc.go.tz,FINAL_DRR_Stakeholders_DATABASE_01092022 (2).xlsx,LGA,161,Provided DRR stakeholder database / LGA row 161,,Imported from the provided DRR stakeholder database; confirm mandate and contacts in System Settings before operational use.
agency,Buchosa District Council,,Government,Local Government Authority,Council / LGA,Regional/LGA Governance,District Executive Director (DED),District Executive Director (DED),ded@buchosadc.go.tz,(255) 0282590162/ 0684291102 (Mobile),,,Sengerema,"P.O BOX 44, 33383 Buchosa, Sengerema",https://buchosadc.go.tz,FINAL_DRR_Stakeholders_DATABASE_01092022 (2).xlsx,LGA,162,Provided DRR stakeholder database / LGA row 162,,Imported from the provided DRR stakeholder database; confirm mandate and contacts in System Settings before operational use.
agency,Regional commissioner Mara,,Government,Local Government Authority,Council / LGA,Regional/LGA Governance,RAS,Regional Administrative Secretary (RAS),ras.mara@tamisemi.go.tz,(255) 282622305,Regional commissioner Mara,,Musoma,"Ofisi ya Mkuu wa Mkoa P.O.Box 299, 33383 Musoma, Tanzania",www.mara.go.tz,FINAL_DRR_Stakeholders_DATABASE_01092022 (2).xlsx,LGA,163,Provided DRR stakeholder database / LGA row 163,,Imported from the provided DRR stakeholder database; confirm mandate and contacts in System Settings before operational use.
agency,Musoma Municipal Council,,Government,Local Government Authority,Council / LGA,Regional/LGA Governance,Municipal Director,Municipal Director,info@musomamc.go.tz,(255) 0282622560/ +255755215348 (Mobile),,,Musoma,"P.O BOX 194, 31182 Musoma, Tanzania",https://musomamc.go.tz,FINAL_DRR_Stakeholders_DATABASE_01092022 (2).xlsx,LGA,164,Provided DRR stakeholder database / LGA row 164,,Imported from the provided DRR stakeholder database; confirm mandate and contacts in System Settings before operational use.
agency,Bunda District Council,,Government,Local Government Authority,Council / LGA,Regional/LGA Governance,District Executive Director (DED),District Executive Director (DED),ded@bundadc.go.tz,(255) 0677002976/0783669938 (Mobile),,,Musoma,"P.O BOX 126, 31583 Bunda, Tanzania",https://bundadc.go.tz,FINAL_DRR_Stakeholders_DATABASE_01092022 (2).xlsx,LGA,165,Provided DRR stakeholder database / LGA row 165,,Imported from the provided DRR stakeholder database; confirm mandate and contacts in System Settings before operational use.
agency,Butiama District Council,,Government,Local Government Authority,Council / LGA,Regional/LGA Governance,District Executive Director (DED),District Executive Director (DED),ded@butiamadc.go.tz,(255) 0282623121/ 0769326535/756357458(Mobile),,,Musoma,"P.O.BOX 1207, 31282 BUTIAMA, Tanzania",https://butiamadc.go.tz,FINAL_DRR_Stakeholders_DATABASE_01092022 (2).xlsx,LGA,166,Provided DRR stakeholder database / LGA row 166,,Imported from the provided DRR stakeholder database; confirm mandate and contacts in System Settings before operational use.
agency,Rorya District Council,,Government,Local Government Authority,Council / LGA,Regional/LGA Governance,District Executive Director (DED),District Executive Director (DED),mkurugenzi@roryadc.go.tz,(255) 0282985583,,,Musoma,"P.O BOX 250, 31382 Ingrii Juu - Rorya",https://roryadc.go.tz,FINAL_DRR_Stakeholders_DATABASE_01092022 (2).xlsx,LGA,167,Provided DRR stakeholder database / LGA row 167,,Imported from the provided DRR stakeholder database; confirm mandate and contacts in System Settings before operational use.
agency,Tarime District Council,,Government,Local Government Authority,Council / LGA,Regional/LGA Governance,District Executive Director (DED),District Executive Director (DED),ded@tarimedc.go.tz,(255) 282690518,,,Tarime,"P.O BOX 16, 31483 Tarime, Tanzania",https://tarimedc.go.tz,FINAL_DRR_Stakeholders_DATABASE_01092022 (2).xlsx,LGA,168,Provided DRR stakeholder database / LGA row 168,,Imported from the provided DRR stakeholder database; confirm mandate and contacts in System Settings before operational use.
agency,Tarime Town Council,,Government,Local Government Authority,Council / LGA,Regional/LGA Governance,Town Director,Town Director,utawala@tarimetc.go.tz,(255) 84635368,,,Tarime,"P.O BOX 45, 31482 Tarime, Tanzania",https://tarimetc.go.tz,FINAL_DRR_Stakeholders_DATABASE_01092022 (2).xlsx,LGA,169,Provided DRR stakeholder database / LGA row 169,,Imported from the provided DRR stakeholder database; confirm mandate and contacts in System Settings before operational use.
agency,Serengeti District Council,,Government,Local Government Authority,Council / LGA,Regional/LGA Governance,District Executive Director (DED),District Executive Director (DED),ded@serengetidc.go.tz,(255) 0282985686/0782677763(Mobile),,,Musoma,"P.O BOX 176, 31682 Mugumu Serengeti",https://serengetidc.go.tz,FINAL_DRR_Stakeholders_DATABASE_01092022 (2).xlsx,LGA,170,Provided DRR stakeholder database / LGA row 170,,Imported from the provided DRR stakeholder database; confirm mandate and contacts in System Settings before operational use.
agency,Musoma District Council,,Government,Local Government Authority,Council / LGA,Regional/LGA Governance,District Executive Director (DED),District Executive Director (DED),ded@musomadc.go.tz,(255) 0282622163,,,Musoma,"P.O BOX 344, 31183 Musoma, Tanzania",https://musomadc.go.tz,FINAL_DRR_Stakeholders_DATABASE_01092022 (2).xlsx,LGA,171,Provided DRR stakeholder database / LGA row 171,,Imported from the provided DRR stakeholder database; confirm mandate and contacts in System Settings before operational use.
agency,Bunda Town Council,,Government,Local Government Authority,Council / LGA,Regional/LGA Governance,Town Director,Town Director,info@bundatc.go.tz,(255) 282621773,,,Bunda,"P.O BOX 219, 31582 Bunda, Tanzania",https://bundatc.go.tz,FINAL_DRR_Stakeholders_DATABASE_01092022 (2).xlsx,LGA,172,Provided DRR stakeholder database / LGA row 172,,Imported from the provided DRR stakeholder database; confirm mandate and contacts in System Settings before operational use.
agency,Regional commissioner Manyara,,Government,Local Government Authority,Council / LGA,Regional/LGA Governance,RAS,Regional Administrative Secretary (RAS),ras@manyara.go.tz,(255) 0272510066,Regional commissioner Manyara,,Babati,"Ofisi ya Mkuu wa Mkoa P.O.Box 310, 27180 Babati, Tanzania",www.manyara.go.tz,FINAL_DRR_Stakeholders_DATABASE_01092022 (2).xlsx,LGA,173,Provided DRR stakeholder database / LGA row 173,,Imported from the provided DRR stakeholder database; confirm mandate and contacts in System Settings before operational use.
agency,Babati Town Council,,Government,Local Government Authority,Council / LGA,Regional/LGA Governance,Town Council Director,Town Director,td@babatitc.go.tz,(255) 027-2510095,,,Babati,"Babati-Singida Road, P.O.Box 383, 27182 Babati",https://babatitc.go.tz,FINAL_DRR_Stakeholders_DATABASE_01092022 (2).xlsx,LGA,174,Provided DRR stakeholder database / LGA row 174,,Imported from the provided DRR stakeholder database; confirm mandate and contacts in System Settings before operational use.
agency,Babati District Council,,Government,Local Government Authority,Council / LGA,Regional/LGA Governance,District Excecutive Director (DED),District Excecutive Director (DED),ded@babatidc.go.tz,(255) 027-2531011,,,Babati,"P.O.Box 400, 27183 Babati",https://babatidc.go.tz/,FINAL_DRR_Stakeholders_DATABASE_01092022 (2).xlsx,LGA,175,Provided DRR stakeholder database / LGA row 175,,Imported from the provided DRR stakeholder database; confirm mandate and contacts in System Settings before operational use.
agency,Hanang' District Council,,Government,Local Government Authority,Council / LGA,Regional/LGA Governance,District Excecutive Director (DED),District Excecutive Director (DED),ded@hanangdc.go.tz,"(255) 027-2530022 / 42 , mobile: 0767286866",,,Katesh,"P.O.Box 2, 27382 Katesh, Hanang'",https://hanangdc.go.tz,FINAL_DRR_Stakeholders_DATABASE_01092022 (2).xlsx,LGA,176,Provided DRR stakeholder database / LGA row 176,,Imported from the provided DRR stakeholder database; confirm mandate and contacts in System Settings before operational use.
agency,Mbulu District Council,,Government,Local Government Authority,Council / LGA,Regional/LGA Governance,District Excecutive Director (DED),District Excecutive Director (DED),md@mbuludc.go.tz,(255) 743583078 /716992222,,,Mbulu,"P.O.Box 74, 27483 Mbulu",https://mbuludc.go.tz,FINAL_DRR_Stakeholders_DATABASE_01092022 (2).xlsx,LGA,177,Provided DRR stakeholder database / LGA row 177,,Imported from the provided DRR stakeholder database; confirm mandate and contacts in System Settings before operational use.
agency,Mbulu Town Council,,Government,Local Government Authority,Council / LGA,Regional/LGA Governance,Town Council Director,Town Director,td@mbulutc.go.tz,(255) 272 2533331,,,Mbulu,"P.O.Box 164, 27482 Mbulu",https://mbulutc.go.tz,FINAL_DRR_Stakeholders_DATABASE_01092022 (2).xlsx,LGA,178,Provided DRR stakeholder database / LGA row 178,,Imported from the provided DRR stakeholder database; confirm mandate and contacts in System Settings before operational use.
agency,Kiteto District Council,,Government,Local Government Authority,Council / LGA,Regional/LGA Governance,District Excecutive Director (DED),District Excecutive Director (DED),ded@kitetodc.go.tz,(255) 027-2552099,,,Kibaya-Kiteto,"P.O.Box 98, 27582 Kibaya, Kiteto",https://kitetodc.go.tz,FINAL_DRR_Stakeholders_DATABASE_01092022 (2).xlsx,LGA,179,Provided DRR stakeholder database / LGA row 179,,Imported from the provided DRR stakeholder database; confirm mandate and contacts in System Settings before operational use.
agency,Simanjiro District Council,,Government,Local Government Authority,Council / LGA,Regional/LGA Governance,District Excecutive Director (DED),District Excecutive Director (DED),ded@simanjirodc.go.tz,(255) 027-29707889 /686061600 (mobile),,,Orkesumet Simanjiro,"Bomani street-Orkesumet P.O.Box 9596, 27681 Orkesumet,Simanjiro,Manyara,Tanzania",https://simanjirodc.go.tz,FINAL_DRR_Stakeholders_DATABASE_01092022 (2).xlsx,LGA,180,Provided DRR stakeholder database / LGA row 180,,Imported from the provided DRR stakeholder database; confirm mandate and contacts in System Settings before operational use.
agency,Regional commissioner Njombe,,Government,Local Government Authority,Council / LGA,Regional/LGA Governance,RAS,Regional Administrative Secretary (RAS),ras@njombe.go.tz,(255) 0262782912/13,Regional commissioner Njombe,,Njombe,"Ofisi ya Mkuu wa Mkoa P.O.Box 668, 59180 Njombe, Tanzania",www.njombe.go.tz,FINAL_DRR_Stakeholders_DATABASE_01092022 (2).xlsx,LGA,181,Provided DRR stakeholder database / LGA row 181,,Imported from the provided DRR stakeholder database; confirm mandate and contacts in System Settings before operational use.
agency,Njombe Town Council,,Government,Local Government Authority,Council / LGA,Regional/LGA Governance,Town Council Director,Town Director,td@njombetc.go.tz,(255) 0262968833,,,Njombe,"Njombe_Songea Road, Mjimwema street, P.O.Box 577, 59182 Njombe",https://njombetc.go.tz,FINAL_DRR_Stakeholders_DATABASE_01092022 (2).xlsx,LGA,182,Provided DRR stakeholder database / LGA row 182,,Imported from the provided DRR stakeholder database; confirm mandate and contacts in System Settings before operational use.
agency,Njombe District Council,,Government,Local Government Authority,Council / LGA,Regional/LGA Governance,District Excecutive Director (DED),District Excecutive Director (DED),ded@njombedc.go.tz,(255) 26 2782111,,,Njombe,"Idundilanga street, Njombe-Songea Road. P.O.Box 547, 59283 Njombe",https://njombedc.go.tz,FINAL_DRR_Stakeholders_DATABASE_01092022 (2).xlsx,LGA,183,Provided DRR stakeholder database / LGA row 183,,Imported from the provided DRR stakeholder database; confirm mandate and contacts in System Settings before operational use.
agency,Wanging'ombe District Council,,Government,Local Government Authority,Council / LGA,Regional/LGA Governance,District Excecutive Director (DED),District Excecutive Director (DED),ded@wangingombedc.go.tz,(255) 262969033,,,Njombe,"Igwachanya Village, P.O.Box 64, 59382 Njombe",https://wangingombedc.go.tz,FINAL_DRR_Stakeholders_DATABASE_01092022 (2).xlsx,LGA,184,Provided DRR stakeholder database / LGA row 184,,Imported from the provided DRR stakeholder database; confirm mandate and contacts in System Settings before operational use.
agency,Makete District Council,,Government,Local Government Authority,Council / LGA,Regional/LGA Governance,District Excecutive Director (DED),District Excecutive Director (DED),ded@maketedc.go.tz,(255) 262 740016,,,Makete,"P.O.BOX. 6, 59582 Makete, Njombe",https://maketedc.go.tz,FINAL_DRR_Stakeholders_DATABASE_01092022 (2).xlsx,LGA,185,Provided DRR stakeholder database / LGA row 185,,Imported from the provided DRR stakeholder database; confirm mandate and contacts in System Settings before operational use.
agency,Ludewa District Council,,Government,Local Government Authority,Council / LGA,Regional/LGA Governance,District Excecutive Director (DED),District Excecutive Director (DED),ded@ludewadc.go.tz,(255) 026-2790120,,,Ludewa,"P.O.Box 19, 59482 Ludewa, Njombe",https://ludewadc.go.tz,FINAL_DRR_Stakeholders_DATABASE_01092022 (2).xlsx,LGA,186,Provided DRR stakeholder database / LGA row 186,,Imported from the provided DRR stakeholder database; confirm mandate and contacts in System Settings before operational use.
agency,Makambako Town Council,,Government,Local Government Authority,Council / LGA,Regional/LGA Governance,Town Council Director,Town Director,td@makambakotc.go.tz,(255) 026-2730044,,,Makambako,"P.O.Box 405, 59286 Makambako",https://makambakotc.go.tz,FINAL_DRR_Stakeholders_DATABASE_01092022 (2).xlsx,LGA,187,Provided DRR stakeholder database / LGA row 187,,Imported from the provided DRR stakeholder database; confirm mandate and contacts in System Settings before operational use.
agency,Regional commissioner Katavi,,Government,Local Government Authority,Council / LGA,Regional/LGA Governance,RAS,Regional Administrative Secretary (RAS),ras.katavi@tamisemi.go.tz,(255) 025-2957108,Regional commissioner Katavi,,Mpanda,"Ofisi ya Mkuu wa Mkoa P.O.Box 235, 50180 Mpanda_Katavi, Mkoani Area, Tanzania",www.katavi.go.tz,FINAL_DRR_Stakeholders_DATABASE_01092022 (2).xlsx,LGA,188,Provided DRR stakeholder database / LGA row 188,,Imported from the provided DRR stakeholder database; confirm mandate and contacts in System Settings before operational use.
agency,Mpanda District Council,,Government,Local Government Authority,Council / LGA,Regional/LGA Governance,District Executive Director(DED),District Executive Director(DED),ded@tanganyikadc.go.tz,(255) 252955264,,,Mpanda,"Tongwe-Majalila, P.O.Box 1,50282 Katavi, Tanganyika",https://www.mpandadc.go.tz,FINAL_DRR_Stakeholders_DATABASE_01092022 (2).xlsx,LGA,189,Provided DRR stakeholder database / LGA row 189,,Imported from the provided DRR stakeholder database; confirm mandate and contacts in System Settings before operational use.
agency,Mpimbwe District Council,,Government,Local Government Authority,Council / LGA,Regional/LGA Governance,District Executive Director(DED),District Executive Director(DED),ded@mpimbwedc.go.tz,(255) 0625732265 / 0625732265 (mobile),,,Usevya,"P.O.Box 245, 50383 Usevya, Mpimbwe",https://mpimbwedc.go.tz,FINAL_DRR_Stakeholders_DATABASE_01092022 (2).xlsx,LGA,190,Provided DRR stakeholder database / LGA row 190,,Imported from the provided DRR stakeholder database; confirm mandate and contacts in System Settings before operational use.
agency,Mpanda Municipal Council,,Government,Local Government Authority,Council / LGA,Regional/LGA Governance,Municipal Director,Municipal Director,md@mpandamc.go.tz,(255) 2529529/,,,Mpanda,"Ilembo, Kasimba Area. P.O.Box 216, 50182 Mpanda",https://mpandamc.go.tz,FINAL_DRR_Stakeholders_DATABASE_01092022 (2).xlsx,LGA,191,Provided DRR stakeholder database / LGA row 191,,Imported from the provided DRR stakeholder database; confirm mandate and contacts in System Settings before operational use.
agency,Nsimbo District Council,,Government,Local Government Authority,Council / LGA,Regional/LGA Governance,District Executive Director(DED),District Executive Director(DED),ded@nsimbodc.go.tz,(255) 025 295 5164,,,Mpanda,"P.O.Box 688, 50183 Mpanda",https://nsimbodc.go.tz,FINAL_DRR_Stakeholders_DATABASE_01092022 (2).xlsx,LGA,192,Provided DRR stakeholder database / LGA row 192,,Imported from the provided DRR stakeholder database; confirm mandate and contacts in System Settings before operational use.
agency,Mlele Distrct Council,,Government,Local Government Authority,Council / LGA,Regional/LGA Governance,District Executive Director(DED),District Executive Director(DED),ded@mleledc.go.tz,(255) 25295197,,,Mpanda,"P.O.Box 686, 50382 Mpanda",https://mleledc.go.tz,FINAL_DRR_Stakeholders_DATABASE_01092022 (2).xlsx,LGA,193,Provided DRR stakeholder database / LGA row 193,,Imported from the provided DRR stakeholder database; confirm mandate and contacts in System Settings before operational use.
agency,Regional commissioner Simiyu,,Government,Local Government Authority,Council / LGA,Regional/LGA Governance,RAS,Regional Administrative Secretary (RAS),ras@simiyu.go.tz,(255) 028-2700011/2700054,Regional commissioner Simiyu,,Bariadi,"Ofisi ya Mkuu wa Mkoa P.O.Box 4, 39180 Bariadi-Somanda, Tanzania",www.simiyu.go.tz,FINAL_DRR_Stakeholders_DATABASE_01092022 (2).xlsx,LGA,194,Provided DRR stakeholder database / LGA row 194,,Imported from the provided DRR stakeholder database; confirm mandate and contacts in System Settings before operational use.
agency,Bariadi District Council,,Government,Local Government Authority,Council / LGA,Regional/LGA Governance,District Executive Director (DED),District Executive Director (DED),info@bariadidc.go.tz,(255) 028 2700012/+255718794311(Mobile),,,Bariadi,"P.O BOX 109, 39183 Bariadi, Simiyu",https://bariadidc.go.tz,FINAL_DRR_Stakeholders_DATABASE_01092022 (2).xlsx,LGA,195,Provided DRR stakeholder database / LGA row 195,,Imported from the provided DRR stakeholder database; confirm mandate and contacts in System Settings before operational use.
agency,Bariadi Town Council,,Government,Local Government Authority,Council / LGA,Regional/LGA Governance,Town Director,Town Director,info@bariaditc.go.tz,(255) (28) 2700554/0767 232 895 (Mobile),,,Bariadi,"P.O BOX 526, 39182 Bariadi, Tanzania",https://bariaditc.go.tz,FINAL_DRR_Stakeholders_DATABASE_01092022 (2).xlsx,LGA,196,Provided DRR stakeholder database / LGA row 196,,Imported from the provided DRR stakeholder database; confirm mandate and contacts in System Settings before operational use.
agency,Busega District Council,,Government,Local Government Authority,Council / LGA,Regional/LGA Governance,District Executive Director (DED),District Executive Director (DED),info@busegadc.go.tz,(255) 282981193,,,Simiyu,"P.O BOX 157, 39582 Busega, Tanzania",https://busegadc.go.tz,FINAL_DRR_Stakeholders_DATABASE_01092022 (2).xlsx,LGA,197,Provided DRR stakeholder database / LGA row 197,,Imported from the provided DRR stakeholder database; confirm mandate and contacts in System Settings before operational use.
agency,Itilima District Council,,Government,Local Government Authority,Council / LGA,Regional/LGA Governance,District Executive Director (DED),District Executive Director (DED),nfo@itilimadc.go.tz,(255) 282986329/ 0282986328(Mobile),,,Simiyu,"P.O BOX 308, 39282 Itilima, Bariadi",https://itilimadc.go.tz,FINAL_DRR_Stakeholders_DATABASE_01092022 (2).xlsx,LGA,198,Provided DRR stakeholder database / LGA row 198,,Imported from the provided DRR stakeholder database; confirm mandate and contacts in System Settings before operational use.
agency,Maswa District Council,,Government,Local Government Authority,Council / LGA,Regional/LGA Governance,District Executive Director (DED),District Executive Director (DED),ded@maswadc.go.tz,(255) 282750271,,,Simiyu,"P.O BOX 170, 39382 Maswa, Tanzania",https://maswadc.go.tz,FINAL_DRR_Stakeholders_DATABASE_01092022 (2).xlsx,LGA,199,Provided DRR stakeholder database / LGA row 199,,Imported from the provided DRR stakeholder database; confirm mandate and contacts in System Settings before operational use.
agency,Meatu District Council,,Government,Local Government Authority,Council / LGA,Regional/LGA Governance,District Executive Director (DED),District Executive Director (DED),ded@meatudc.go.tz,(255)028 2795 008 / 0622404712(Mobile),,,Simiyu,"P.O BOX 44, 39482 Meatu, Simiyu, Tanzania",https://meatudc.go.tz,FINAL_DRR_Stakeholders_DATABASE_01092022 (2).xlsx,LGA,200,Provided DRR stakeholder database / LGA row 200,,Imported from the provided DRR stakeholder database; confirm mandate and contacts in System Settings before operational use.
agency,Regional commissioner Geita,,Government,Local Government Authority,Council / LGA,Regional/LGA Governance,RAS,Regional Administrative Secretary (RAS),ras.geita@tamisemi.go.tz,(255) 028 2520035/028 2520035 (mobile),Regional commissioner Geita,,Geita,"Ofisi ya Mkuu wa Mkoa P.O.Box 315, 30180 Geita, Tanzania",www.geita.go.tz,FINAL_DRR_Stakeholders_DATABASE_01092022 (2).xlsx,LGA,201,Provided DRR stakeholder database / LGA row 201,,Imported from the provided DRR stakeholder database; confirm mandate and contacts in System Settings before operational use.
agency,Geita District Council,,Government,Local Government Authority,Council / LGA,Regional/LGA Governance,District Executive Director (DED),District Executive Director (DED),info@geitadc.go.tz,(255) 282520061,,,Geita,"P.O BOX 139, 30183 Geita, Tanzania",https://geitadc.go.tz,FINAL_DRR_Stakeholders_DATABASE_01092022 (2).xlsx,LGA,202,Provided DRR stakeholder database / LGA row 202,,Imported from the provided DRR stakeholder database; confirm mandate and contacts in System Settings before operational use.
agency,Bukombe District Council,,Government,Local Government Authority,Council / LGA,Regional/LGA Governance,District Executive Director (DED),District Executive Director (DED),ded@bukombedc.go.tz,(255) 028 2520704/ +255 (0) 622 295619(Mobile),,,Geita,"P.O BOX 02, 30582 Bukombe, Tanzania",https://bukombedc.go.tz,FINAL_DRR_Stakeholders_DATABASE_01092022 (2).xlsx,LGA,203,Provided DRR stakeholder database / LGA row 203,,Imported from the provided DRR stakeholder database; confirm mandate and contacts in System Settings before operational use.
agency,Chato District Council,,Government,Local Government Authority,Council / LGA,Regional/LGA Governance,District Executive Director (DED),District Executive Director (DED),ded@chatodc.go.tz,(255) 282228007,,,Geita,"P.O BOX 116, 30382 Chato, Tanzania",https://chatodc.go.tz,FINAL_DRR_Stakeholders_DATABASE_01092022 (2).xlsx,LGA,204,Provided DRR stakeholder database / LGA row 204,,Imported from the provided DRR stakeholder database; confirm mandate and contacts in System Settings before operational use.
agency,Geita Town Council,,Government,Local Government Authority,Council / LGA,Regional/LGA Governance,Town Director,Town Director,td@geitatc.go.tz,(255) 0282520437,,,Geita,"P.O BOX 384, 30182 Geita, Tanzania",https://geitatc.go.tz,FINAL_DRR_Stakeholders_DATABASE_01092022 (2).xlsx,LGA,205,Provided DRR stakeholder database / LGA row 205,,Imported from the provided DRR stakeholder database; confirm mandate and contacts in System Settings before operational use.
agency,Mbogwe District Council,,Government,Local Government Authority,Council / LGA,Regional/LGA Governance,District Executive Director (DED),District Executive Director (DED),ded@mbogwedc.go.tz,(255) 734412592,,,Geita,"P.O BOX 1, 30482 Masumbwe, Mbogwe",https://mbogwedc.go.tz,FINAL_DRR_Stakeholders_DATABASE_01092022 (2).xlsx,LGA,206,Provided DRR stakeholder database / LGA row 206,,Imported from the provided DRR stakeholder database; confirm mandate and contacts in System Settings before operational use.
agency,Nyang'hwale District Council,,Government,Local Government Authority,Council / LGA,Regional/LGA Governance,District Executive Director (DED),District Executive Director (DED),ded@nyanghwaledc.go.tz,(255) 28252061,,,Geita,"P.O BOX 352, 30282 Nyang'hwale, Geita",https://nyanghwaledc.go.tz,FINAL_DRR_Stakeholders_DATABASE_01092022 (2).xlsx,LGA,207,Provided DRR stakeholder database / LGA row 207,,Imported from the provided DRR stakeholder database; confirm mandate and contacts in System Settings before operational use.
agency,Regional commissioner Songwe,,Government,Local Government Authority,Council / LGA,Regional/LGA Governance,RAS,Regional Administrative Secretary (RAS),ras.songwe@tamisemi.go.tz,(255) 025 2580305 / 025 2580305 (mobile),Regional commissioner Songwe,,Mbozi,"Ofisi ya Mkuu wa Mkoa P.O.Box 23, 54281 Boma Road, Vwawa, Mbozi",www.songwe.go.tz,FINAL_DRR_Stakeholders_DATABASE_01092022 (2).xlsx,LGA,208,Provided DRR stakeholder database / LGA row 208,,Imported from the provided DRR stakeholder database; confirm mandate and contacts in System Settings before operational use.
agency,Mbozi District Council,,Government,Local Government Authority,Council / LGA,Regional/LGA Governance,District Executive Director (DED),District Executive Director (DED),ded@mbozidc.go.tz,(255) 0252580272,,,Songwe,"P.O BOX 3, 54282 Mbozi, Songwe",https://mbozidc.go.tz,FINAL_DRR_Stakeholders_DATABASE_01092022 (2).xlsx,LGA,209,Provided DRR stakeholder database / LGA row 209,,Imported from the provided DRR stakeholder database; confirm mandate and contacts in System Settings before operational use.
agency,Songwe District Council,,Government,Local Government Authority,Council / LGA,Regional/LGA Governance,District Executive Director (DED),District Executive Director (DED),ded@songwedc.go.tz,255 (025) 2520301,,,Songwe,"P.O BOX 77, 54182 Mkwajuni Songwe",https://songwedc.go.tz,FINAL_DRR_Stakeholders_DATABASE_01092022 (2).xlsx,LGA,210,Provided DRR stakeholder database / LGA row 210,,Imported from the provided DRR stakeholder database; confirm mandate and contacts in System Settings before operational use.
agency,Momba District Council,,Government,Local Government Authority,Council / LGA,Regional/LGA Governance,District Executive Director (DED),District Executive Director (DED),ded@mombadc.go.tz,(255) 0252957476,,,Songwe,"P.O BOX 273, 54483 Tunduma Momba",https://mombadc.go.tz,FINAL_DRR_Stakeholders_DATABASE_01092022 (2).xlsx,LGA,211,Provided DRR stakeholder database / LGA row 211,,Imported from the provided DRR stakeholder database; confirm mandate and contacts in System Settings before operational use.
agency,Ileje District Council,,Government,Local Government Authority,Council / LGA,Regional/LGA Governance,District Executive Director (DED),District Executive Director (DED),ded@ilejedc.go.tz,(255) 25-2570056/+255768932150 (Mobile),,,Songwe,"P.O BOX 2, 54382 Ileje, Songwe",https://ilejedc.go.tz/,FINAL_DRR_Stakeholders_DATABASE_01092022 (2).xlsx,LGA,212,Provided DRR stakeholder database / LGA row 212,,Imported from the provided DRR stakeholder database; confirm mandate and contacts in System Settings before operational use.
stakeholder,World Health Organization (WHO),WHO,International,UN Agency,International / multilateral,Health,Dr. Faraja Msemo,DRM,afwcotz@who.int,(+255)222116412/2111718,,,Dar es salaam,"P. O Box 9292, 11101 Dar es salaam",www.afro.who.int,FINAL_DRR_Stakeholders_DATABASE_01092022 (2).xlsx,UN and Bilateral Agencies,2,Provided DRR stakeholder database / UN and Bilateral Agencies row 2,,Imported from the provided DRR stakeholder database; confirm mandate and contacts in System Settings before operational use.
stakeholder,Food and Agriculture Organization (FAO),FAO,International,UN Agency,International / multilateral,Agriculture/Food Security,Country Representative,Country Representative,"FAO-TZ@fao.org, Geofrey.Bakanga@fao.org",(+255)222664559,,,Dar es salaam,"House H. SIDA, Ali Hassan Mwinyi Road, Ada Estate. P. O Box 2, 14110 Dar es salaam",https://www.fao.org,FINAL_DRR_Stakeholders_DATABASE_01092022 (2).xlsx,UN and Bilateral Agencies,3,Provided DRR stakeholder database / UN and Bilateral Agencies row 3,,Imported from the provided DRR stakeholder database; confirm mandate and contacts in System Settings before operational use.
stakeholder,United Nations International Children's Emergency Fund (UNICEF),UNICEF,International,UN Agency,International / multilateral,Social Protection/Special Groups,Shalini Bahuguna,Resident Representative,daressalaam@unicef.org,(+255)222196600,,,Dar es salaam,"Plot No. 133, Karume Road, P.O. Box 4076, 12101 Dar es Salaam",https://www.unicef.org,FINAL_DRR_Stakeholders_DATABASE_01092022 (2).xlsx,UN and Bilateral Agencies,4,Provided DRR stakeholder database / UN and Bilateral Agencies row 4,,Imported from the provided DRR stakeholder database; confirm mandate and contacts in System Settings before operational use.
stakeholder,United Nations Development Programme (UNDP),UNDP,International,UN Agency,International / multilateral,UN/Development,Ms. Christine Musisi,Resident Representative,registry@undp.org,(+255)222195000/4,,,Dar es salaam,"182 Mzinga way, Off Msasani Road Osterbay P.O Box 9182, 12126 Dar-Es-Salaam, Tanzania",https://www.tz.undp.org,FINAL_DRR_Stakeholders_DATABASE_01092022 (2).xlsx,UN and Bilateral Agencies,5,Provided DRR stakeholder database / UN and Bilateral Agencies row 5,,Imported from the provided DRR stakeholder database; confirm mandate and contacts in System Settings before operational use.
stakeholder,"United Nations Educational, Scientific and Cultural Organization (UNESCO)",UNESCO,International,UN Agency,International / multilateral,Education/Research,Tirso Dos Santos,Country Representative,daressalaam@unesco.org / t.dos-santos@unesco.org,(+255)222126 598 / (+255)762377307,,,Dar es salaam,"59 Mtwara Crescent, Oysterbay P.O. Box 20384, 14111 Dar-es-Salaam, Tanzania",https://www.en.unesco.org,FINAL_DRR_Stakeholders_DATABASE_01092022 (2).xlsx,UN and Bilateral Agencies,7,Provided DRR stakeholder database / UN and Bilateral Agencies row 7,,Imported from the provided DRR stakeholder database; confirm mandate and contacts in System Settings before operational use.
stakeholder,World Food Programme (WFP),WFP,International,UN Agency,International / multilateral,Agriculture/Food Security,Ms. Sarah Gordon-Gibson,,WFP. Dar es salaam@wfp.org,(+255)222197300,,,Dar es salaam,"Plot No. 113, Ada Estates, Burundi Street/Mwindu Lane, Kinondoni. PO Box 77778, 14110 Dar Es Salaam",https://www.wfp.org,FINAL_DRR_Stakeholders_DATABASE_01092022 (2).xlsx,UN and Bilateral Agencies,9,Provided DRR stakeholder database / UN and Bilateral Agencies row 9,,Imported from the provided DRR stakeholder database; confirm mandate and contacts in System Settings before operational use.
stakeholder,US Agency for International Development (USAID),USAID,International,Development Partner,International / multilateral,UN/Development,Andrew Karas,Mission Director Dar es salaam,open@usaid.gov,(+255)222294490,,,Dar es salaam,"686 Old Bagamoyo Road, Msasani , P. O Box 9130, 14111 Dar es salaam, Tanzania",https://www.usaid.gov,FINAL_DRR_Stakeholders_DATABASE_01092022 (2).xlsx,UN and Bilateral Agencies,10,Provided DRR stakeholder database / UN and Bilateral Agencies row 10,,Imported from the provided DRR stakeholder database; confirm mandate and contacts in System Settings before operational use.
stakeholder,United Nations High Commission for Refugees (UNHCR),UNHCR,International,UN Agency,International / multilateral,UN/Development,,Resident Coordinator,canhandula@unhcr.org,255(0)222199200/209 /+255(0)222602708,,,Dar es salaam,"UN House, 182 Mzinga Way, Off Msasani Road, Oysterbay, P. O. Box 9182, 12126 Dar es Salaam, Tanzania",https://www.unhcr.org,FINAL_DRR_Stakeholders_DATABASE_01092022 (2).xlsx,UN and Bilateral Agencies,12,Provided DRR stakeholder database / UN and Bilateral Agencies row 12,,Imported from the provided DRR stakeholder database; confirm mandate and contacts in System Settings before operational use.
stakeholder,United Nations Population Fund (UNFPA),UNFPA,International,UN Agency,International / multilateral,UN/Development,,,tanzania.info@unfpa.org / bwana@unfpa.org,(+255))222163500,,,Dar es salaam,"1131c Msasani Road, Masaki, P. O Box 9182, 14111 Dar es salaam, Tanzania",https://tanzania.unfpa.org / https://www.unfpa.org,FINAL_DRR_Stakeholders_DATABASE_01092022 (2).xlsx,UN and Bilateral Agencies,14,Provided DRR stakeholder database / UN and Bilateral Agencies row 14,,Imported from the provided DRR stakeholder database; confirm mandate and contacts in System Settings before operational use.
stakeholder,Tanzania Development Information Organization Tanzania (TADIO),TADIO,NGO,NGO,Civil society / humanitarian,Communication/Media,,,info@tadio.co.tz / tadio.netcom@gmail.com,(+255)738725485,,,Dar es salaam,"P. O Box 105782, 14110 Dar es salaam, Tanzania",https://mtc.or.tz,FINAL_DRR_Stakeholders_DATABASE_01092022 (2).xlsx,Media,3,Provided DRR stakeholder database / Media row 3,,Imported from the provided DRR stakeholder database; confirm mandate and contacts in System Settings before operational use.
stakeholder,Tanzania Editor's Forum,,NGO,NGO,Civil society / humanitarian,Communication/Media,Deogratius Balile,Chairman,,"(+255)0715369090/0784404827 (Balile), 0786842993 (Bakari Machumu, Vice Chairman)",,,Dar es salaam,"Zanaki Street Plot No. 2285/7 P. O Box 10160, 16103 Dar es Salaam, Tanzania",,FINAL_DRR_Stakeholders_DATABASE_01092022 (2).xlsx,Media,4,Provided DRR stakeholder database / Media row 4,,Imported from the provided DRR stakeholder database; confirm mandate and contacts in System Settings before operational use.
